{
	"credit": "Made with Blockbench",
	"texture_size": [32, 32],
	"textures": {
		"0": "item/bow_1",
		"particle": "item/bow_1"
	},
	"elements": [
		{
			"name": "bow_1_0",
			"from": [7.5, 19, -6],
			"to": [8, 19.5, -5.5],
			"rotation": {"angle": 45, "axis": "x", "origin": [0, 0, 0]},
			"faces": {
				"north": {"uv": [11, 4, 11.5, 4.5], "rotation": 270, "texture": "#0"},
				"east": {"uv": [11.5, 4, 11, 4.5], "rotation": 90, "texture": "#0"},
				"south": {"uv": [11, 4, 11.5, 4.5], "rotation": 270, "texture": "#0"},
				"west": {"uv": [11, 4, 11.5, 4.5], "rotation": 270, "texture": "#0"},
				"up": {"uv": [11, 4, 11.5, 4.5], "texture": "#0"},
				"down": {"uv": [11, 4, 11.5, 4.5], "rotation": 180, "texture": "#0"}
			}
		},
		{
			"name": "bow_1_1",
			"from": [7.5, 19.5, -6],
			"to": [8, 20, -5.5],
			"rotation": {"angle": 45, "axis": "x", "origin": [0, 0, 0]},
			"faces": {
				"north": {"uv": [11.5, 4, 12, 4.5], "rotation": 270, "texture": "#0"},
				"east": {"uv": [12, 4, 11.5, 4.5], "rotation": 90, "texture": "#0"},
				"south": {"uv": [11.5, 4, 12, 4.5], "rotation": 270, "texture": "#0"},
				"west": {"uv": [11.5, 4, 12, 4.5], "rotation": 270, "texture": "#0"},
				"up": {"uv": [11.5, 4, 12, 4.5], "texture": "#0"},
				"down": {"uv": [11.5, 4, 12, 4.5], "rotation": 180, "texture": "#0"}
			}
		},
		{
			"name": "bow_1_2",
			"from": [7.5, 15.5, -5.5],
			"to": [8, 16, -5],
			"rotation": {"angle": 45, "axis": "x", "origin": [0, 0, 0]},
			"faces": {
				"north": {"uv": [7.5, 4.5, 8, 5], "rotation": 270, "texture": "#0"},
				"east": {"uv": [8, 4.5, 7.5, 5], "rotation": 90, "texture": "#0"},
				"south": {"uv": [7.5, 4.5, 8, 5], "rotation": 270, "texture": "#0"},
				"west": {"uv": [7.5, 4.5, 8, 5], "rotation": 270, "texture": "#0"},
				"up": {"uv": [7.5, 4.5, 8, 5], "texture": "#0"},
				"down": {"uv": [7.5, 4.5, 8, 5], "rotation": 180, "texture": "#0"}
			}
		},
		{
			"name": "bow_1_3",
			"from": [7.5, 16, -5.5],
			"to": [8, 16.5, -5],
			"rotation": {"angle": 45, "axis": "x", "origin": [0, 0, 0]},
			"faces": {
				"north": {"uv": [8, 4.5, 8.5, 5], "rotation": 270, "texture": "#0"},
				"east": {"uv": [8.5, 4.5, 8, 5], "rotation": 90, "texture": "#0"},
				"south": {"uv": [8, 4.5, 8.5, 5], "rotation": 270, "texture": "#0"},
				"west": {"uv": [8, 4.5, 8.5, 5], "rotation": 270, "texture": "#0"},
				"up": {"uv": [8, 4.5, 8.5, 5], "texture": "#0"},
				"down": {"uv": [8, 4.5, 8.5, 5], "rotation": 180, "texture": "#0"}
			}
		},
		{
			"name": "bow_1_4",
			"from": [7.5, 16.5, -5.5],
			"to": [8, 17, -5],
			"rotation": {"angle": 45, "axis": "x", "origin": [0, 0, 0]},
			"faces": {
				"north": {"uv": [8.5, 4.5, 9, 5], "rotation": 270, "texture": "#0"},
				"east": {"uv": [9, 4.5, 8.5, 5], "rotation": 90, "texture": "#0"},
				"south": {"uv": [8.5, 4.5, 9, 5], "rotation": 270, "texture": "#0"},
				"west": {"uv": [8.5, 4.5, 9, 5], "rotation": 270, "texture": "#0"},
				"up": {"uv": [8.5, 4.5, 9, 5], "texture": "#0"},
				"down": {"uv": [8.5, 4.5, 9, 5], "rotation": 180, "texture": "#0"}
			}
		},
		{
			"name": "bow_1_5",
			"from": [7.5, 17, -5.5],
			"to": [8, 17.5, -5],
			"rotation": {"angle": 45, "axis": "x", "origin": [0, 0, 0]},
			"faces": {
				"north": {"uv": [9, 4.5, 9.5, 5], "rotation": 270, "texture": "#0"},
				"east": {"uv": [9.5, 4.5, 9, 5], "rotation": 90, "texture": "#0"},
				"south": {"uv": [9, 4.5, 9.5, 5], "rotation": 270, "texture": "#0"},
				"west": {"uv": [9, 4.5, 9.5, 5], "rotation": 270, "texture": "#0"},
				"up": {"uv": [9, 4.5, 9.5, 5], "texture": "#0"},
				"down": {"uv": [9, 4.5, 9.5, 5], "rotation": 180, "texture": "#0"}
			}
		},
		{
			"name": "bow_1_6",
			"from": [7.5, 17.5, -5.5],
			"to": [8, 18, -5],
			"rotation": {"angle": 45, "axis": "x", "origin": [0, 0, 0]},
			"faces": {
				"north": {"uv": [9.5, 4.5, 10, 5], "rotation": 270, "texture": "#0"},
				"east": {"uv": [10, 4.5, 9.5, 5], "rotation": 90, "texture": "#0"},
				"south": {"uv": [9.5, 4.5, 10, 5], "rotation": 270, "texture": "#0"},
				"west": {"uv": [9.5, 4.5, 10, 5], "rotation": 270, "texture": "#0"},
				"up": {"uv": [9.5, 4.5, 10, 5], "texture": "#0"},
				"down": {"uv": [9.5, 4.5, 10, 5], "rotation": 180, "texture": "#0"}
			}
		},
		{
			"name": "bow_1_7",
			"from": [7.5, 18, -5.5],
			"to": [8, 18.5, -5],
			"rotation": {"angle": 45, "axis": "x", "origin": [0, 0, 0]},
			"faces": {
				"north": {"uv": [10, 4.5, 10.5, 5], "rotation": 270, "texture": "#0"},
				"east": {"uv": [10.5, 4.5, 10, 5], "rotation": 90, "texture": "#0"},
				"south": {"uv": [10, 4.5, 10.5, 5], "rotation": 270, "texture": "#0"},
				"west": {"uv": [10, 4.5, 10.5, 5], "rotation": 270, "texture": "#0"},
				"up": {"uv": [10, 4.5, 10.5, 5], "texture": "#0"},
				"down": {"uv": [10, 4.5, 10.5, 5], "rotation": 180, "texture": "#0"}
			}
		},
		{
			"name": "bow_1_8",
			"from": [7.5, 19.5, -5.5],
			"to": [8, 20, -5],
			"rotation": {"angle": 45, "axis": "x", "origin": [0, 0, 0]},
			"faces": {
				"north": {"uv": [11.5, 4.5, 12, 5], "rotation": 270, "texture": "#0"},
				"east": {"uv": [12, 4.5, 11.5, 5], "rotation": 90, "texture": "#0"},
				"south": {"uv": [11.5, 4.5, 12, 5], "rotation": 270, "texture": "#0"},
				"west": {"uv": [11.5, 4.5, 12, 5], "rotation": 270, "texture": "#0"},
				"up": {"uv": [11.5, 4.5, 12, 5], "texture": "#0"},
				"down": {"uv": [11.5, 4.5, 12, 5], "rotation": 180, "texture": "#0"}
			}
		},
		{
			"name": "bow_1_9",
			"from": [7.5, 14.5, -5],
			"to": [8, 15, -4.5],
			"rotation": {"angle": 45, "axis": "x", "origin": [0, 0, 0]},
			"faces": {
				"north": {"uv": [6.5, 5, 7, 5.5], "rotation": 270, "texture": "#0"},
				"east": {"uv": [7, 5, 6.5, 5.5], "rotation": 90, "texture": "#0"},
				"south": {"uv": [6.5, 5, 7, 5.5], "rotation": 270, "texture": "#0"},
				"west": {"uv": [6.5, 5, 7, 5.5], "rotation": 270, "texture": "#0"},
				"up": {"uv": [6.5, 5, 7, 5.5], "texture": "#0"},
				"down": {"uv": [6.5, 5, 7, 5.5], "rotation": 180, "texture": "#0"}
			}
		},
		{
			"name": "bow_1_10",
			"from": [7.5, 15, -5],
			"to": [8, 15.5, -4.5],
			"rotation": {"angle": 45, "axis": "x", "origin": [0, 0, 0]},
			"faces": {
				"north": {"uv": [7, 5, 7.5, 5.5], "rotation": 270, "texture": "#0"},
				"east": {"uv": [7.5, 5, 7, 5.5], "rotation": 90, "texture": "#0"},
				"south": {"uv": [7, 5, 7.5, 5.5], "rotation": 270, "texture": "#0"},
				"west": {"uv": [7, 5, 7.5, 5.5], "rotation": 270, "texture": "#0"},
				"up": {"uv": [7, 5, 7.5, 5.5], "texture": "#0"},
				"down": {"uv": [7, 5, 7.5, 5.5], "rotation": 180, "texture": "#0"}
			}
		},
		{
			"name": "bow_1_11",
			"from": [7.5, 15.5, -5],
			"to": [8, 16, -4.5],
			"rotation": {"angle": 45, "axis": "x", "origin": [0, 0, 0]},
			"faces": {
				"north": {"uv": [7.5, 5, 8, 5.5], "rotation": 270, "texture": "#0"},
				"east": {"uv": [8, 5, 7.5, 5.5], "rotation": 90, "texture": "#0"},
				"south": {"uv": [7.5, 5, 8, 5.5], "rotation": 270, "texture": "#0"},
				"west": {"uv": [7.5, 5, 8, 5.5], "rotation": 270, "texture": "#0"},
				"up": {"uv": [7.5, 5, 8, 5.5], "texture": "#0"},
				"down": {"uv": [7.5, 5, 8, 5.5], "rotation": 180, "texture": "#0"}
			}
		},
		{
			"name": "bow_1_12",
			"from": [7.5, 16, -5],
			"to": [8, 16.5, -4.5],
			"rotation": {"angle": 45, "axis": "x", "origin": [0, 0, 0]},
			"faces": {
				"north": {"uv": [8, 5, 8.5, 5.5], "rotation": 270, "texture": "#0"},
				"east": {"uv": [8.5, 5, 8, 5.5], "rotation": 90, "texture": "#0"},
				"south": {"uv": [8, 5, 8.5, 5.5], "rotation": 270, "texture": "#0"},
				"west": {"uv": [8, 5, 8.5, 5.5], "rotation": 270, "texture": "#0"},
				"up": {"uv": [8, 5, 8.5, 5.5], "texture": "#0"},
				"down": {"uv": [8, 5, 8.5, 5.5], "rotation": 180, "texture": "#0"}
			}
		},
		{
			"name": "bow_1_13",
			"from": [7.5, 16.5, -5],
			"to": [8, 17, -4.5],
			"rotation": {"angle": 45, "axis": "x", "origin": [0, 0, 0]},
			"faces": {
				"north": {"uv": [8.5, 5, 9, 5.5], "rotation": 270, "texture": "#0"},
				"east": {"uv": [9, 5, 8.5, 5.5], "rotation": 90, "texture": "#0"},
				"south": {"uv": [8.5, 5, 9, 5.5], "rotation": 270, "texture": "#0"},
				"west": {"uv": [8.5, 5, 9, 5.5], "rotation": 270, "texture": "#0"},
				"up": {"uv": [8.5, 5, 9, 5.5], "texture": "#0"},
				"down": {"uv": [8.5, 5, 9, 5.5], "rotation": 180, "texture": "#0"}
			}
		},
		{
			"name": "bow_1_14",
			"from": [7.5, 17, -5],
			"to": [8, 17.5, -4.5],
			"rotation": {"angle": 45, "axis": "x", "origin": [0, 0, 0]},
			"faces": {
				"north": {"uv": [9, 5, 9.5, 5.5], "rotation": 270, "texture": "#0"},
				"east": {"uv": [9.5, 5, 9, 5.5], "rotation": 90, "texture": "#0"},
				"south": {"uv": [9, 5, 9.5, 5.5], "rotation": 270, "texture": "#0"},
				"west": {"uv": [9, 5, 9.5, 5.5], "rotation": 270, "texture": "#0"},
				"up": {"uv": [9, 5, 9.5, 5.5], "texture": "#0"},
				"down": {"uv": [9, 5, 9.5, 5.5], "rotation": 180, "texture": "#0"}
			}
		},
		{
			"name": "bow_1_15",
			"from": [7.5, 17.5, -5],
			"to": [8, 18, -4.5],
			"rotation": {"angle": 45, "axis": "x", "origin": [0, 0, 0]},
			"faces": {
				"north": {"uv": [9.5, 5, 10, 5.5], "rotation": 270, "texture": "#0"},
				"east": {"uv": [10, 5, 9.5, 5.5], "rotation": 90, "texture": "#0"},
				"south": {"uv": [9.5, 5, 10, 5.5], "rotation": 270, "texture": "#0"},
				"west": {"uv": [9.5, 5, 10, 5.5], "rotation": 270, "texture": "#0"},
				"up": {"uv": [9.5, 5, 10, 5.5], "texture": "#0"},
				"down": {"uv": [9.5, 5, 10, 5.5], "rotation": 180, "texture": "#0"}
			}
		},
		{
			"name": "bow_1_16",
			"from": [7.5, 18, -5],
			"to": [8, 18.5, -4.5],
			"rotation": {"angle": 45, "axis": "x", "origin": [0, 0, 0]},
			"faces": {
				"north": {"uv": [10, 5, 10.5, 5.5], "rotation": 270, "texture": "#0"},
				"east": {"uv": [10.5, 5, 10, 5.5], "rotation": 90, "texture": "#0"},
				"south": {"uv": [10, 5, 10.5, 5.5], "rotation": 270, "texture": "#0"},
				"west": {"uv": [10, 5, 10.5, 5.5], "rotation": 270, "texture": "#0"},
				"up": {"uv": [10, 5, 10.5, 5.5], "texture": "#0"},
				"down": {"uv": [10, 5, 10.5, 5.5], "rotation": 180, "texture": "#0"}
			}
		},
		{
			"name": "bow_1_17",
			"from": [7.5, 18.5, -5],
			"to": [8, 19, -4.5],
			"rotation": {"angle": 45, "axis": "x", "origin": [0, 0, 0]},
			"faces": {
				"north": {"uv": [10.5, 5, 11, 5.5], "rotation": 270, "texture": "#0"},
				"east": {"uv": [11, 5, 10.5, 5.5], "rotation": 90, "texture": "#0"},
				"south": {"uv": [10.5, 5, 11, 5.5], "rotation": 270, "texture": "#0"},
				"west": {"uv": [10.5, 5, 11, 5.5], "rotation": 270, "texture": "#0"},
				"up": {"uv": [10.5, 5, 11, 5.5], "texture": "#0"},
				"down": {"uv": [10.5, 5, 11, 5.5], "rotation": 180, "texture": "#0"}
			}
		},
		{
			"name": "bow_1_18",
			"from": [7.5, 19, -5],
			"to": [8, 19.5, -4.5],
			"rotation": {"angle": 45, "axis": "x", "origin": [0, 0, 0]},
			"faces": {
				"north": {"uv": [11, 5, 11.5, 5.5], "rotation": 270, "texture": "#0"},
				"east": {"uv": [11.5, 5, 11, 5.5], "rotation": 90, "texture": "#0"},
				"south": {"uv": [11, 5, 11.5, 5.5], "rotation": 270, "texture": "#0"},
				"west": {"uv": [11, 5, 11.5, 5.5], "rotation": 270, "texture": "#0"},
				"up": {"uv": [11, 5, 11.5, 5.5], "texture": "#0"},
				"down": {"uv": [11, 5, 11.5, 5.5], "rotation": 180, "texture": "#0"}
			}
		},
		{
			"name": "bow_1_19",
			"from": [7.5, 19.5, -5],
			"to": [8, 20, -4.5],
			"rotation": {"angle": 45, "axis": "x", "origin": [0, 0, 0]},
			"faces": {
				"north": {"uv": [11.5, 5, 12, 5.5], "rotation": 270, "texture": "#0"},
				"east": {"uv": [12, 5, 11.5, 5.5], "rotation": 90, "texture": "#0"},
				"south": {"uv": [11.5, 5, 12, 5.5], "rotation": 270, "texture": "#0"},
				"west": {"uv": [11.5, 5, 12, 5.5], "rotation": 270, "texture": "#0"},
				"up": {"uv": [11.5, 5, 12, 5.5], "texture": "#0"},
				"down": {"uv": [11.5, 5, 12, 5.5], "rotation": 180, "texture": "#0"}
			}
		},
		{
			"name": "bow_1_20",
			"from": [7.5, 13.5, -4.5],
			"to": [8, 14, -4],
			"rotation": {"angle": 45, "axis": "x", "origin": [0, 0, 0]},
			"faces": {
				"north": {"uv": [5.5, 5.5, 6, 6], "rotation": 270, "texture": "#0"},
				"east": {"uv": [6, 5.5, 5.5, 6], "rotation": 90, "texture": "#0"},
				"south": {"uv": [5.5, 5.5, 6, 6], "rotation": 270, "texture": "#0"},
				"west": {"uv": [5.5, 5.5, 6, 6], "rotation": 270, "texture": "#0"},
				"up": {"uv": [5.5, 5.5, 6, 6], "texture": "#0"},
				"down": {"uv": [5.5, 5.5, 6, 6], "rotation": 180, "texture": "#0"}
			}
		},
		{
			"name": "bow_1_21",
			"from": [7.5, 14, -4.5],
			"to": [8, 14.5, -4],
			"rotation": {"angle": 45, "axis": "x", "origin": [0, 0, 0]},
			"faces": {
				"north": {"uv": [6, 5.5, 6.5, 6], "rotation": 270, "texture": "#0"},
				"east": {"uv": [6.5, 5.5, 6, 6], "rotation": 90, "texture": "#0"},
				"south": {"uv": [6, 5.5, 6.5, 6], "rotation": 270, "texture": "#0"},
				"west": {"uv": [6, 5.5, 6.5, 6], "rotation": 270, "texture": "#0"},
				"up": {"uv": [6, 5.5, 6.5, 6], "texture": "#0"},
				"down": {"uv": [6, 5.5, 6.5, 6], "rotation": 180, "texture": "#0"}
			}
		},
		{
			"name": "bow_1_22",
			"from": [7.5, 14.5, -4.5],
			"to": [8, 15, -4],
			"rotation": {"angle": 45, "axis": "x", "origin": [0, 0, 0]},
			"faces": {
				"north": {"uv": [6.5, 5.5, 7, 6], "rotation": 270, "texture": "#0"},
				"east": {"uv": [7, 5.5, 6.5, 6], "rotation": 90, "texture": "#0"},
				"south": {"uv": [6.5, 5.5, 7, 6], "rotation": 270, "texture": "#0"},
				"west": {"uv": [6.5, 5.5, 7, 6], "rotation": 270, "texture": "#0"},
				"up": {"uv": [6.5, 5.5, 7, 6], "texture": "#0"},
				"down": {"uv": [6.5, 5.5, 7, 6], "rotation": 180, "texture": "#0"}
			}
		},
		{
			"name": "bow_1_23",
			"from": [7.5, 15, -4.5],
			"to": [8, 15.5, -4],
			"rotation": {"angle": 45, "axis": "x", "origin": [0, 0, 0]},
			"faces": {
				"north": {"uv": [7, 5.5, 7.5, 6], "rotation": 270, "texture": "#0"},
				"east": {"uv": [7.5, 5.5, 7, 6], "rotation": 90, "texture": "#0"},
				"south": {"uv": [7, 5.5, 7.5, 6], "rotation": 270, "texture": "#0"},
				"west": {"uv": [7, 5.5, 7.5, 6], "rotation": 270, "texture": "#0"},
				"up": {"uv": [7, 5.5, 7.5, 6], "texture": "#0"},
				"down": {"uv": [7, 5.5, 7.5, 6], "rotation": 180, "texture": "#0"}
			}
		},
		{
			"name": "bow_1_24",
			"from": [7.5, 15.5, -4.5],
			"to": [8, 16, -4],
			"rotation": {"angle": 45, "axis": "x", "origin": [0, 0, 0]},
			"faces": {
				"north": {"uv": [7.5, 5.5, 8, 6], "rotation": 270, "texture": "#0"},
				"east": {"uv": [8, 5.5, 7.5, 6], "rotation": 90, "texture": "#0"},
				"south": {"uv": [7.5, 5.5, 8, 6], "rotation": 270, "texture": "#0"},
				"west": {"uv": [7.5, 5.5, 8, 6], "rotation": 270, "texture": "#0"},
				"up": {"uv": [7.5, 5.5, 8, 6], "texture": "#0"},
				"down": {"uv": [7.5, 5.5, 8, 6], "rotation": 180, "texture": "#0"}
			}
		},
		{
			"name": "bow_1_25",
			"from": [7.5, 16, -4.5],
			"to": [8, 16.5, -4],
			"rotation": {"angle": 45, "axis": "x", "origin": [0, 0, 0]},
			"faces": {
				"north": {"uv": [8, 5.5, 8.5, 6], "rotation": 270, "texture": "#0"},
				"east": {"uv": [8.5, 5.5, 8, 6], "rotation": 90, "texture": "#0"},
				"south": {"uv": [8, 5.5, 8.5, 6], "rotation": 270, "texture": "#0"},
				"west": {"uv": [8, 5.5, 8.5, 6], "rotation": 270, "texture": "#0"},
				"up": {"uv": [8, 5.5, 8.5, 6], "texture": "#0"},
				"down": {"uv": [8, 5.5, 8.5, 6], "rotation": 180, "texture": "#0"}
			}
		},
		{
			"name": "bow_1_26",
			"from": [7.5, 16.5, -4.5],
			"to": [8, 17, -4],
			"rotation": {"angle": 45, "axis": "x", "origin": [0, 0, 0]},
			"faces": {
				"north": {"uv": [8.5, 5.5, 9, 6], "rotation": 270, "texture": "#0"},
				"east": {"uv": [9, 5.5, 8.5, 6], "rotation": 90, "texture": "#0"},
				"south": {"uv": [8.5, 5.5, 9, 6], "rotation": 270, "texture": "#0"},
				"west": {"uv": [8.5, 5.5, 9, 6], "rotation": 270, "texture": "#0"},
				"up": {"uv": [8.5, 5.5, 9, 6], "texture": "#0"},
				"down": {"uv": [8.5, 5.5, 9, 6], "rotation": 180, "texture": "#0"}
			}
		},
		{
			"name": "bow_1_27",
			"from": [7.5, 18.5, -4.5],
			"to": [8, 19, -4],
			"rotation": {"angle": 45, "axis": "x", "origin": [0, 0, 0]},
			"faces": {
				"north": {"uv": [10.5, 5.5, 11, 6], "rotation": 270, "texture": "#0"},
				"east": {"uv": [11, 5.5, 10.5, 6], "rotation": 90, "texture": "#0"},
				"south": {"uv": [10.5, 5.5, 11, 6], "rotation": 270, "texture": "#0"},
				"west": {"uv": [10.5, 5.5, 11, 6], "rotation": 270, "texture": "#0"},
				"up": {"uv": [10.5, 5.5, 11, 6], "texture": "#0"},
				"down": {"uv": [10.5, 5.5, 11, 6], "rotation": 180, "texture": "#0"}
			}
		},
		{
			"name": "bow_1_28",
			"from": [7.5, 19, -4.5],
			"to": [8, 19.5, -4],
			"rotation": {"angle": 45, "axis": "x", "origin": [0, 0, 0]},
			"faces": {
				"north": {"uv": [11, 5.5, 11.5, 6], "rotation": 270, "texture": "#0"},
				"east": {"uv": [11.5, 5.5, 11, 6], "rotation": 90, "texture": "#0"},
				"south": {"uv": [11, 5.5, 11.5, 6], "rotation": 270, "texture": "#0"},
				"west": {"uv": [11, 5.5, 11.5, 6], "rotation": 270, "texture": "#0"},
				"up": {"uv": [11, 5.5, 11.5, 6], "texture": "#0"},
				"down": {"uv": [11, 5.5, 11.5, 6], "rotation": 180, "texture": "#0"}
			}
		},
		{
			"name": "bow_1_29",
			"from": [7.5, 13, -4],
			"to": [8, 13.5, -3.5],
			"rotation": {"angle": 45, "axis": "x", "origin": [0, 0, 0]},
			"faces": {
				"north": {"uv": [5, 6, 5.5, 6.5], "rotation": 270, "texture": "#0"},
				"east": {"uv": [5.5, 6, 5, 6.5], "rotation": 90, "texture": "#0"},
				"south": {"uv": [5, 6, 5.5, 6.5], "rotation": 270, "texture": "#0"},
				"west": {"uv": [5, 6, 5.5, 6.5], "rotation": 270, "texture": "#0"},
				"up": {"uv": [5, 6, 5.5, 6.5], "texture": "#0"},
				"down": {"uv": [5, 6, 5.5, 6.5], "rotation": 180, "texture": "#0"}
			}
		},
		{
			"name": "bow_1_30",
			"from": [7.5, 13.5, -4],
			"to": [8, 14, -3.5],
			"rotation": {"angle": 45, "axis": "x", "origin": [0, 0, 0]},
			"faces": {
				"north": {"uv": [5.5, 6, 6, 6.5], "rotation": 270, "texture": "#0"},
				"east": {"uv": [6, 6, 5.5, 6.5], "rotation": 90, "texture": "#0"},
				"south": {"uv": [5.5, 6, 6, 6.5], "rotation": 270, "texture": "#0"},
				"west": {"uv": [5.5, 6, 6, 6.5], "rotation": 270, "texture": "#0"},
				"up": {"uv": [5.5, 6, 6, 6.5], "texture": "#0"},
				"down": {"uv": [5.5, 6, 6, 6.5], "rotation": 180, "texture": "#0"}
			}
		},
		{
			"name": "bow_1_31",
			"from": [7.5, 14, -4],
			"to": [8, 14.5, -3.5],
			"rotation": {"angle": 45, "axis": "x", "origin": [0, 0, 0]},
			"faces": {
				"north": {"uv": [6, 6, 6.5, 6.5], "rotation": 270, "texture": "#0"},
				"east": {"uv": [6.5, 6, 6, 6.5], "rotation": 90, "texture": "#0"},
				"south": {"uv": [6, 6, 6.5, 6.5], "rotation": 270, "texture": "#0"},
				"west": {"uv": [6, 6, 6.5, 6.5], "rotation": 270, "texture": "#0"},
				"up": {"uv": [6, 6, 6.5, 6.5], "texture": "#0"},
				"down": {"uv": [6, 6, 6.5, 6.5], "rotation": 180, "texture": "#0"}
			}
		},
		{
			"name": "bow_1_32",
			"from": [7.5, 14.5, -4],
			"to": [8, 15, -3.5],
			"rotation": {"angle": 45, "axis": "x", "origin": [0, 0, 0]},
			"faces": {
				"north": {"uv": [6.5, 6, 7, 6.5], "rotation": 270, "texture": "#0"},
				"east": {"uv": [7, 6, 6.5, 6.5], "rotation": 90, "texture": "#0"},
				"south": {"uv": [6.5, 6, 7, 6.5], "rotation": 270, "texture": "#0"},
				"west": {"uv": [6.5, 6, 7, 6.5], "rotation": 270, "texture": "#0"},
				"up": {"uv": [6.5, 6, 7, 6.5], "texture": "#0"},
				"down": {"uv": [6.5, 6, 7, 6.5], "rotation": 180, "texture": "#0"}
			}
		},
		{
			"name": "bow_1_33",
			"from": [7.5, 15, -4],
			"to": [8, 15.5, -3.5],
			"rotation": {"angle": 45, "axis": "x", "origin": [0, 0, 0]},
			"faces": {
				"north": {"uv": [7, 6, 7.5, 6.5], "rotation": 270, "texture": "#0"},
				"east": {"uv": [7.5, 6, 7, 6.5], "rotation": 90, "texture": "#0"},
				"south": {"uv": [7, 6, 7.5, 6.5], "rotation": 270, "texture": "#0"},
				"west": {"uv": [7, 6, 7.5, 6.5], "rotation": 270, "texture": "#0"},
				"up": {"uv": [7, 6, 7.5, 6.5], "texture": "#0"},
				"down": {"uv": [7, 6, 7.5, 6.5], "rotation": 180, "texture": "#0"}
			}
		},
		{
			"name": "bow_1_34",
			"from": [7.5, 15.5, -4],
			"to": [8, 16, -3.5],
			"rotation": {"angle": 45, "axis": "x", "origin": [0, 0, 0]},
			"faces": {
				"north": {"uv": [7.5, 6, 8, 6.5], "rotation": 270, "texture": "#0"},
				"east": {"uv": [8, 6, 7.5, 6.5], "rotation": 90, "texture": "#0"},
				"south": {"uv": [7.5, 6, 8, 6.5], "rotation": 270, "texture": "#0"},
				"west": {"uv": [7.5, 6, 8, 6.5], "rotation": 270, "texture": "#0"},
				"up": {"uv": [7.5, 6, 8, 6.5], "texture": "#0"},
				"down": {"uv": [7.5, 6, 8, 6.5], "rotation": 180, "texture": "#0"}
			}
		},
		{
			"name": "bow_1_35",
			"from": [7.5, 18, -4],
			"to": [8, 18.5, -3.5],
			"rotation": {"angle": 45, "axis": "x", "origin": [0, 0, 0]},
			"faces": {
				"north": {"uv": [10, 6, 10.5, 6.5], "rotation": 270, "texture": "#0"},
				"east": {"uv": [10.5, 6, 10, 6.5], "rotation": 90, "texture": "#0"},
				"south": {"uv": [10, 6, 10.5, 6.5], "rotation": 270, "texture": "#0"},
				"west": {"uv": [10, 6, 10.5, 6.5], "rotation": 270, "texture": "#0"},
				"up": {"uv": [10, 6, 10.5, 6.5], "texture": "#0"},
				"down": {"uv": [10, 6, 10.5, 6.5], "rotation": 180, "texture": "#0"}
			}
		},
		{
			"name": "bow_1_36",
			"from": [7.5, 18.5, -4],
			"to": [8, 19, -3.5],
			"rotation": {"angle": 45, "axis": "x", "origin": [0, 0, 0]},
			"faces": {
				"north": {"uv": [10.5, 6, 11, 6.5], "rotation": 270, "texture": "#0"},
				"east": {"uv": [11, 6, 10.5, 6.5], "rotation": 90, "texture": "#0"},
				"south": {"uv": [10.5, 6, 11, 6.5], "rotation": 270, "texture": "#0"},
				"west": {"uv": [10.5, 6, 11, 6.5], "rotation": 270, "texture": "#0"},
				"up": {"uv": [10.5, 6, 11, 6.5], "texture": "#0"},
				"down": {"uv": [10.5, 6, 11, 6.5], "rotation": 180, "texture": "#0"}
			}
		},
		{
			"name": "bow_1_37",
			"from": [7.5, 12.5, -3.5],
			"to": [8, 13, -3],
			"rotation": {"angle": 45, "axis": "x", "origin": [0, 0, 0]},
			"faces": {
				"north": {"uv": [4.5, 6.5, 5, 7], "rotation": 270, "texture": "#0"},
				"east": {"uv": [5, 6.5, 4.5, 7], "rotation": 90, "texture": "#0"},
				"south": {"uv": [4.5, 6.5, 5, 7], "rotation": 270, "texture": "#0"},
				"west": {"uv": [4.5, 6.5, 5, 7], "rotation": 270, "texture": "#0"},
				"up": {"uv": [4.5, 6.5, 5, 7], "texture": "#0"},
				"down": {"uv": [4.5, 6.5, 5, 7], "rotation": 180, "texture": "#0"}
			}
		},
		{
			"name": "bow_1_38",
			"from": [7.5, 13, -3.5],
			"to": [8, 13.5, -3],
			"rotation": {"angle": 45, "axis": "x", "origin": [0, 0, 0]},
			"faces": {
				"north": {"uv": [5, 6.5, 5.5, 7], "rotation": 270, "texture": "#0"},
				"east": {"uv": [5.5, 6.5, 5, 7], "rotation": 90, "texture": "#0"},
				"south": {"uv": [5, 6.5, 5.5, 7], "rotation": 270, "texture": "#0"},
				"west": {"uv": [5, 6.5, 5.5, 7], "rotation": 270, "texture": "#0"},
				"up": {"uv": [5, 6.5, 5.5, 7], "texture": "#0"},
				"down": {"uv": [5, 6.5, 5.5, 7], "rotation": 180, "texture": "#0"}
			}
		},
		{
			"name": "bow_1_39",
			"from": [7.5, 13.5, -3.5],
			"to": [8, 14, -3],
			"rotation": {"angle": 45, "axis": "x", "origin": [0, 0, 0]},
			"faces": {
				"north": {"uv": [5.5, 6.5, 6, 7], "rotation": 270, "texture": "#0"},
				"east": {"uv": [6, 6.5, 5.5, 7], "rotation": 90, "texture": "#0"},
				"south": {"uv": [5.5, 6.5, 6, 7], "rotation": 270, "texture": "#0"},
				"west": {"uv": [5.5, 6.5, 6, 7], "rotation": 270, "texture": "#0"},
				"up": {"uv": [5.5, 6.5, 6, 7], "texture": "#0"},
				"down": {"uv": [5.5, 6.5, 6, 7], "rotation": 180, "texture": "#0"}
			}
		},
		{
			"name": "bow_1_40",
			"from": [7.5, 14, -3.5],
			"to": [8, 14.5, -3],
			"rotation": {"angle": 45, "axis": "x", "origin": [0, 0, 0]},
			"faces": {
				"north": {"uv": [6, 6.5, 6.5, 7], "rotation": 270, "texture": "#0"},
				"east": {"uv": [6.5, 6.5, 6, 7], "rotation": 90, "texture": "#0"},
				"south": {"uv": [6, 6.5, 6.5, 7], "rotation": 270, "texture": "#0"},
				"west": {"uv": [6, 6.5, 6.5, 7], "rotation": 270, "texture": "#0"},
				"up": {"uv": [6, 6.5, 6.5, 7], "texture": "#0"},
				"down": {"uv": [6, 6.5, 6.5, 7], "rotation": 180, "texture": "#0"}
			}
		},
		{
			"name": "bow_1_41",
			"from": [7.5, 17.5, -3.5],
			"to": [8, 18, -3],
			"rotation": {"angle": 45, "axis": "x", "origin": [0, 0, 0]},
			"faces": {
				"north": {"uv": [9.5, 6.5, 10, 7], "rotation": 270, "texture": "#0"},
				"east": {"uv": [10, 6.5, 9.5, 7], "rotation": 90, "texture": "#0"},
				"south": {"uv": [9.5, 6.5, 10, 7], "rotation": 270, "texture": "#0"},
				"west": {"uv": [9.5, 6.5, 10, 7], "rotation": 270, "texture": "#0"},
				"up": {"uv": [9.5, 6.5, 10, 7], "texture": "#0"},
				"down": {"uv": [9.5, 6.5, 10, 7], "rotation": 180, "texture": "#0"}
			}
		},
		{
			"name": "bow_1_42",
			"from": [7.5, 18, -3.5],
			"to": [8, 18.5, -3],
			"rotation": {"angle": 45, "axis": "x", "origin": [0, 0, 0]},
			"faces": {
				"north": {"uv": [10, 6.5, 10.5, 7], "rotation": 270, "texture": "#0"},
				"east": {"uv": [10.5, 6.5, 10, 7], "rotation": 90, "texture": "#0"},
				"south": {"uv": [10, 6.5, 10.5, 7], "rotation": 270, "texture": "#0"},
				"west": {"uv": [10, 6.5, 10.5, 7], "rotation": 270, "texture": "#0"},
				"up": {"uv": [10, 6.5, 10.5, 7], "texture": "#0"},
				"down": {"uv": [10, 6.5, 10.5, 7], "rotation": 180, "texture": "#0"}
			}
		},
		{
			"name": "bow_1_43",
			"from": [7.5, 12, -3],
			"to": [8, 12.5, -2.5],
			"rotation": {"angle": 45, "axis": "x", "origin": [0, 0, 0]},
			"faces": {
				"north": {"uv": [4, 7, 4.5, 7.5], "rotation": 270, "texture": "#0"},
				"east": {"uv": [4.5, 7, 4, 7.5], "rotation": 90, "texture": "#0"},
				"south": {"uv": [4, 7, 4.5, 7.5], "rotation": 270, "texture": "#0"},
				"west": {"uv": [4, 7, 4.5, 7.5], "rotation": 270, "texture": "#0"},
				"up": {"uv": [4, 7, 4.5, 7.5], "texture": "#0"},
				"down": {"uv": [4, 7, 4.5, 7.5], "rotation": 180, "texture": "#0"}
			}
		},
		{
			"name": "bow_1_44",
			"from": [7.5, 12.5, -3],
			"to": [8, 13, -2.5],
			"rotation": {"angle": 45, "axis": "x", "origin": [0, 0, 0]},
			"faces": {
				"north": {"uv": [4.5, 7, 5, 7.5], "rotation": 270, "texture": "#0"},
				"east": {"uv": [5, 7, 4.5, 7.5], "rotation": 90, "texture": "#0"},
				"south": {"uv": [4.5, 7, 5, 7.5], "rotation": 270, "texture": "#0"},
				"west": {"uv": [4.5, 7, 5, 7.5], "rotation": 270, "texture": "#0"},
				"up": {"uv": [4.5, 7, 5, 7.5], "texture": "#0"},
				"down": {"uv": [4.5, 7, 5, 7.5], "rotation": 180, "texture": "#0"}
			}
		},
		{
			"name": "bow_1_45",
			"from": [7.5, 13, -3],
			"to": [8, 13.5, -2.5],
			"rotation": {"angle": 45, "axis": "x", "origin": [0, 0, 0]},
			"faces": {
				"north": {"uv": [5, 7, 5.5, 7.5], "rotation": 270, "texture": "#0"},
				"east": {"uv": [5.5, 7, 5, 7.5], "rotation": 90, "texture": "#0"},
				"south": {"uv": [5, 7, 5.5, 7.5], "rotation": 270, "texture": "#0"},
				"west": {"uv": [5, 7, 5.5, 7.5], "rotation": 270, "texture": "#0"},
				"up": {"uv": [5, 7, 5.5, 7.5], "texture": "#0"},
				"down": {"uv": [5, 7, 5.5, 7.5], "rotation": 180, "texture": "#0"}
			}
		},
		{
			"name": "bow_1_46",
			"from": [7.5, 13.5, -3],
			"to": [8, 14, -2.5],
			"rotation": {"angle": 45, "axis": "x", "origin": [0, 0, 0]},
			"faces": {
				"north": {"uv": [5.5, 7, 6, 7.5], "rotation": 270, "texture": "#0"},
				"east": {"uv": [6, 7, 5.5, 7.5], "rotation": 90, "texture": "#0"},
				"south": {"uv": [5.5, 7, 6, 7.5], "rotation": 270, "texture": "#0"},
				"west": {"uv": [5.5, 7, 6, 7.5], "rotation": 270, "texture": "#0"},
				"up": {"uv": [5.5, 7, 6, 7.5], "texture": "#0"},
				"down": {"uv": [5.5, 7, 6, 7.5], "rotation": 180, "texture": "#0"}
			}
		},
		{
			"name": "bow_1_47",
			"from": [7.5, 17, -3],
			"to": [8, 17.5, -2.5],
			"rotation": {"angle": 45, "axis": "x", "origin": [0, 0, 0]},
			"faces": {
				"north": {"uv": [9, 7, 9.5, 7.5], "rotation": 270, "texture": "#0"},
				"east": {"uv": [9.5, 7, 9, 7.5], "rotation": 90, "texture": "#0"},
				"south": {"uv": [9, 7, 9.5, 7.5], "rotation": 270, "texture": "#0"},
				"west": {"uv": [9, 7, 9.5, 7.5], "rotation": 270, "texture": "#0"},
				"up": {"uv": [9, 7, 9.5, 7.5], "texture": "#0"},
				"down": {"uv": [9, 7, 9.5, 7.5], "rotation": 180, "texture": "#0"}
			}
		},
		{
			"name": "bow_1_48",
			"from": [7.5, 17.5, -3],
			"to": [8, 18, -2.5],
			"rotation": {"angle": 45, "axis": "x", "origin": [0, 0, 0]},
			"faces": {
				"north": {"uv": [9.5, 7, 10, 7.5], "rotation": 270, "texture": "#0"},
				"east": {"uv": [10, 7, 9.5, 7.5], "rotation": 90, "texture": "#0"},
				"south": {"uv": [9.5, 7, 10, 7.5], "rotation": 270, "texture": "#0"},
				"west": {"uv": [9.5, 7, 10, 7.5], "rotation": 270, "texture": "#0"},
				"up": {"uv": [9.5, 7, 10, 7.5], "texture": "#0"},
				"down": {"uv": [9.5, 7, 10, 7.5], "rotation": 180, "texture": "#0"}
			}
		},
		{
			"name": "bow_1_49",
			"from": [7.5, 11.5, -2.5],
			"to": [8, 12, -2],
			"rotation": {"angle": 45, "axis": "x", "origin": [0, 0, 0]},
			"faces": {
				"north": {"uv": [3.5, 7.5, 4, 8], "rotation": 270, "texture": "#0"},
				"east": {"uv": [4, 7.5, 3.5, 8], "rotation": 90, "texture": "#0"},
				"south": {"uv": [3.5, 7.5, 4, 8], "rotation": 270, "texture": "#0"},
				"west": {"uv": [3.5, 7.5, 4, 8], "rotation": 270, "texture": "#0"},
				"up": {"uv": [3.5, 7.5, 4, 8], "texture": "#0"},
				"down": {"uv": [3.5, 7.5, 4, 8], "rotation": 180, "texture": "#0"}
			}
		},
		{
			"name": "bow_1_50",
			"from": [7.5, 12, -2.5],
			"to": [8, 12.5, -2],
			"rotation": {"angle": 45, "axis": "x", "origin": [0, 0, 0]},
			"faces": {
				"north": {"uv": [4, 7.5, 4.5, 8], "rotation": 270, "texture": "#0"},
				"east": {"uv": [4.5, 7.5, 4, 8], "rotation": 90, "texture": "#0"},
				"south": {"uv": [4, 7.5, 4.5, 8], "rotation": 270, "texture": "#0"},
				"west": {"uv": [4, 7.5, 4.5, 8], "rotation": 270, "texture": "#0"},
				"up": {"uv": [4, 7.5, 4.5, 8], "texture": "#0"},
				"down": {"uv": [4, 7.5, 4.5, 8], "rotation": 180, "texture": "#0"}
			}
		},
		{
			"name": "bow_1_51",
			"from": [7.5, 12.5, -2.5],
			"to": [8, 13, -2],
			"rotation": {"angle": 45, "axis": "x", "origin": [0, 0, 0]},
			"faces": {
				"north": {"uv": [4.5, 7.5, 5, 8], "rotation": 270, "texture": "#0"},
				"east": {"uv": [5, 7.5, 4.5, 8], "rotation": 90, "texture": "#0"},
				"south": {"uv": [4.5, 7.5, 5, 8], "rotation": 270, "texture": "#0"},
				"west": {"uv": [4.5, 7.5, 5, 8], "rotation": 270, "texture": "#0"},
				"up": {"uv": [4.5, 7.5, 5, 8], "texture": "#0"},
				"down": {"uv": [4.5, 7.5, 5, 8], "rotation": 180, "texture": "#0"}
			}
		},
		{
			"name": "bow_1_52",
			"from": [7.5, 13, -2.5],
			"to": [8, 13.5, -2],
			"rotation": {"angle": 45, "axis": "x", "origin": [0, 0, 0]},
			"faces": {
				"north": {"uv": [5, 7.5, 5.5, 8], "rotation": 270, "texture": "#0"},
				"east": {"uv": [5.5, 7.5, 5, 8], "rotation": 90, "texture": "#0"},
				"south": {"uv": [5, 7.5, 5.5, 8], "rotation": 270, "texture": "#0"},
				"west": {"uv": [5, 7.5, 5.5, 8], "rotation": 270, "texture": "#0"},
				"up": {"uv": [5, 7.5, 5.5, 8], "texture": "#0"},
				"down": {"uv": [5, 7.5, 5.5, 8], "rotation": 180, "texture": "#0"}
			}
		},
		{
			"name": "bow_1_53",
			"from": [7.5, 16.5, -2.5],
			"to": [8, 17, -2],
			"rotation": {"angle": 45, "axis": "x", "origin": [0, 0, 0]},
			"faces": {
				"north": {"uv": [8.5, 7.5, 9, 8], "rotation": 270, "texture": "#0"},
				"east": {"uv": [9, 7.5, 8.5, 8], "rotation": 90, "texture": "#0"},
				"south": {"uv": [8.5, 7.5, 9, 8], "rotation": 270, "texture": "#0"},
				"west": {"uv": [8.5, 7.5, 9, 8], "rotation": 270, "texture": "#0"},
				"up": {"uv": [8.5, 7.5, 9, 8], "texture": "#0"},
				"down": {"uv": [8.5, 7.5, 9, 8], "rotation": 180, "texture": "#0"}
			}
		},
		{
			"name": "bow_1_54",
			"from": [7.5, 17, -2.5],
			"to": [8, 17.5, -2],
			"rotation": {"angle": 45, "axis": "x", "origin": [0, 0, 0]},
			"faces": {
				"north": {"uv": [9, 7.5, 9.5, 8], "rotation": 270, "texture": "#0"},
				"east": {"uv": [9.5, 7.5, 9, 8], "rotation": 90, "texture": "#0"},
				"south": {"uv": [9, 7.5, 9.5, 8], "rotation": 270, "texture": "#0"},
				"west": {"uv": [9, 7.5, 9.5, 8], "rotation": 270, "texture": "#0"},
				"up": {"uv": [9, 7.5, 9.5, 8], "texture": "#0"},
				"down": {"uv": [9, 7.5, 9.5, 8], "rotation": 180, "texture": "#0"}
			}
		},
		{
			"name": "bow_1_55",
			"from": [7.5, 11, -2],
			"to": [8, 11.5, -1.5],
			"rotation": {"angle": 45, "axis": "x", "origin": [0, 0, 0]},
			"faces": {
				"north": {"uv": [3, 8, 3.5, 8.5], "rotation": 270, "texture": "#0"},
				"east": {"uv": [3.5, 8, 3, 8.5], "rotation": 90, "texture": "#0"},
				"south": {"uv": [3, 8, 3.5, 8.5], "rotation": 270, "texture": "#0"},
				"west": {"uv": [3, 8, 3.5, 8.5], "rotation": 270, "texture": "#0"},
				"up": {"uv": [3, 8, 3.5, 8.5], "texture": "#0"},
				"down": {"uv": [3, 8, 3.5, 8.5], "rotation": 180, "texture": "#0"}
			}
		},
		{
			"name": "bow_1_56",
			"from": [7.5, 11.5, -2],
			"to": [8, 12, -1.5],
			"rotation": {"angle": 45, "axis": "x", "origin": [0, 0, 0]},
			"faces": {
				"north": {"uv": [3.5, 8, 4, 8.5], "rotation": 270, "texture": "#0"},
				"east": {"uv": [4, 8, 3.5, 8.5], "rotation": 90, "texture": "#0"},
				"south": {"uv": [3.5, 8, 4, 8.5], "rotation": 270, "texture": "#0"},
				"west": {"uv": [3.5, 8, 4, 8.5], "rotation": 270, "texture": "#0"},
				"up": {"uv": [3.5, 8, 4, 8.5], "texture": "#0"},
				"down": {"uv": [3.5, 8, 4, 8.5], "rotation": 180, "texture": "#0"}
			}
		},
		{
			"name": "bow_1_57",
			"from": [7.5, 12, -2],
			"to": [8, 12.5, -1.5],
			"rotation": {"angle": 45, "axis": "x", "origin": [0, 0, 0]},
			"faces": {
				"north": {"uv": [4, 8, 4.5, 8.5], "rotation": 270, "texture": "#0"},
				"east": {"uv": [4.5, 8, 4, 8.5], "rotation": 90, "texture": "#0"},
				"south": {"uv": [4, 8, 4.5, 8.5], "rotation": 270, "texture": "#0"},
				"west": {"uv": [4, 8, 4.5, 8.5], "rotation": 270, "texture": "#0"},
				"up": {"uv": [4, 8, 4.5, 8.5], "texture": "#0"},
				"down": {"uv": [4, 8, 4.5, 8.5], "rotation": 180, "texture": "#0"}
			}
		},
		{
			"name": "bow_1_58",
			"from": [7.5, 12.5, -2],
			"to": [8, 13, -1.5],
			"rotation": {"angle": 45, "axis": "x", "origin": [0, 0, 0]},
			"faces": {
				"north": {"uv": [4.5, 8, 5, 8.5], "rotation": 270, "texture": "#0"},
				"east": {"uv": [5, 8, 4.5, 8.5], "rotation": 90, "texture": "#0"},
				"south": {"uv": [4.5, 8, 5, 8.5], "rotation": 270, "texture": "#0"},
				"west": {"uv": [4.5, 8, 5, 8.5], "rotation": 270, "texture": "#0"},
				"up": {"uv": [4.5, 8, 5, 8.5], "texture": "#0"},
				"down": {"uv": [4.5, 8, 5, 8.5], "rotation": 180, "texture": "#0"}
			}
		},
		{
			"name": "bow_1_59",
			"from": [7.5, 16, -2],
			"to": [8, 16.5, -1.5],
			"rotation": {"angle": 45, "axis": "x", "origin": [0, 0, 0]},
			"faces": {
				"north": {"uv": [8, 8, 8.5, 8.5], "rotation": 270, "texture": "#0"},
				"east": {"uv": [8.5, 8, 8, 8.5], "rotation": 90, "texture": "#0"},
				"south": {"uv": [8, 8, 8.5, 8.5], "rotation": 270, "texture": "#0"},
				"west": {"uv": [8, 8, 8.5, 8.5], "rotation": 270, "texture": "#0"},
				"up": {"uv": [8, 8, 8.5, 8.5], "texture": "#0"},
				"down": {"uv": [8, 8, 8.5, 8.5], "rotation": 180, "texture": "#0"}
			}
		},
		{
			"name": "bow_1_60",
			"from": [7.5, 16.5, -2],
			"to": [8, 17, -1.5],
			"rotation": {"angle": 45, "axis": "x", "origin": [0, 0, 0]},
			"faces": {
				"north": {"uv": [8.5, 8, 9, 8.5], "rotation": 270, "texture": "#0"},
				"east": {"uv": [9, 8, 8.5, 8.5], "rotation": 90, "texture": "#0"},
				"south": {"uv": [8.5, 8, 9, 8.5], "rotation": 270, "texture": "#0"},
				"west": {"uv": [8.5, 8, 9, 8.5], "rotation": 270, "texture": "#0"},
				"up": {"uv": [8.5, 8, 9, 8.5], "texture": "#0"},
				"down": {"uv": [8.5, 8, 9, 8.5], "rotation": 180, "texture": "#0"}
			}
		},
		{
			"name": "bow_1_61",
			"from": [7.5, 10.5, -1.5],
			"to": [8, 11, -1],
			"rotation": {"angle": 45, "axis": "x", "origin": [0, 0, 0]},
			"faces": {
				"north": {"uv": [2.5, 8.5, 3, 9], "rotation": 270, "texture": "#0"},
				"east": {"uv": [3, 8.5, 2.5, 9], "rotation": 90, "texture": "#0"},
				"south": {"uv": [2.5, 8.5, 3, 9], "rotation": 270, "texture": "#0"},
				"west": {"uv": [2.5, 8.5, 3, 9], "rotation": 270, "texture": "#0"},
				"up": {"uv": [2.5, 8.5, 3, 9], "texture": "#0"},
				"down": {"uv": [2.5, 8.5, 3, 9], "rotation": 180, "texture": "#0"}
			}
		},
		{
			"name": "bow_1_62",
			"from": [7.5, 11, -1.5],
			"to": [8, 11.5, -1],
			"rotation": {"angle": 45, "axis": "x", "origin": [0, 0, 0]},
			"faces": {
				"north": {"uv": [3, 8.5, 3.5, 9], "rotation": 270, "texture": "#0"},
				"east": {"uv": [3.5, 8.5, 3, 9], "rotation": 90, "texture": "#0"},
				"south": {"uv": [3, 8.5, 3.5, 9], "rotation": 270, "texture": "#0"},
				"west": {"uv": [3, 8.5, 3.5, 9], "rotation": 270, "texture": "#0"},
				"up": {"uv": [3, 8.5, 3.5, 9], "texture": "#0"},
				"down": {"uv": [3, 8.5, 3.5, 9], "rotation": 180, "texture": "#0"}
			}
		},
		{
			"name": "bow_1_63",
			"from": [7.5, 11.5, -1.5],
			"to": [8, 12, -1],
			"rotation": {"angle": 45, "axis": "x", "origin": [0, 0, 0]},
			"faces": {
				"north": {"uv": [3.5, 8.5, 4, 9], "rotation": 270, "texture": "#0"},
				"east": {"uv": [4, 8.5, 3.5, 9], "rotation": 90, "texture": "#0"},
				"south": {"uv": [3.5, 8.5, 4, 9], "rotation": 270, "texture": "#0"},
				"west": {"uv": [3.5, 8.5, 4, 9], "rotation": 270, "texture": "#0"},
				"up": {"uv": [3.5, 8.5, 4, 9], "texture": "#0"},
				"down": {"uv": [3.5, 8.5, 4, 9], "rotation": 180, "texture": "#0"}
			}
		},
		{
			"name": "bow_1_64",
			"from": [7.5, 12, -1.5],
			"to": [8, 12.5, -1],
			"rotation": {"angle": 45, "axis": "x", "origin": [0, 0, 0]},
			"faces": {
				"north": {"uv": [4, 8.5, 4.5, 9], "rotation": 270, "texture": "#0"},
				"east": {"uv": [4.5, 8.5, 4, 9], "rotation": 90, "texture": "#0"},
				"south": {"uv": [4, 8.5, 4.5, 9], "rotation": 270, "texture": "#0"},
				"west": {"uv": [4, 8.5, 4.5, 9], "rotation": 270, "texture": "#0"},
				"up": {"uv": [4, 8.5, 4.5, 9], "texture": "#0"},
				"down": {"uv": [4, 8.5, 4.5, 9], "rotation": 180, "texture": "#0"}
			}
		},
		{
			"name": "bow_1_65",
			"from": [7.5, 15.5, -1.5],
			"to": [8, 16, -1],
			"rotation": {"angle": 45, "axis": "x", "origin": [0, 0, 0]},
			"faces": {
				"north": {"uv": [7.5, 8.5, 8, 9], "rotation": 270, "texture": "#0"},
				"east": {"uv": [8, 8.5, 7.5, 9], "rotation": 90, "texture": "#0"},
				"south": {"uv": [7.5, 8.5, 8, 9], "rotation": 270, "texture": "#0"},
				"west": {"uv": [7.5, 8.5, 8, 9], "rotation": 270, "texture": "#0"},
				"up": {"uv": [7.5, 8.5, 8, 9], "texture": "#0"},
				"down": {"uv": [7.5, 8.5, 8, 9], "rotation": 180, "texture": "#0"}
			}
		},
		{
			"name": "bow_1_66",
			"from": [7.5, 16, -1.5],
			"to": [8, 16.5, -1],
			"rotation": {"angle": 45, "axis": "x", "origin": [0, 0, 0]},
			"faces": {
				"north": {"uv": [8, 8.5, 8.5, 9], "rotation": 270, "texture": "#0"},
				"east": {"uv": [8.5, 8.5, 8, 9], "rotation": 90, "texture": "#0"},
				"south": {"uv": [8, 8.5, 8.5, 9], "rotation": 270, "texture": "#0"},
				"west": {"uv": [8, 8.5, 8.5, 9], "rotation": 270, "texture": "#0"},
				"up": {"uv": [8, 8.5, 8.5, 9], "texture": "#0"},
				"down": {"uv": [8, 8.5, 8.5, 9], "rotation": 180, "texture": "#0"}
			}
		},
		{
			"name": "bow_1_67",
			"from": [7.5, 17, -1.5],
			"to": [8, 17.5, -1],
			"rotation": {"angle": 45, "axis": "x", "origin": [0, 0, 0]},
			"faces": {
				"north": {"uv": [9, 8.5, 9.5, 9], "rotation": 270, "texture": "#0"},
				"east": {"uv": [9.5, 8.5, 9, 9], "rotation": 90, "texture": "#0"},
				"south": {"uv": [9, 8.5, 9.5, 9], "rotation": 270, "texture": "#0"},
				"west": {"uv": [9, 8.5, 9.5, 9], "rotation": 270, "texture": "#0"},
				"up": {"uv": [9, 8.5, 9.5, 9], "texture": "#0"},
				"down": {"uv": [9, 8.5, 9.5, 9], "rotation": 180, "texture": "#0"}
			}
		},
		{
			"name": "bow_1_68",
			"from": [7.5, 10, -1],
			"to": [8, 10.5, -0.5],
			"rotation": {"angle": 45, "axis": "x", "origin": [0, 0, 0]},
			"faces": {
				"north": {"uv": [2, 9, 2.5, 9.5], "rotation": 270, "texture": "#0"},
				"east": {"uv": [2.5, 9, 2, 9.5], "rotation": 90, "texture": "#0"},
				"south": {"uv": [2, 9, 2.5, 9.5], "rotation": 270, "texture": "#0"},
				"west": {"uv": [2, 9, 2.5, 9.5], "rotation": 270, "texture": "#0"},
				"up": {"uv": [2, 9, 2.5, 9.5], "texture": "#0"},
				"down": {"uv": [2, 9, 2.5, 9.5], "rotation": 180, "texture": "#0"}
			}
		},
		{
			"name": "bow_1_69",
			"from": [7.5, 10.5, -1],
			"to": [8, 11, -0.5],
			"rotation": {"angle": 45, "axis": "x", "origin": [0, 0, 0]},
			"faces": {
				"north": {"uv": [2.5, 9, 3, 9.5], "rotation": 270, "texture": "#0"},
				"east": {"uv": [3, 9, 2.5, 9.5], "rotation": 90, "texture": "#0"},
				"south": {"uv": [2.5, 9, 3, 9.5], "rotation": 270, "texture": "#0"},
				"west": {"uv": [2.5, 9, 3, 9.5], "rotation": 270, "texture": "#0"},
				"up": {"uv": [2.5, 9, 3, 9.5], "texture": "#0"},
				"down": {"uv": [2.5, 9, 3, 9.5], "rotation": 180, "texture": "#0"}
			}
		},
		{
			"name": "bow_1_70",
			"from": [7.5, 11, -1],
			"to": [8, 11.5, -0.5],
			"rotation": {"angle": 45, "axis": "x", "origin": [0, 0, 0]},
			"faces": {
				"north": {"uv": [3, 9, 3.5, 9.5], "rotation": 270, "texture": "#0"},
				"east": {"uv": [3.5, 9, 3, 9.5], "rotation": 90, "texture": "#0"},
				"south": {"uv": [3, 9, 3.5, 9.5], "rotation": 270, "texture": "#0"},
				"west": {"uv": [3, 9, 3.5, 9.5], "rotation": 270, "texture": "#0"},
				"up": {"uv": [3, 9, 3.5, 9.5], "texture": "#0"},
				"down": {"uv": [3, 9, 3.5, 9.5], "rotation": 180, "texture": "#0"}
			}
		},
		{
			"name": "bow_1_71",
			"from": [7.5, 11.5, -1],
			"to": [8, 12, -0.5],
			"rotation": {"angle": 45, "axis": "x", "origin": [0, 0, 0]},
			"faces": {
				"north": {"uv": [3.5, 9, 4, 9.5], "rotation": 270, "texture": "#0"},
				"east": {"uv": [4, 9, 3.5, 9.5], "rotation": 90, "texture": "#0"},
				"south": {"uv": [3.5, 9, 4, 9.5], "rotation": 270, "texture": "#0"},
				"west": {"uv": [3.5, 9, 4, 9.5], "rotation": 270, "texture": "#0"},
				"up": {"uv": [3.5, 9, 4, 9.5], "texture": "#0"},
				"down": {"uv": [3.5, 9, 4, 9.5], "rotation": 180, "texture": "#0"}
			}
		},
		{
			"name": "bow_1_72",
			"from": [7.5, 15, -1],
			"to": [8, 15.5, -0.5],
			"rotation": {"angle": 45, "axis": "x", "origin": [0, 0, 0]},
			"faces": {
				"north": {"uv": [7, 9, 7.5, 9.5], "rotation": 270, "texture": "#0"},
				"east": {"uv": [7.5, 9, 7, 9.5], "rotation": 90, "texture": "#0"},
				"south": {"uv": [7, 9, 7.5, 9.5], "rotation": 270, "texture": "#0"},
				"west": {"uv": [7, 9, 7.5, 9.5], "rotation": 270, "texture": "#0"},
				"up": {"uv": [7, 9, 7.5, 9.5], "texture": "#0"},
				"down": {"uv": [7, 9, 7.5, 9.5], "rotation": 180, "texture": "#0"}
			}
		},
		{
			"name": "bow_1_73",
			"from": [7.5, 15.5, -1],
			"to": [8, 16, -0.5],
			"rotation": {"angle": 45, "axis": "x", "origin": [0, 0, 0]},
			"faces": {
				"north": {"uv": [7.5, 9, 8, 9.5], "rotation": 270, "texture": "#0"},
				"east": {"uv": [8, 9, 7.5, 9.5], "rotation": 90, "texture": "#0"},
				"south": {"uv": [7.5, 9, 8, 9.5], "rotation": 270, "texture": "#0"},
				"west": {"uv": [7.5, 9, 8, 9.5], "rotation": 270, "texture": "#0"},
				"up": {"uv": [7.5, 9, 8, 9.5], "texture": "#0"},
				"down": {"uv": [7.5, 9, 8, 9.5], "rotation": 180, "texture": "#0"}
			}
		},
		{
			"name": "bow_1_74",
			"from": [7.5, 17, -1],
			"to": [8, 17.5, -0.5],
			"rotation": {"angle": 45, "axis": "x", "origin": [0, 0, 0]},
			"faces": {
				"north": {"uv": [9, 9, 9.5, 9.5], "rotation": 270, "texture": "#0"},
				"east": {"uv": [9.5, 9, 9, 9.5], "rotation": 90, "texture": "#0"},
				"south": {"uv": [9, 9, 9.5, 9.5], "rotation": 270, "texture": "#0"},
				"west": {"uv": [9, 9, 9.5, 9.5], "rotation": 270, "texture": "#0"},
				"up": {"uv": [9, 9, 9.5, 9.5], "texture": "#0"},
				"down": {"uv": [9, 9, 9.5, 9.5], "rotation": 180, "texture": "#0"}
			}
		},
		{
			"name": "bow_1_75",
			"from": [7.5, 9.5, -0.5],
			"to": [8, 10, 0],
			"rotation": {"angle": 45, "axis": "x", "origin": [0, 0, 0]},
			"faces": {
				"north": {"uv": [1.5, 9.5, 2, 10], "rotation": 270, "texture": "#0"},
				"east": {"uv": [2, 9.5, 1.5, 10], "rotation": 90, "texture": "#0"},
				"south": {"uv": [1.5, 9.5, 2, 10], "rotation": 270, "texture": "#0"},
				"west": {"uv": [1.5, 9.5, 2, 10], "rotation": 270, "texture": "#0"},
				"up": {"uv": [1.5, 9.5, 2, 10], "texture": "#0"},
				"down": {"uv": [1.5, 9.5, 2, 10], "rotation": 180, "texture": "#0"}
			}
		},
		{
			"name": "bow_1_76",
			"from": [7.5, 10, -0.5],
			"to": [8, 10.5, 0],
			"rotation": {"angle": 45, "axis": "x", "origin": [0, 0, 0]},
			"faces": {
				"north": {"uv": [2, 9.5, 2.5, 10], "rotation": 270, "texture": "#0"},
				"east": {"uv": [2.5, 9.5, 2, 10], "rotation": 90, "texture": "#0"},
				"south": {"uv": [2, 9.5, 2.5, 10], "rotation": 270, "texture": "#0"},
				"west": {"uv": [2, 9.5, 2.5, 10], "rotation": 270, "texture": "#0"},
				"up": {"uv": [2, 9.5, 2.5, 10], "texture": "#0"},
				"down": {"uv": [2, 9.5, 2.5, 10], "rotation": 180, "texture": "#0"}
			}
		},
		{
			"name": "bow_1_77",
			"from": [7.5, 10.5, -0.5],
			"to": [8, 11, 0],
			"rotation": {"angle": 45, "axis": "x", "origin": [0, 0, 0]},
			"faces": {
				"north": {"uv": [2.5, 9.5, 3, 10], "rotation": 270, "texture": "#0"},
				"east": {"uv": [3, 9.5, 2.5, 10], "rotation": 90, "texture": "#0"},
				"south": {"uv": [2.5, 9.5, 3, 10], "rotation": 270, "texture": "#0"},
				"west": {"uv": [2.5, 9.5, 3, 10], "rotation": 270, "texture": "#0"},
				"up": {"uv": [2.5, 9.5, 3, 10], "texture": "#0"},
				"down": {"uv": [2.5, 9.5, 3, 10], "rotation": 180, "texture": "#0"}
			}
		},
		{
			"name": "bow_1_78",
			"from": [7.5, 11, -0.5],
			"to": [8, 11.5, 0],
			"rotation": {"angle": 45, "axis": "x", "origin": [0, 0, 0]},
			"faces": {
				"north": {"uv": [3, 9.5, 3.5, 10], "rotation": 270, "texture": "#0"},
				"east": {"uv": [3.5, 9.5, 3, 10], "rotation": 90, "texture": "#0"},
				"south": {"uv": [3, 9.5, 3.5, 10], "rotation": 270, "texture": "#0"},
				"west": {"uv": [3, 9.5, 3.5, 10], "rotation": 270, "texture": "#0"},
				"up": {"uv": [3, 9.5, 3.5, 10], "texture": "#0"},
				"down": {"uv": [3, 9.5, 3.5, 10], "rotation": 180, "texture": "#0"}
			}
		},
		{
			"name": "bow_1_79",
			"from": [7.5, 14.5, -0.5],
			"to": [8, 15, 0],
			"rotation": {"angle": 45, "axis": "x", "origin": [0, 0, 0]},
			"faces": {
				"north": {"uv": [6.5, 9.5, 7, 10], "rotation": 270, "texture": "#0"},
				"east": {"uv": [7, 9.5, 6.5, 10], "rotation": 90, "texture": "#0"},
				"south": {"uv": [6.5, 9.5, 7, 10], "rotation": 270, "texture": "#0"},
				"west": {"uv": [6.5, 9.5, 7, 10], "rotation": 270, "texture": "#0"},
				"up": {"uv": [6.5, 9.5, 7, 10], "texture": "#0"},
				"down": {"uv": [6.5, 9.5, 7, 10], "rotation": 180, "texture": "#0"}
			}
		},
		{
			"name": "bow_1_80",
			"from": [7.5, 15, -0.5],
			"to": [8, 15.5, 0],
			"rotation": {"angle": 45, "axis": "x", "origin": [0, 0, 0]},
			"faces": {
				"north": {"uv": [7, 9.5, 7.5, 10], "rotation": 270, "texture": "#0"},
				"east": {"uv": [7.5, 9.5, 7, 10], "rotation": 90, "texture": "#0"},
				"south": {"uv": [7, 9.5, 7.5, 10], "rotation": 270, "texture": "#0"},
				"west": {"uv": [7, 9.5, 7.5, 10], "rotation": 270, "texture": "#0"},
				"up": {"uv": [7, 9.5, 7.5, 10], "texture": "#0"},
				"down": {"uv": [7, 9.5, 7.5, 10], "rotation": 180, "texture": "#0"}
			}
		},
		{
			"name": "bow_1_81",
			"from": [7.5, 9, 0],
			"to": [8, 9.5, 0.5],
			"rotation": {"angle": 45, "axis": "x", "origin": [0, 0, 0]},
			"faces": {
				"north": {"uv": [1, 10, 1.5, 10.5], "rotation": 270, "texture": "#0"},
				"east": {"uv": [1.5, 10, 1, 10.5], "rotation": 90, "texture": "#0"},
				"south": {"uv": [1, 10, 1.5, 10.5], "rotation": 270, "texture": "#0"},
				"west": {"uv": [1, 10, 1.5, 10.5], "rotation": 270, "texture": "#0"},
				"up": {"uv": [1, 10, 1.5, 10.5], "texture": "#0"},
				"down": {"uv": [1, 10, 1.5, 10.5], "rotation": 180, "texture": "#0"}
			}
		},
		{
			"name": "bow_1_82",
			"from": [7.5, 9.5, 0],
			"to": [8, 10, 0.5],
			"rotation": {"angle": 45, "axis": "x", "origin": [0, 0, 0]},
			"faces": {
				"north": {"uv": [1.5, 10, 2, 10.5], "rotation": 270, "texture": "#0"},
				"east": {"uv": [2, 10, 1.5, 10.5], "rotation": 90, "texture": "#0"},
				"south": {"uv": [1.5, 10, 2, 10.5], "rotation": 270, "texture": "#0"},
				"west": {"uv": [1.5, 10, 2, 10.5], "rotation": 270, "texture": "#0"},
				"up": {"uv": [1.5, 10, 2, 10.5], "texture": "#0"},
				"down": {"uv": [1.5, 10, 2, 10.5], "rotation": 180, "texture": "#0"}
			}
		},
		{
			"name": "bow_1_83",
			"from": [7.5, 10, 0],
			"to": [8, 10.5, 0.5],
			"rotation": {"angle": 45, "axis": "x", "origin": [0, 0, 0]},
			"faces": {
				"north": {"uv": [2, 10, 2.5, 10.5], "rotation": 270, "texture": "#0"},
				"east": {"uv": [2.5, 10, 2, 10.5], "rotation": 90, "texture": "#0"},
				"south": {"uv": [2, 10, 2.5, 10.5], "rotation": 270, "texture": "#0"},
				"west": {"uv": [2, 10, 2.5, 10.5], "rotation": 270, "texture": "#0"},
				"up": {"uv": [2, 10, 2.5, 10.5], "texture": "#0"},
				"down": {"uv": [2, 10, 2.5, 10.5], "rotation": 180, "texture": "#0"}
			}
		},
		{
			"name": "bow_1_84",
			"from": [7.5, 10.5, 0],
			"to": [8, 11, 0.5],
			"rotation": {"angle": 45, "axis": "x", "origin": [0, 0, 0]},
			"faces": {
				"north": {"uv": [2.5, 10, 3, 10.5], "rotation": 270, "texture": "#0"},
				"east": {"uv": [3, 10, 2.5, 10.5], "rotation": 90, "texture": "#0"},
				"south": {"uv": [2.5, 10, 3, 10.5], "rotation": 270, "texture": "#0"},
				"west": {"uv": [2.5, 10, 3, 10.5], "rotation": 270, "texture": "#0"},
				"up": {"uv": [2.5, 10, 3, 10.5], "texture": "#0"},
				"down": {"uv": [2.5, 10, 3, 10.5], "rotation": 180, "texture": "#0"}
			}
		},
		{
			"name": "bow_1_85",
			"from": [7.5, 14, 0],
			"to": [8, 14.5, 0.5],
			"rotation": {"angle": 45, "axis": "x", "origin": [0, 0, 0]},
			"faces": {
				"north": {"uv": [6, 10, 6.5, 10.5], "rotation": 270, "texture": "#0"},
				"east": {"uv": [6.5, 10, 6, 10.5], "rotation": 90, "texture": "#0"},
				"south": {"uv": [6, 10, 6.5, 10.5], "rotation": 270, "texture": "#0"},
				"west": {"uv": [6, 10, 6.5, 10.5], "rotation": 270, "texture": "#0"},
				"up": {"uv": [6, 10, 6.5, 10.5], "texture": "#0"},
				"down": {"uv": [6, 10, 6.5, 10.5], "rotation": 180, "texture": "#0"}
			}
		},
		{
			"name": "bow_1_86",
			"from": [7.5, 14.5, 0],
			"to": [8, 15, 0.5],
			"rotation": {"angle": 45, "axis": "x", "origin": [0, 0, 0]},
			"faces": {
				"north": {"uv": [6.5, 10, 7, 10.5], "rotation": 270, "texture": "#0"},
				"east": {"uv": [7, 10, 6.5, 10.5], "rotation": 90, "texture": "#0"},
				"south": {"uv": [6.5, 10, 7, 10.5], "rotation": 270, "texture": "#0"},
				"west": {"uv": [6.5, 10, 7, 10.5], "rotation": 270, "texture": "#0"},
				"up": {"uv": [6.5, 10, 7, 10.5], "texture": "#0"},
				"down": {"uv": [6.5, 10, 7, 10.5], "rotation": 180, "texture": "#0"}
			}
		},
		{
			"name": "bow_1_87",
			"from": [7.5, 15, 0],
			"to": [8, 15.5, 0.5],
			"rotation": {"angle": 45, "axis": "x", "origin": [0, 0, 0]},
			"faces": {
				"north": {"uv": [7, 10, 7.5, 10.5], "rotation": 270, "texture": "#0"},
				"east": {"uv": [7.5, 10, 7, 10.5], "rotation": 90, "texture": "#0"},
				"south": {"uv": [7, 10, 7.5, 10.5], "rotation": 270, "texture": "#0"},
				"west": {"uv": [7, 10, 7.5, 10.5], "rotation": 270, "texture": "#0"},
				"up": {"uv": [7, 10, 7.5, 10.5], "texture": "#0"},
				"down": {"uv": [7, 10, 7.5, 10.5], "rotation": 180, "texture": "#0"}
			}
		},
		{
			"name": "bow_1_88",
			"from": [7.5, 9, 0.5],
			"to": [8, 9.5, 1],
			"rotation": {"angle": 45, "axis": "x", "origin": [0, 0, 0]},
			"faces": {
				"north": {"uv": [1, 10.5, 1.5, 11], "rotation": 270, "texture": "#0"},
				"east": {"uv": [1.5, 10.5, 1, 11], "rotation": 90, "texture": "#0"},
				"south": {"uv": [1, 10.5, 1.5, 11], "rotation": 270, "texture": "#0"},
				"west": {"uv": [1, 10.5, 1.5, 11], "rotation": 270, "texture": "#0"},
				"up": {"uv": [1, 10.5, 1.5, 11], "texture": "#0"},
				"down": {"uv": [1, 10.5, 1.5, 11], "rotation": 180, "texture": "#0"}
			}
		},
		{
			"name": "bow_1_89",
			"from": [7.5, 9.5, 0.5],
			"to": [8, 10, 1],
			"rotation": {"angle": 45, "axis": "x", "origin": [0, 0, 0]},
			"faces": {
				"north": {"uv": [1.5, 10.5, 2, 11], "rotation": 270, "texture": "#0"},
				"east": {"uv": [2, 10.5, 1.5, 11], "rotation": 90, "texture": "#0"},
				"south": {"uv": [1.5, 10.5, 2, 11], "rotation": 270, "texture": "#0"},
				"west": {"uv": [1.5, 10.5, 2, 11], "rotation": 270, "texture": "#0"},
				"up": {"uv": [1.5, 10.5, 2, 11], "texture": "#0"},
				"down": {"uv": [1.5, 10.5, 2, 11], "rotation": 180, "texture": "#0"}
			}
		},
		{
			"name": "bow_1_90",
			"from": [7.5, 10, 0.5],
			"to": [8, 10.5, 1],
			"rotation": {"angle": 45, "axis": "x", "origin": [0, 0, 0]},
			"faces": {
				"north": {"uv": [2, 10.5, 2.5, 11], "rotation": 270, "texture": "#0"},
				"east": {"uv": [2.5, 10.5, 2, 11], "rotation": 90, "texture": "#0"},
				"south": {"uv": [2, 10.5, 2.5, 11], "rotation": 270, "texture": "#0"},
				"west": {"uv": [2, 10.5, 2.5, 11], "rotation": 270, "texture": "#0"},
				"up": {"uv": [2, 10.5, 2.5, 11], "texture": "#0"},
				"down": {"uv": [2, 10.5, 2.5, 11], "rotation": 180, "texture": "#0"}
			}
		},
		{
			"name": "bow_1_91",
			"from": [7.5, 13.5, 0.5],
			"to": [8, 14, 1],
			"rotation": {"angle": 45, "axis": "x", "origin": [0, 0, 0]},
			"faces": {
				"north": {"uv": [5.5, 10.5, 6, 11], "rotation": 270, "texture": "#0"},
				"east": {"uv": [6, 10.5, 5.5, 11], "rotation": 90, "texture": "#0"},
				"south": {"uv": [5.5, 10.5, 6, 11], "rotation": 270, "texture": "#0"},
				"west": {"uv": [5.5, 10.5, 6, 11], "rotation": 270, "texture": "#0"},
				"up": {"uv": [5.5, 10.5, 6, 11], "texture": "#0"},
				"down": {"uv": [5.5, 10.5, 6, 11], "rotation": 180, "texture": "#0"}
			}
		},
		{
			"name": "bow_1_92",
			"from": [7.5, 14, 0.5],
			"to": [8, 14.5, 1],
			"rotation": {"angle": 45, "axis": "x", "origin": [0, 0, 0]},
			"faces": {
				"north": {"uv": [6, 10.5, 6.5, 11], "rotation": 270, "texture": "#0"},
				"east": {"uv": [6.5, 10.5, 6, 11], "rotation": 90, "texture": "#0"},
				"south": {"uv": [6, 10.5, 6.5, 11], "rotation": 270, "texture": "#0"},
				"west": {"uv": [6, 10.5, 6.5, 11], "rotation": 270, "texture": "#0"},
				"up": {"uv": [6, 10.5, 6.5, 11], "texture": "#0"},
				"down": {"uv": [6, 10.5, 6.5, 11], "rotation": 180, "texture": "#0"}
			}
		},
		{
			"name": "bow_1_93",
			"from": [7.5, 14.5, 0.5],
			"to": [8, 15, 1],
			"rotation": {"angle": 45, "axis": "x", "origin": [0, 0, 0]},
			"faces": {
				"north": {"uv": [6.5, 10.5, 7, 11], "rotation": 270, "texture": "#0"},
				"east": {"uv": [7, 10.5, 6.5, 11], "rotation": 90, "texture": "#0"},
				"south": {"uv": [6.5, 10.5, 7, 11], "rotation": 270, "texture": "#0"},
				"west": {"uv": [6.5, 10.5, 7, 11], "rotation": 270, "texture": "#0"},
				"up": {"uv": [6.5, 10.5, 7, 11], "texture": "#0"},
				"down": {"uv": [6.5, 10.5, 7, 11], "rotation": 180, "texture": "#0"}
			}
		},
		{
			"name": "bow_1_94",
			"from": [7.5, 9, 1],
			"to": [8, 9.5, 1.5],
			"rotation": {"angle": 45, "axis": "x", "origin": [0, 0, 0]},
			"faces": {
				"north": {"uv": [1, 11, 1.5, 11.5], "rotation": 270, "texture": "#0"},
				"east": {"uv": [1.5, 11, 1, 11.5], "rotation": 90, "texture": "#0"},
				"south": {"uv": [1, 11, 1.5, 11.5], "rotation": 270, "texture": "#0"},
				"west": {"uv": [1, 11, 1.5, 11.5], "rotation": 270, "texture": "#0"},
				"up": {"uv": [1, 11, 1.5, 11.5], "texture": "#0"},
				"down": {"uv": [1, 11, 1.5, 11.5], "rotation": 180, "texture": "#0"}
			}
		},
		{
			"name": "bow_1_95",
			"from": [7.5, 9.5, 1],
			"to": [8, 10, 1.5],
			"rotation": {"angle": 45, "axis": "x", "origin": [0, 0, 0]},
			"faces": {
				"north": {"uv": [1.5, 11, 2, 11.5], "rotation": 270, "texture": "#0"},
				"east": {"uv": [2, 11, 1.5, 11.5], "rotation": 90, "texture": "#0"},
				"south": {"uv": [1.5, 11, 2, 11.5], "rotation": 270, "texture": "#0"},
				"west": {"uv": [1.5, 11, 2, 11.5], "rotation": 270, "texture": "#0"},
				"up": {"uv": [1.5, 11, 2, 11.5], "texture": "#0"},
				"down": {"uv": [1.5, 11, 2, 11.5], "rotation": 180, "texture": "#0"}
			}
		},
		{
			"name": "bow_1_96",
			"from": [7.5, 10, 1],
			"to": [8, 10.5, 1.5],
			"rotation": {"angle": 45, "axis": "x", "origin": [0, 0, 0]},
			"faces": {
				"north": {"uv": [2, 11, 2.5, 11.5], "rotation": 270, "texture": "#0"},
				"east": {"uv": [2.5, 11, 2, 11.5], "rotation": 90, "texture": "#0"},
				"south": {"uv": [2, 11, 2.5, 11.5], "rotation": 270, "texture": "#0"},
				"west": {"uv": [2, 11, 2.5, 11.5], "rotation": 270, "texture": "#0"},
				"up": {"uv": [2, 11, 2.5, 11.5], "texture": "#0"},
				"down": {"uv": [2, 11, 2.5, 11.5], "rotation": 180, "texture": "#0"}
			}
		},
		{
			"name": "bow_1_97",
			"from": [7.5, 13, 1],
			"to": [8, 13.5, 1.5],
			"rotation": {"angle": 45, "axis": "x", "origin": [0, 0, 0]},
			"faces": {
				"north": {"uv": [5, 11, 5.5, 11.5], "rotation": 270, "texture": "#0"},
				"east": {"uv": [5.5, 11, 5, 11.5], "rotation": 90, "texture": "#0"},
				"south": {"uv": [5, 11, 5.5, 11.5], "rotation": 270, "texture": "#0"},
				"west": {"uv": [5, 11, 5.5, 11.5], "rotation": 270, "texture": "#0"},
				"up": {"uv": [5, 11, 5.5, 11.5], "texture": "#0"},
				"down": {"uv": [5, 11, 5.5, 11.5], "rotation": 180, "texture": "#0"}
			}
		},
		{
			"name": "bow_1_98",
			"from": [7.5, 13.5, 1],
			"to": [8, 14, 1.5],
			"rotation": {"angle": 45, "axis": "x", "origin": [0, 0, 0]},
			"faces": {
				"north": {"uv": [5.5, 11, 6, 11.5], "rotation": 270, "texture": "#0"},
				"east": {"uv": [6, 11, 5.5, 11.5], "rotation": 90, "texture": "#0"},
				"south": {"uv": [5.5, 11, 6, 11.5], "rotation": 270, "texture": "#0"},
				"west": {"uv": [5.5, 11, 6, 11.5], "rotation": 270, "texture": "#0"},
				"up": {"uv": [5.5, 11, 6, 11.5], "texture": "#0"},
				"down": {"uv": [5.5, 11, 6, 11.5], "rotation": 180, "texture": "#0"}
			}
		},
		{
			"name": "bow_1_99",
			"from": [7.5, 15, 1],
			"to": [8, 15.5, 1.5],
			"rotation": {"angle": 45, "axis": "x", "origin": [0, 0, 0]},
			"faces": {
				"north": {"uv": [7, 11, 7.5, 11.5], "rotation": 270, "texture": "#0"},
				"east": {"uv": [7.5, 11, 7, 11.5], "rotation": 90, "texture": "#0"},
				"south": {"uv": [7, 11, 7.5, 11.5], "rotation": 270, "texture": "#0"},
				"west": {"uv": [7, 11, 7.5, 11.5], "rotation": 270, "texture": "#0"},
				"up": {"uv": [7, 11, 7.5, 11.5], "texture": "#0"},
				"down": {"uv": [7, 11, 7.5, 11.5], "rotation": 180, "texture": "#0"}
			}
		},
		{
			"name": "bow_1_100",
			"from": [7.5, 8.5, 1.5],
			"to": [8, 9, 2],
			"rotation": {"angle": 45, "axis": "x", "origin": [0, 0, 0]},
			"faces": {
				"north": {"uv": [0.5, 11.5, 1, 12], "rotation": 270, "texture": "#0"},
				"east": {"uv": [1, 11.5, 0.5, 12], "rotation": 90, "texture": "#0"},
				"south": {"uv": [0.5, 11.5, 1, 12], "rotation": 270, "texture": "#0"},
				"west": {"uv": [0.5, 11.5, 1, 12], "rotation": 270, "texture": "#0"},
				"up": {"uv": [0.5, 11.5, 1, 12], "texture": "#0"},
				"down": {"uv": [0.5, 11.5, 1, 12], "rotation": 180, "texture": "#0"}
			}
		},
		{
			"name": "bow_1_101",
			"from": [7.5, 9, 1.5],
			"to": [8, 9.5, 2],
			"rotation": {"angle": 45, "axis": "x", "origin": [0, 0, 0]},
			"faces": {
				"north": {"uv": [1, 11.5, 1.5, 12], "rotation": 270, "texture": "#0"},
				"east": {"uv": [1.5, 11.5, 1, 12], "rotation": 90, "texture": "#0"},
				"south": {"uv": [1, 11.5, 1.5, 12], "rotation": 270, "texture": "#0"},
				"west": {"uv": [1, 11.5, 1.5, 12], "rotation": 270, "texture": "#0"},
				"up": {"uv": [1, 11.5, 1.5, 12], "texture": "#0"},
				"down": {"uv": [1, 11.5, 1.5, 12], "rotation": 180, "texture": "#0"}
			}
		},
		{
			"name": "bow_1_102",
			"from": [7.5, 9.5, 1.5],
			"to": [8, 10, 2],
			"rotation": {"angle": 45, "axis": "x", "origin": [0, 0, 0]},
			"faces": {
				"north": {"uv": [1.5, 11.5, 2, 12], "rotation": 270, "texture": "#0"},
				"east": {"uv": [2, 11.5, 1.5, 12], "rotation": 90, "texture": "#0"},
				"south": {"uv": [1.5, 11.5, 2, 12], "rotation": 270, "texture": "#0"},
				"west": {"uv": [1.5, 11.5, 2, 12], "rotation": 270, "texture": "#0"},
				"up": {"uv": [1.5, 11.5, 2, 12], "texture": "#0"},
				"down": {"uv": [1.5, 11.5, 2, 12], "rotation": 180, "texture": "#0"}
			}
		},
		{
			"name": "bow_1_103",
			"from": [7.5, 12.5, 1.5],
			"to": [8, 13, 2],
			"rotation": {"angle": 45, "axis": "x", "origin": [0, 0, 0]},
			"faces": {
				"north": {"uv": [4.5, 11.5, 5, 12], "rotation": 270, "texture": "#0"},
				"east": {"uv": [5, 11.5, 4.5, 12], "rotation": 90, "texture": "#0"},
				"south": {"uv": [4.5, 11.5, 5, 12], "rotation": 270, "texture": "#0"},
				"west": {"uv": [4.5, 11.5, 5, 12], "rotation": 270, "texture": "#0"},
				"up": {"uv": [4.5, 11.5, 5, 12], "texture": "#0"},
				"down": {"uv": [4.5, 11.5, 5, 12], "rotation": 180, "texture": "#0"}
			}
		},
		{
			"name": "bow_1_104",
			"from": [7.5, 13, 1.5],
			"to": [8, 13.5, 2],
			"rotation": {"angle": 45, "axis": "x", "origin": [0, 0, 0]},
			"faces": {
				"north": {"uv": [5, 11.5, 5.5, 12], "rotation": 270, "texture": "#0"},
				"east": {"uv": [5.5, 11.5, 5, 12], "rotation": 90, "texture": "#0"},
				"south": {"uv": [5, 11.5, 5.5, 12], "rotation": 270, "texture": "#0"},
				"west": {"uv": [5, 11.5, 5.5, 12], "rotation": 270, "texture": "#0"},
				"up": {"uv": [5, 11.5, 5.5, 12], "texture": "#0"},
				"down": {"uv": [5, 11.5, 5.5, 12], "rotation": 180, "texture": "#0"}
			}
		},
		{
			"name": "bow_1_105",
			"from": [7.5, 8.5, 2],
			"to": [8, 9, 2.5],
			"rotation": {"angle": 45, "axis": "x", "origin": [0, 0, 0]},
			"faces": {
				"north": {"uv": [0.5, 12, 1, 12.5], "rotation": 270, "texture": "#0"},
				"east": {"uv": [1, 12, 0.5, 12.5], "rotation": 90, "texture": "#0"},
				"south": {"uv": [0.5, 12, 1, 12.5], "rotation": 270, "texture": "#0"},
				"west": {"uv": [0.5, 12, 1, 12.5], "rotation": 270, "texture": "#0"},
				"up": {"uv": [0.5, 12, 1, 12.5], "texture": "#0"},
				"down": {"uv": [0.5, 12, 1, 12.5], "rotation": 180, "texture": "#0"}
			}
		},
		{
			"name": "bow_1_106",
			"from": [7.5, 9, 2],
			"to": [8, 9.5, 2.5],
			"rotation": {"angle": 45, "axis": "x", "origin": [0, 0, 0]},
			"faces": {
				"north": {"uv": [1, 12, 1.5, 12.5], "rotation": 270, "texture": "#0"},
				"east": {"uv": [1.5, 12, 1, 12.5], "rotation": 90, "texture": "#0"},
				"south": {"uv": [1, 12, 1.5, 12.5], "rotation": 270, "texture": "#0"},
				"west": {"uv": [1, 12, 1.5, 12.5], "rotation": 270, "texture": "#0"},
				"up": {"uv": [1, 12, 1.5, 12.5], "texture": "#0"},
				"down": {"uv": [1, 12, 1.5, 12.5], "rotation": 180, "texture": "#0"}
			}
		},
		{
			"name": "bow_1_107",
			"from": [7.5, 9.5, 2],
			"to": [8, 10, 2.5],
			"rotation": {"angle": 45, "axis": "x", "origin": [0, 0, 0]},
			"faces": {
				"north": {"uv": [1.5, 12, 2, 12.5], "rotation": 270, "texture": "#0"},
				"east": {"uv": [2, 12, 1.5, 12.5], "rotation": 90, "texture": "#0"},
				"south": {"uv": [1.5, 12, 2, 12.5], "rotation": 270, "texture": "#0"},
				"west": {"uv": [1.5, 12, 2, 12.5], "rotation": 270, "texture": "#0"},
				"up": {"uv": [1.5, 12, 2, 12.5], "texture": "#0"},
				"down": {"uv": [1.5, 12, 2, 12.5], "rotation": 180, "texture": "#0"}
			}
		},
		{
			"name": "bow_1_108",
			"from": [7.5, 12, 2],
			"to": [8, 12.5, 2.5],
			"rotation": {"angle": 45, "axis": "x", "origin": [0, 0, 0]},
			"faces": {
				"north": {"uv": [4, 12, 4.5, 12.5], "rotation": 270, "texture": "#0"},
				"east": {"uv": [4.5, 12, 4, 12.5], "rotation": 90, "texture": "#0"},
				"south": {"uv": [4, 12, 4.5, 12.5], "rotation": 270, "texture": "#0"},
				"west": {"uv": [4, 12, 4.5, 12.5], "rotation": 270, "texture": "#0"},
				"up": {"uv": [4, 12, 4.5, 12.5], "texture": "#0"},
				"down": {"uv": [4, 12, 4.5, 12.5], "rotation": 180, "texture": "#0"}
			}
		},
		{
			"name": "bow_1_109",
			"from": [7.5, 12.5, 2],
			"to": [8, 13, 2.5],
			"rotation": {"angle": 45, "axis": "x", "origin": [0, 0, 0]},
			"faces": {
				"north": {"uv": [4.5, 12, 5, 12.5], "rotation": 270, "texture": "#0"},
				"east": {"uv": [5, 12, 4.5, 12.5], "rotation": 90, "texture": "#0"},
				"south": {"uv": [4.5, 12, 5, 12.5], "rotation": 270, "texture": "#0"},
				"west": {"uv": [4.5, 12, 5, 12.5], "rotation": 270, "texture": "#0"},
				"up": {"uv": [4.5, 12, 5, 12.5], "texture": "#0"},
				"down": {"uv": [4.5, 12, 5, 12.5], "rotation": 180, "texture": "#0"}
			}
		},
		{
			"name": "bow_1_110",
			"from": [7.5, 13.5, 2],
			"to": [8, 14, 2.5],
			"rotation": {"angle": 45, "axis": "x", "origin": [0, 0, 0]},
			"faces": {
				"north": {"uv": [5.5, 12, 6, 12.5], "rotation": 270, "texture": "#0"},
				"east": {"uv": [6, 12, 5.5, 12.5], "rotation": 90, "texture": "#0"},
				"south": {"uv": [5.5, 12, 6, 12.5], "rotation": 270, "texture": "#0"},
				"west": {"uv": [5.5, 12, 6, 12.5], "rotation": 270, "texture": "#0"},
				"up": {"uv": [5.5, 12, 6, 12.5], "texture": "#0"},
				"down": {"uv": [5.5, 12, 6, 12.5], "rotation": 180, "texture": "#0"}
			}
		},
		{
			"name": "bow_1_111",
			"from": [7.5, 8.5, 2.5],
			"to": [8, 9, 3],
			"rotation": {"angle": 45, "axis": "x", "origin": [0, 0, 0]},
			"faces": {
				"north": {"uv": [0.5, 12.5, 1, 13], "rotation": 270, "texture": "#0"},
				"east": {"uv": [1, 12.5, 0.5, 13], "rotation": 90, "texture": "#0"},
				"south": {"uv": [0.5, 12.5, 1, 13], "rotation": 270, "texture": "#0"},
				"west": {"uv": [0.5, 12.5, 1, 13], "rotation": 270, "texture": "#0"},
				"up": {"uv": [0.5, 12.5, 1, 13], "texture": "#0"},
				"down": {"uv": [0.5, 12.5, 1, 13], "rotation": 180, "texture": "#0"}
			}
		},
		{
			"name": "bow_1_112",
			"from": [7.5, 9, 2.5],
			"to": [8, 9.5, 3],
			"rotation": {"angle": 45, "axis": "x", "origin": [0, 0, 0]},
			"faces": {
				"north": {"uv": [1, 12.5, 1.5, 13], "rotation": 270, "texture": "#0"},
				"east": {"uv": [1.5, 12.5, 1, 13], "rotation": 90, "texture": "#0"},
				"south": {"uv": [1, 12.5, 1.5, 13], "rotation": 270, "texture": "#0"},
				"west": {"uv": [1, 12.5, 1.5, 13], "rotation": 270, "texture": "#0"},
				"up": {"uv": [1, 12.5, 1.5, 13], "texture": "#0"},
				"down": {"uv": [1, 12.5, 1.5, 13], "rotation": 180, "texture": "#0"}
			}
		},
		{
			"name": "bow_1_113",
			"from": [7.5, 9.5, 2.5],
			"to": [8, 10, 3],
			"rotation": {"angle": 45, "axis": "x", "origin": [0, 0, 0]},
			"faces": {
				"north": {"uv": [1.5, 12.5, 2, 13], "rotation": 270, "texture": "#0"},
				"east": {"uv": [2, 12.5, 1.5, 13], "rotation": 90, "texture": "#0"},
				"south": {"uv": [1.5, 12.5, 2, 13], "rotation": 270, "texture": "#0"},
				"west": {"uv": [1.5, 12.5, 2, 13], "rotation": 270, "texture": "#0"},
				"up": {"uv": [1.5, 12.5, 2, 13], "texture": "#0"},
				"down": {"uv": [1.5, 12.5, 2, 13], "rotation": 180, "texture": "#0"}
			}
		},
		{
			"name": "bow_1_114",
			"from": [7.5, 11.5, 2.5],
			"to": [8, 12, 3],
			"rotation": {"angle": 45, "axis": "x", "origin": [0, 0, 0]},
			"faces": {
				"north": {"uv": [3.5, 12.5, 4, 13], "rotation": 270, "texture": "#0"},
				"east": {"uv": [4, 12.5, 3.5, 13], "rotation": 90, "texture": "#0"},
				"south": {"uv": [3.5, 12.5, 4, 13], "rotation": 270, "texture": "#0"},
				"west": {"uv": [3.5, 12.5, 4, 13], "rotation": 270, "texture": "#0"},
				"up": {"uv": [3.5, 12.5, 4, 13], "texture": "#0"},
				"down": {"uv": [3.5, 12.5, 4, 13], "rotation": 180, "texture": "#0"}
			}
		},
		{
			"name": "bow_1_115",
			"from": [7.5, 12, 2.5],
			"to": [8, 12.5, 3],
			"rotation": {"angle": 45, "axis": "x", "origin": [0, 0, 0]},
			"faces": {
				"north": {"uv": [4, 12.5, 4.5, 13], "rotation": 270, "texture": "#0"},
				"east": {"uv": [4.5, 12.5, 4, 13], "rotation": 90, "texture": "#0"},
				"south": {"uv": [4, 12.5, 4.5, 13], "rotation": 270, "texture": "#0"},
				"west": {"uv": [4, 12.5, 4.5, 13], "rotation": 270, "texture": "#0"},
				"up": {"uv": [4, 12.5, 4.5, 13], "texture": "#0"},
				"down": {"uv": [4, 12.5, 4.5, 13], "rotation": 180, "texture": "#0"}
			}
		},
		{
			"name": "bow_1_116",
			"from": [7.5, 8.5, 3],
			"to": [8, 9, 3.5],
			"rotation": {"angle": 45, "axis": "x", "origin": [0, 0, 0]},
			"faces": {
				"north": {"uv": [0.5, 13, 1, 13.5], "rotation": 270, "texture": "#0"},
				"east": {"uv": [1, 13, 0.5, 13.5], "rotation": 90, "texture": "#0"},
				"south": {"uv": [0.5, 13, 1, 13.5], "rotation": 270, "texture": "#0"},
				"west": {"uv": [0.5, 13, 1, 13.5], "rotation": 270, "texture": "#0"},
				"up": {"uv": [0.5, 13, 1, 13.5], "texture": "#0"},
				"down": {"uv": [0.5, 13, 1, 13.5], "rotation": 180, "texture": "#0"}
			}
		},
		{
			"name": "bow_1_117",
			"from": [7.5, 9, 3],
			"to": [8, 9.5, 3.5],
			"rotation": {"angle": 45, "axis": "x", "origin": [0, 0, 0]},
			"faces": {
				"north": {"uv": [1, 13, 1.5, 13.5], "rotation": 270, "texture": "#0"},
				"east": {"uv": [1.5, 13, 1, 13.5], "rotation": 90, "texture": "#0"},
				"south": {"uv": [1, 13, 1.5, 13.5], "rotation": 270, "texture": "#0"},
				"west": {"uv": [1, 13, 1.5, 13.5], "rotation": 270, "texture": "#0"},
				"up": {"uv": [1, 13, 1.5, 13.5], "texture": "#0"},
				"down": {"uv": [1, 13, 1.5, 13.5], "rotation": 180, "texture": "#0"}
			}
		},
		{
			"name": "bow_1_118",
			"from": [7.5, 11, 3],
			"to": [8, 11.5, 3.5],
			"rotation": {"angle": 45, "axis": "x", "origin": [0, 0, 0]},
			"faces": {
				"north": {"uv": [3, 13, 3.5, 13.5], "rotation": 270, "texture": "#0"},
				"east": {"uv": [3.5, 13, 3, 13.5], "rotation": 90, "texture": "#0"},
				"south": {"uv": [3, 13, 3.5, 13.5], "rotation": 270, "texture": "#0"},
				"west": {"uv": [3, 13, 3.5, 13.5], "rotation": 270, "texture": "#0"},
				"up": {"uv": [3, 13, 3.5, 13.5], "texture": "#0"},
				"down": {"uv": [3, 13, 3.5, 13.5], "rotation": 180, "texture": "#0"}
			}
		},
		{
			"name": "bow_1_119",
			"from": [7.5, 11.5, 3],
			"to": [8, 12, 3.5],
			"rotation": {"angle": 45, "axis": "x", "origin": [0, 0, 0]},
			"faces": {
				"north": {"uv": [3.5, 13, 4, 13.5], "rotation": 270, "texture": "#0"},
				"east": {"uv": [4, 13, 3.5, 13.5], "rotation": 90, "texture": "#0"},
				"south": {"uv": [3.5, 13, 4, 13.5], "rotation": 270, "texture": "#0"},
				"west": {"uv": [3.5, 13, 4, 13.5], "rotation": 270, "texture": "#0"},
				"up": {"uv": [3.5, 13, 4, 13.5], "texture": "#0"},
				"down": {"uv": [3.5, 13, 4, 13.5], "rotation": 180, "texture": "#0"}
			}
		},
		{
			"name": "bow_1_120",
			"from": [7.5, 8.5, 3.5],
			"to": [8, 9, 4],
			"rotation": {"angle": 45, "axis": "x", "origin": [0, 0, 0]},
			"faces": {
				"north": {"uv": [0.5, 13.5, 1, 14], "rotation": 270, "texture": "#0"},
				"east": {"uv": [1, 13.5, 0.5, 14], "rotation": 90, "texture": "#0"},
				"south": {"uv": [0.5, 13.5, 1, 14], "rotation": 270, "texture": "#0"},
				"west": {"uv": [0.5, 13.5, 1, 14], "rotation": 270, "texture": "#0"},
				"up": {"uv": [0.5, 13.5, 1, 14], "texture": "#0"},
				"down": {"uv": [0.5, 13.5, 1, 14], "rotation": 180, "texture": "#0"}
			}
		},
		{
			"name": "bow_1_121",
			"from": [7.5, 9, 3.5],
			"to": [8, 9.5, 4],
			"rotation": {"angle": 45, "axis": "x", "origin": [0, 0, 0]},
			"faces": {
				"north": {"uv": [1, 13.5, 1.5, 14], "rotation": 270, "texture": "#0"},
				"east": {"uv": [1.5, 13.5, 1, 14], "rotation": 90, "texture": "#0"},
				"south": {"uv": [1, 13.5, 1.5, 14], "rotation": 270, "texture": "#0"},
				"west": {"uv": [1, 13.5, 1.5, 14], "rotation": 270, "texture": "#0"},
				"up": {"uv": [1, 13.5, 1.5, 14], "texture": "#0"},
				"down": {"uv": [1, 13.5, 1.5, 14], "rotation": 180, "texture": "#0"}
			}
		},
		{
			"name": "bow_1_122",
			"from": [7.5, 10.5, 3.5],
			"to": [8, 11, 4],
			"rotation": {"angle": 45, "axis": "x", "origin": [0, 0, 0]},
			"faces": {
				"north": {"uv": [2.5, 13.5, 3, 14], "rotation": 270, "texture": "#0"},
				"east": {"uv": [3, 13.5, 2.5, 14], "rotation": 90, "texture": "#0"},
				"south": {"uv": [2.5, 13.5, 3, 14], "rotation": 270, "texture": "#0"},
				"west": {"uv": [2.5, 13.5, 3, 14], "rotation": 270, "texture": "#0"},
				"up": {"uv": [2.5, 13.5, 3, 14], "texture": "#0"},
				"down": {"uv": [2.5, 13.5, 3, 14], "rotation": 180, "texture": "#0"}
			}
		},
		{
			"name": "bow_1_123",
			"from": [7.5, 11, 3.5],
			"to": [8, 11.5, 4],
			"rotation": {"angle": 45, "axis": "x", "origin": [0, 0, 0]},
			"faces": {
				"north": {"uv": [3, 13.5, 3.5, 14], "rotation": 270, "texture": "#0"},
				"east": {"uv": [3.5, 13.5, 3, 14], "rotation": 90, "texture": "#0"},
				"south": {"uv": [3, 13.5, 3.5, 14], "rotation": 270, "texture": "#0"},
				"west": {"uv": [3, 13.5, 3.5, 14], "rotation": 270, "texture": "#0"},
				"up": {"uv": [3, 13.5, 3.5, 14], "texture": "#0"},
				"down": {"uv": [3, 13.5, 3.5, 14], "rotation": 180, "texture": "#0"}
			}
		},
		{
			"name": "bow_1_124",
			"from": [7.5, 11.5, 3.5],
			"to": [8, 12, 4],
			"rotation": {"angle": 45, "axis": "x", "origin": [0, 0, 0]},
			"faces": {
				"north": {"uv": [3.5, 13.5, 4, 14], "rotation": 270, "texture": "#0"},
				"east": {"uv": [4, 13.5, 3.5, 14], "rotation": 90, "texture": "#0"},
				"south": {"uv": [3.5, 13.5, 4, 14], "rotation": 270, "texture": "#0"},
				"west": {"uv": [3.5, 13.5, 4, 14], "rotation": 270, "texture": "#0"},
				"up": {"uv": [3.5, 13.5, 4, 14], "texture": "#0"},
				"down": {"uv": [3.5, 13.5, 4, 14], "rotation": 180, "texture": "#0"}
			}
		},
		{
			"name": "bow_1_125",
			"from": [7.5, 8.5, 4],
			"to": [8, 9, 4.5],
			"rotation": {"angle": 45, "axis": "x", "origin": [0, 0, 0]},
			"faces": {
				"north": {"uv": [0.5, 14, 1, 14.5], "rotation": 270, "texture": "#0"},
				"east": {"uv": [1, 14, 0.5, 14.5], "rotation": 90, "texture": "#0"},
				"south": {"uv": [0.5, 14, 1, 14.5], "rotation": 270, "texture": "#0"},
				"west": {"uv": [0.5, 14, 1, 14.5], "rotation": 270, "texture": "#0"},
				"up": {"uv": [0.5, 14, 1, 14.5], "texture": "#0"},
				"down": {"uv": [0.5, 14, 1, 14.5], "rotation": 180, "texture": "#0"}
			}
		},
		{
			"name": "bow_1_126",
			"from": [7.5, 9, 4],
			"to": [8, 9.5, 4.5],
			"rotation": {"angle": 45, "axis": "x", "origin": [0, 0, 0]},
			"faces": {
				"north": {"uv": [1, 14, 1.5, 14.5], "rotation": 270, "texture": "#0"},
				"east": {"uv": [1.5, 14, 1, 14.5], "rotation": 90, "texture": "#0"},
				"south": {"uv": [1, 14, 1.5, 14.5], "rotation": 270, "texture": "#0"},
				"west": {"uv": [1, 14, 1.5, 14.5], "rotation": 270, "texture": "#0"},
				"up": {"uv": [1, 14, 1.5, 14.5], "texture": "#0"},
				"down": {"uv": [1, 14, 1.5, 14.5], "rotation": 180, "texture": "#0"}
			}
		},
		{
			"name": "bow_1_127",
			"from": [7.5, 10, 4],
			"to": [8, 10.5, 4.5],
			"rotation": {"angle": 45, "axis": "x", "origin": [0, 0, 0]},
			"faces": {
				"north": {"uv": [2, 14, 2.5, 14.5], "rotation": 270, "texture": "#0"},
				"east": {"uv": [2.5, 14, 2, 14.5], "rotation": 90, "texture": "#0"},
				"south": {"uv": [2, 14, 2.5, 14.5], "rotation": 270, "texture": "#0"},
				"west": {"uv": [2, 14, 2.5, 14.5], "rotation": 270, "texture": "#0"},
				"up": {"uv": [2, 14, 2.5, 14.5], "texture": "#0"},
				"down": {"uv": [2, 14, 2.5, 14.5], "rotation": 180, "texture": "#0"}
			}
		},
		{
			"name": "bow_1_128",
			"from": [7.5, 10.5, 4],
			"to": [8, 11, 4.5],
			"rotation": {"angle": 45, "axis": "x", "origin": [0, 0, 0]},
			"faces": {
				"north": {"uv": [2.5, 14, 3, 14.5], "rotation": 270, "texture": "#0"},
				"east": {"uv": [3, 14, 2.5, 14.5], "rotation": 90, "texture": "#0"},
				"south": {"uv": [2.5, 14, 3, 14.5], "rotation": 270, "texture": "#0"},
				"west": {"uv": [2.5, 14, 3, 14.5], "rotation": 270, "texture": "#0"},
				"up": {"uv": [2.5, 14, 3, 14.5], "texture": "#0"},
				"down": {"uv": [2.5, 14, 3, 14.5], "rotation": 180, "texture": "#0"}
			}
		},
		{
			"name": "bow_1_129",
			"from": [7.5, 11, 4],
			"to": [8, 11.5, 4.5],
			"rotation": {"angle": 45, "axis": "x", "origin": [0, 0, 0]},
			"faces": {
				"north": {"uv": [3, 14, 3.5, 14.5], "rotation": 270, "texture": "#0"},
				"east": {"uv": [3.5, 14, 3, 14.5], "rotation": 90, "texture": "#0"},
				"south": {"uv": [3, 14, 3.5, 14.5], "rotation": 270, "texture": "#0"},
				"west": {"uv": [3, 14, 3.5, 14.5], "rotation": 270, "texture": "#0"},
				"up": {"uv": [3, 14, 3.5, 14.5], "texture": "#0"},
				"down": {"uv": [3, 14, 3.5, 14.5], "rotation": 180, "texture": "#0"}
			}
		},
		{
			"name": "bow_1_130",
			"from": [7.5, 9, 4.5],
			"to": [8, 9.5, 5],
			"rotation": {"angle": 45, "axis": "x", "origin": [0, 0, 0]},
			"faces": {
				"north": {"uv": [1, 14.5, 1.5, 15], "rotation": 270, "texture": "#0"},
				"east": {"uv": [1.5, 14.5, 1, 15], "rotation": 90, "texture": "#0"},
				"south": {"uv": [1, 14.5, 1.5, 15], "rotation": 270, "texture": "#0"},
				"west": {"uv": [1, 14.5, 1.5, 15], "rotation": 270, "texture": "#0"},
				"up": {"uv": [1, 14.5, 1.5, 15], "texture": "#0"},
				"down": {"uv": [1, 14.5, 1.5, 15], "rotation": 180, "texture": "#0"}
			}
		},
		{
			"name": "bow_1_131",
			"from": [7.5, 9.5, 4.5],
			"to": [8, 10, 5],
			"rotation": {"angle": 45, "axis": "x", "origin": [0, 0, 0]},
			"faces": {
				"north": {"uv": [1.5, 14.5, 2, 15], "rotation": 270, "texture": "#0"},
				"east": {"uv": [2, 14.5, 1.5, 15], "rotation": 90, "texture": "#0"},
				"south": {"uv": [1.5, 14.5, 2, 15], "rotation": 270, "texture": "#0"},
				"west": {"uv": [1.5, 14.5, 2, 15], "rotation": 270, "texture": "#0"},
				"up": {"uv": [1.5, 14.5, 2, 15], "texture": "#0"},
				"down": {"uv": [1.5, 14.5, 2, 15], "rotation": 180, "texture": "#0"}
			}
		},
		{
			"name": "bow_1_132",
			"from": [7.5, 10, 4.5],
			"to": [8, 10.5, 5],
			"rotation": {"angle": 45, "axis": "x", "origin": [0, 0, 0]},
			"faces": {
				"north": {"uv": [2, 14.5, 2.5, 15], "rotation": 270, "texture": "#0"},
				"east": {"uv": [2.5, 14.5, 2, 15], "rotation": 90, "texture": "#0"},
				"south": {"uv": [2, 14.5, 2.5, 15], "rotation": 270, "texture": "#0"},
				"west": {"uv": [2, 14.5, 2.5, 15], "rotation": 270, "texture": "#0"},
				"up": {"uv": [2, 14.5, 2.5, 15], "texture": "#0"},
				"down": {"uv": [2, 14.5, 2.5, 15], "rotation": 180, "texture": "#0"}
			}
		},
		{
			"name": "bow_1_133",
			"from": [7.5, 11, 4.5],
			"to": [8, 11.5, 5],
			"rotation": {"angle": 45, "axis": "x", "origin": [0, 0, 0]},
			"faces": {
				"north": {"uv": [3, 14.5, 3.5, 15], "rotation": 270, "texture": "#0"},
				"east": {"uv": [3.5, 14.5, 3, 15], "rotation": 90, "texture": "#0"},
				"south": {"uv": [3, 14.5, 3.5, 15], "rotation": 270, "texture": "#0"},
				"west": {"uv": [3, 14.5, 3.5, 15], "rotation": 270, "texture": "#0"},
				"up": {"uv": [3, 14.5, 3.5, 15], "texture": "#0"},
				"down": {"uv": [3, 14.5, 3.5, 15], "rotation": 180, "texture": "#0"}
			}
		},
		{
			"name": "bow_1_134",
			"from": [7.5, 8, 5],
			"to": [8, 8.5, 5.5],
			"rotation": {"angle": 45, "axis": "x", "origin": [0, 0, 0]},
			"faces": {
				"north": {"uv": [0, 15, 0.5, 15.5], "rotation": 270, "texture": "#0"},
				"east": {"uv": [0.5, 15, 0, 15.5], "rotation": 90, "texture": "#0"},
				"south": {"uv": [0, 15, 0.5, 15.5], "rotation": 270, "texture": "#0"},
				"west": {"uv": [0, 15, 0.5, 15.5], "rotation": 270, "texture": "#0"},
				"up": {"uv": [0, 15, 0.5, 15.5], "texture": "#0"},
				"down": {"uv": [0, 15, 0.5, 15.5], "rotation": 180, "texture": "#0"}
			}
		},
		{
			"name": "bow_1_135",
			"from": [7.5, 9, 5],
			"to": [8, 9.5, 5.5],
			"rotation": {"angle": 45, "axis": "x", "origin": [0, 0, 0]},
			"faces": {
				"north": {"uv": [1, 15, 1.5, 15.5], "rotation": 270, "texture": "#0"},
				"east": {"uv": [1.5, 15, 1, 15.5], "rotation": 90, "texture": "#0"},
				"south": {"uv": [1, 15, 1.5, 15.5], "rotation": 270, "texture": "#0"},
				"west": {"uv": [1, 15, 1.5, 15.5], "rotation": 270, "texture": "#0"},
				"up": {"uv": [1, 15, 1.5, 15.5], "texture": "#0"},
				"down": {"uv": [1, 15, 1.5, 15.5], "rotation": 180, "texture": "#0"}
			}
		},
		{
			"name": "bow_1_136",
			"from": [7.5, 9.5, 5],
			"to": [8, 10, 5.5],
			"rotation": {"angle": 45, "axis": "x", "origin": [0, 0, 0]},
			"faces": {
				"north": {"uv": [1.5, 15, 2, 15.5], "rotation": 270, "texture": "#0"},
				"east": {"uv": [2, 15, 1.5, 15.5], "rotation": 90, "texture": "#0"},
				"south": {"uv": [1.5, 15, 2, 15.5], "rotation": 270, "texture": "#0"},
				"west": {"uv": [1.5, 15, 2, 15.5], "rotation": 270, "texture": "#0"},
				"up": {"uv": [1.5, 15, 2, 15.5], "texture": "#0"},
				"down": {"uv": [1.5, 15, 2, 15.5], "rotation": 180, "texture": "#0"}
			}
		},
		{
			"name": "bow_1_137",
			"from": [7.5, 8, 5.5],
			"to": [8, 8.5, 6],
			"rotation": {"angle": 45, "axis": "x", "origin": [0, 0, 0]},
			"faces": {
				"north": {"uv": [0, 15.5, 0.5, 16], "rotation": 270, "texture": "#0"},
				"east": {"uv": [0.5, 15.5, 0, 16], "rotation": 90, "texture": "#0"},
				"south": {"uv": [0, 15.5, 0.5, 16], "rotation": 270, "texture": "#0"},
				"west": {"uv": [0, 15.5, 0.5, 16], "rotation": 270, "texture": "#0"},
				"up": {"uv": [0, 15.5, 0.5, 16], "texture": "#0"},
				"down": {"uv": [0, 15.5, 0.5, 16], "rotation": 180, "texture": "#0"}
			}
		},
		{
			"name": "bow_1_138",
			"from": [7.5, 8.5, 5.5],
			"to": [8, 9, 6],
			"rotation": {"angle": 45, "axis": "x", "origin": [0, 0, 0]},
			"faces": {
				"north": {"uv": [0.5, 15.5, 1, 16], "rotation": 270, "texture": "#0"},
				"east": {"uv": [1, 15.5, 0.5, 16], "rotation": 90, "texture": "#0"},
				"south": {"uv": [0.5, 15.5, 1, 16], "rotation": 270, "texture": "#0"},
				"west": {"uv": [0.5, 15.5, 1, 16], "rotation": 270, "texture": "#0"},
				"up": {"uv": [0.5, 15.5, 1, 16], "texture": "#0"},
				"down": {"uv": [0.5, 15.5, 1, 16], "rotation": 180, "texture": "#0"}
			}
		},
		{
			"name": "bow_1_139",
			"from": [7.5, 9, 5.5],
			"to": [8, 9.5, 6],
			"rotation": {"angle": 45, "axis": "x", "origin": [0, 0, 0]},
			"faces": {
				"north": {"uv": [1, 15.5, 1.5, 16], "rotation": 270, "texture": "#0"},
				"east": {"uv": [1.5, 15.5, 1, 16], "rotation": 90, "texture": "#0"},
				"south": {"uv": [1, 15.5, 1.5, 16], "rotation": 270, "texture": "#0"},
				"west": {"uv": [1, 15.5, 1.5, 16], "rotation": 270, "texture": "#0"},
				"up": {"uv": [1, 15.5, 1.5, 16], "texture": "#0"},
				"down": {"uv": [1, 15.5, 1.5, 16], "rotation": 180, "texture": "#0"}
			}
		}
	],
	"gui_light": "front",
	"display": {
		"thirdperson_righthand": {
			"rotation": [0, -9, 5.75],
			"translation": [-0.75, -2.75, 1],
			"scale": [1.55859, 1.75, 1.37891]
		},
		"thirdperson_lefthand": {
			"rotation": [0, -9, 5.75],
			"translation": [-0.75, -2.75, 1],
			"scale": [-1.55859, 1.75, 1.37891]
		},
		"firstperson_righthand": {
			"rotation": [0, 0, 11.5],
			"translation": [0, 4.25, 0]
		},
		"firstperson_lefthand": {
			"rotation": [0, 0, 11.5],
			"translation": [0, 4.25, 0]
		},
		"ground": {
			"translation": [0, -1.5, 0],
			"scale": [0.5, 0.5, 0.5]
		},
		"gui": {
			"rotation": [90, 45, -90],
			"translation": [-3.5, 0, 0],
			"scale": [1.3, 1.3, 1.3]
		},
		"head": {
			"rotation": [-90, 135, 90],
			"translation": [-3, -15, 5.25],
			"scale": [1.5, 1.5, 1.5]
		},
		"fixed": {
			"rotation": [-90, -135, -90],
			"translation": [4.25, 0, 0],
			"scale": [1.6, 1.6, 1.6]
		}
	},
	"groups": [
		{
			"name": "bow_1",
			"origin": [8, 8, 8],
			"color": 0,
			"children": [
				0,
				1,
				2,
				3,
				4,
				5,
				6,
				7,
				8,
				9,
				10,
				11,
				12,
				13,
				14,
				15,
				16,
				17,
				18,
				19,
				20,
				21,
				22,
				23,
				24,
				25,
				26,
				27,
				28,
				29,
				30,
				31,
				32,
				33,
				34,
				35,
				36,
				37,
				38,
				39,
				40,
				41,
				42,
				43,
				44,
				45,
				46,
				47,
				48,
				49,
				50,
				51,
				52,
				53,
				54,
				55,
				56,
				57,
				58,
				59,
				60,
				61,
				62,
				63,
				64,
				65,
				66,
				67,
				68,
				69,
				70,
				71,
				72,
				73,
				74,
				75,
				76,
				77,
				78,
				79,
				80,
				81,
				82,
				83,
				84,
				85,
				86,
				87,
				88,
				89,
				90,
				91,
				92,
				93,
				94,
				95,
				96,
				97,
				98,
				99,
				100,
				101,
				102,
				103,
				104,
				105,
				106,
				107,
				108,
				109,
				110,
				111,
				112,
				113,
				114,
				115,
				116,
				117,
				118,
				119,
				120,
				121,
				122,
				123,
				124,
				125,
				126,
				127,
				128,
				129,
				130,
				131,
				132,
				133,
				134,
				135,
				136,
				137,
				138,
				139
			]
		}
	]
}