{
	"credit": "Made with Blockbench",
	"texture_size": [32, 32],
	"textures": {
		"0": "item/golden_pickaxe",
		"particle": "item/golden_pickaxe"
	},
    "overrides": [
        {
            "predicate": {
                "damaged": 1,
                "damage": 0.85
            },
            "model": "item/golden_pickaxe_1"
        }
    ],
	"elements": [
		{
			"name": "diamond_pickaxe_0",
			"from": [4.5, 0, 4.5],
			"to": [5, 0.5, 5],
			"faces": {
				"north": {"uv": [5, 4.5, 4.5, 5], "texture": "#0"},
				"east": {"uv": [4.5, 4.5, 5, 5], "rotation": 90, "texture": "#0"},
				"south": {"uv": [4.5, 4.5, 5, 5], "texture": "#0"},
				"west": {"uv": [4.5, 4.5, 5, 5], "rotation": 270, "texture": "#0"},
				"up": {"uv": [4.5, 4.5, 5, 5], "texture": "#0"},
				"down": {"uv": [4.5, 5, 5, 4.5], "texture": "#0"}
			}
		},
		{
			"name": "diamond_pickaxe_1",
			"from": [5, 0, 4.5],
			"to": [5.5, 0.5, 5],
			"faces": {
				"north": {"uv": [5.5, 4.5, 5, 5], "texture": "#0"},
				"east": {"uv": [5, 4.5, 5.5, 5], "rotation": 90, "texture": "#0"},
				"south": {"uv": [5, 4.5, 5.5, 5], "texture": "#0"},
				"west": {"uv": [5, 4.5, 5.5, 5], "rotation": 270, "texture": "#0"},
				"up": {"uv": [5, 4.5, 5.5, 5], "texture": "#0"},
				"down": {"uv": [5, 5, 5.5, 4.5], "texture": "#0"}
			}
		},
		{
			"name": "diamond_pickaxe_2",
			"from": [5.5, 0, 4.5],
			"to": [6, 0.5, 5],
			"faces": {
				"north": {"uv": [6, 4.5, 5.5, 5], "texture": "#0"},
				"east": {"uv": [5.5, 4.5, 6, 5], "rotation": 90, "texture": "#0"},
				"south": {"uv": [5.5, 4.5, 6, 5], "texture": "#0"},
				"west": {"uv": [5.5, 4.5, 6, 5], "rotation": 270, "texture": "#0"},
				"up": {"uv": [5.5, 4.5, 6, 5], "texture": "#0"},
				"down": {"uv": [5.5, 5, 6, 4.5], "texture": "#0"}
			}
		},
		{
			"name": "diamond_pickaxe_3",
			"from": [6, 0, 4.5],
			"to": [6.5, 0.5, 5],
			"faces": {
				"north": {"uv": [6.5, 4.5, 6, 5], "texture": "#0"},
				"east": {"uv": [6, 4.5, 6.5, 5], "rotation": 90, "texture": "#0"},
				"south": {"uv": [6, 4.5, 6.5, 5], "texture": "#0"},
				"west": {"uv": [6, 4.5, 6.5, 5], "rotation": 270, "texture": "#0"},
				"up": {"uv": [6, 4.5, 6.5, 5], "texture": "#0"},
				"down": {"uv": [6, 5, 6.5, 4.5], "texture": "#0"}
			}
		},
		{
			"name": "diamond_pickaxe_4",
			"from": [6.5, 0, 4.5],
			"to": [7, 0.5, 5],
			"faces": {
				"north": {"uv": [7, 4.5, 6.5, 5], "texture": "#0"},
				"east": {"uv": [6.5, 4.5, 7, 5], "rotation": 90, "texture": "#0"},
				"south": {"uv": [6.5, 4.5, 7, 5], "texture": "#0"},
				"west": {"uv": [6.5, 4.5, 7, 5], "rotation": 270, "texture": "#0"},
				"up": {"uv": [6.5, 4.5, 7, 5], "texture": "#0"},
				"down": {"uv": [6.5, 5, 7, 4.5], "texture": "#0"}
			}
		},
		{
			"name": "diamond_pickaxe_5",
			"from": [5.5, 0, 5],
			"to": [6, 0.5, 5.5],
			"faces": {
				"north": {"uv": [6, 5, 5.5, 5.5], "texture": "#0"},
				"east": {"uv": [5.5, 5, 6, 5.5], "rotation": 90, "texture": "#0"},
				"south": {"uv": [5.5, 5, 6, 5.5], "texture": "#0"},
				"west": {"uv": [5.5, 5, 6, 5.5], "rotation": 270, "texture": "#0"},
				"up": {"uv": [5.5, 5, 6, 5.5], "texture": "#0"},
				"down": {"uv": [5.5, 5.5, 6, 5], "texture": "#0"}
			}
		},
		{
			"name": "diamond_pickaxe_6",
			"from": [6, 0, 5],
			"to": [6.5, 0.5, 5.5],
			"faces": {
				"north": {"uv": [6.5, 5, 6, 5.5], "texture": "#0"},
				"east": {"uv": [6, 5, 6.5, 5.5], "rotation": 90, "texture": "#0"},
				"south": {"uv": [6, 5, 6.5, 5.5], "texture": "#0"},
				"west": {"uv": [6, 5, 6.5, 5.5], "rotation": 270, "texture": "#0"},
				"up": {"uv": [6, 5, 6.5, 5.5], "texture": "#0"},
				"down": {"uv": [6, 5.5, 6.5, 5], "texture": "#0"}
			}
		},
		{
			"name": "diamond_pickaxe_7",
			"from": [6.5, 0, 5],
			"to": [7, 0.5, 5.5],
			"faces": {
				"north": {"uv": [7, 5, 6.5, 5.5], "texture": "#0"},
				"east": {"uv": [6.5, 5, 7, 5.5], "rotation": 90, "texture": "#0"},
				"south": {"uv": [6.5, 5, 7, 5.5], "texture": "#0"},
				"west": {"uv": [6.5, 5, 7, 5.5], "rotation": 270, "texture": "#0"},
				"up": {"uv": [6.5, 5, 7, 5.5], "texture": "#0"},
				"down": {"uv": [6.5, 5.5, 7, 5], "texture": "#0"}
			}
		},
		{
			"name": "diamond_pickaxe_8",
			"from": [7, 0, 5],
			"to": [7.5, 0.5, 5.5],
			"faces": {
				"north": {"uv": [7.5, 5, 7, 5.5], "texture": "#0"},
				"east": {"uv": [7, 5, 7.5, 5.5], "rotation": 90, "texture": "#0"},
				"south": {"uv": [7, 5, 7.5, 5.5], "texture": "#0"},
				"west": {"uv": [7, 5, 7.5, 5.5], "rotation": 270, "texture": "#0"},
				"up": {"uv": [7, 5, 7.5, 5.5], "texture": "#0"},
				"down": {"uv": [7, 5.5, 7.5, 5], "texture": "#0"}
			}
		},
		{
			"name": "diamond_pickaxe_9",
			"from": [7.5, 0, 5],
			"to": [8, 0.5, 5.5],
			"faces": {
				"north": {"uv": [8, 5, 7.5, 5.5], "texture": "#0"},
				"east": {"uv": [7.5, 5, 8, 5.5], "rotation": 90, "texture": "#0"},
				"south": {"uv": [7.5, 5, 8, 5.5], "texture": "#0"},
				"west": {"uv": [7.5, 5, 8, 5.5], "rotation": 270, "texture": "#0"},
				"up": {"uv": [7.5, 5, 8, 5.5], "texture": "#0"},
				"down": {"uv": [7.5, 5.5, 8, 5], "texture": "#0"}
			}
		},
		{
			"name": "diamond_pickaxe_10",
			"from": [8, 0, 5],
			"to": [8.5, 0.5, 5.5],
			"faces": {
				"north": {"uv": [8.5, 5, 8, 5.5], "texture": "#0"},
				"east": {"uv": [8, 5, 8.5, 5.5], "rotation": 90, "texture": "#0"},
				"south": {"uv": [8, 5, 8.5, 5.5], "texture": "#0"},
				"west": {"uv": [8, 5, 8.5, 5.5], "rotation": 270, "texture": "#0"},
				"up": {"uv": [8, 5, 8.5, 5.5], "texture": "#0"},
				"down": {"uv": [8, 5.5, 8.5, 5], "texture": "#0"}
			}
		},
		{
			"name": "diamond_pickaxe_11",
			"from": [6.5, 0, 5.5],
			"to": [7, 0.5, 6],
			"faces": {
				"north": {"uv": [7, 5.5, 6.5, 6], "texture": "#0"},
				"east": {"uv": [6.5, 5.5, 7, 6], "rotation": 90, "texture": "#0"},
				"south": {"uv": [6.5, 5.5, 7, 6], "texture": "#0"},
				"west": {"uv": [6.5, 5.5, 7, 6], "rotation": 270, "texture": "#0"},
				"up": {"uv": [6.5, 5.5, 7, 6], "texture": "#0"},
				"down": {"uv": [6.5, 6, 7, 5.5], "texture": "#0"}
			}
		},
		{
			"name": "diamond_pickaxe_12",
			"from": [7, 0, 5.5],
			"to": [7.5, 0.5, 6],
			"faces": {
				"north": {"uv": [7.5, 5.5, 7, 6], "texture": "#0"},
				"east": {"uv": [7, 5.5, 7.5, 6], "rotation": 90, "texture": "#0"},
				"south": {"uv": [7, 5.5, 7.5, 6], "texture": "#0"},
				"west": {"uv": [7, 5.5, 7.5, 6], "rotation": 270, "texture": "#0"},
				"up": {"uv": [7, 5.5, 7.5, 6], "texture": "#0"},
				"down": {"uv": [7, 6, 7.5, 5.5], "texture": "#0"}
			}
		},
		{
			"name": "diamond_pickaxe_13",
			"from": [7.5, 0, 5.5],
			"to": [8, 0.5, 6],
			"faces": {
				"north": {"uv": [8, 5.5, 7.5, 6], "texture": "#0"},
				"east": {"uv": [7.5, 5.5, 8, 6], "rotation": 90, "texture": "#0"},
				"south": {"uv": [7.5, 5.5, 8, 6], "texture": "#0"},
				"west": {"uv": [7.5, 5.5, 8, 6], "rotation": 270, "texture": "#0"},
				"up": {"uv": [7.5, 5.5, 8, 6], "texture": "#0"},
				"down": {"uv": [7.5, 6, 8, 5.5], "texture": "#0"}
			}
		},
		{
			"name": "diamond_pickaxe_14",
			"from": [8, 0, 5.5],
			"to": [8.5, 0.5, 6],
			"faces": {
				"north": {"uv": [8.5, 5.5, 8, 6], "texture": "#0"},
				"east": {"uv": [8, 5.5, 8.5, 6], "rotation": 90, "texture": "#0"},
				"south": {"uv": [8, 5.5, 8.5, 6], "texture": "#0"},
				"west": {"uv": [8, 5.5, 8.5, 6], "rotation": 270, "texture": "#0"},
				"up": {"uv": [8, 5.5, 8.5, 6], "texture": "#0"},
				"down": {"uv": [8, 6, 8.5, 5.5], "texture": "#0"}
			}
		},
		{
			"name": "diamond_pickaxe_15",
			"from": [8.5, 0, 5.5],
			"to": [9, 0.5, 6],
			"faces": {
				"north": {"uv": [9, 5.5, 8.5, 6], "texture": "#0"},
				"east": {"uv": [8.5, 5.5, 9, 6], "rotation": 90, "texture": "#0"},
				"south": {"uv": [8.5, 5.5, 9, 6], "texture": "#0"},
				"west": {"uv": [8.5, 5.5, 9, 6], "rotation": 270, "texture": "#0"},
				"up": {"uv": [8.5, 5.5, 9, 6], "texture": "#0"},
				"down": {"uv": [8.5, 6, 9, 5.5], "texture": "#0"}
			}
		},
		{
			"name": "diamond_pickaxe_16",
			"from": [9.5, 0, 5.5],
			"to": [10, 0.5, 6],
			"faces": {
				"north": {"uv": [10, 5.5, 9.5, 6], "texture": "#0"},
				"east": {"uv": [9.5, 5.5, 10, 6], "rotation": 90, "texture": "#0"},
				"south": {"uv": [9.5, 5.5, 10, 6], "texture": "#0"},
				"west": {"uv": [9.5, 5.5, 10, 6], "rotation": 270, "texture": "#0"},
				"up": {"uv": [9.5, 5.5, 10, 6], "texture": "#0"},
				"down": {"uv": [9.5, 6, 10, 5.5], "texture": "#0"}
			}
		},
		{
			"name": "diamond_pickaxe_17",
			"from": [7.5, 0, 6],
			"to": [8, 0.5, 6.5],
			"faces": {
				"north": {"uv": [8, 6, 7.5, 6.5], "texture": "#0"},
				"east": {"uv": [7.5, 6, 8, 6.5], "rotation": 90, "texture": "#0"},
				"south": {"uv": [7.5, 6, 8, 6.5], "texture": "#0"},
				"west": {"uv": [7.5, 6, 8, 6.5], "rotation": 270, "texture": "#0"},
				"up": {"uv": [7.5, 6, 8, 6.5], "texture": "#0"},
				"down": {"uv": [7.5, 6.5, 8, 6], "texture": "#0"}
			}
		},
		{
			"name": "diamond_pickaxe_18",
			"from": [8, 0, 6],
			"to": [8.5, 0.5, 6.5],
			"faces": {
				"north": {"uv": [8.5, 6, 8, 6.5], "texture": "#0"},
				"east": {"uv": [8, 6, 8.5, 6.5], "rotation": 90, "texture": "#0"},
				"south": {"uv": [8, 6, 8.5, 6.5], "texture": "#0"},
				"west": {"uv": [8, 6, 8.5, 6.5], "rotation": 270, "texture": "#0"},
				"up": {"uv": [8, 6, 8.5, 6.5], "texture": "#0"},
				"down": {"uv": [8, 6.5, 8.5, 6], "texture": "#0"}
			}
		},
		{
			"name": "diamond_pickaxe_19",
			"from": [8.5, 0, 6],
			"to": [9, 0.5, 6.5],
			"faces": {
				"north": {"uv": [9, 6, 8.5, 6.5], "texture": "#0"},
				"east": {"uv": [8.5, 6, 9, 6.5], "rotation": 90, "texture": "#0"},
				"south": {"uv": [8.5, 6, 9, 6.5], "texture": "#0"},
				"west": {"uv": [8.5, 6, 9, 6.5], "rotation": 270, "texture": "#0"},
				"up": {"uv": [8.5, 6, 9, 6.5], "texture": "#0"},
				"down": {"uv": [8.5, 6.5, 9, 6], "texture": "#0"}
			}
		},
		{
			"name": "diamond_pickaxe_20",
			"from": [9, 0, 6],
			"to": [9.5, 0.5, 6.5],
			"faces": {
				"north": {"uv": [9.5, 6, 9, 6.5], "texture": "#0"},
				"east": {"uv": [9, 6, 9.5, 6.5], "rotation": 90, "texture": "#0"},
				"south": {"uv": [9, 6, 9.5, 6.5], "texture": "#0"},
				"west": {"uv": [9, 6, 9.5, 6.5], "rotation": 270, "texture": "#0"},
				"up": {"uv": [9, 6, 9.5, 6.5], "texture": "#0"},
				"down": {"uv": [9, 6.5, 9.5, 6], "texture": "#0"}
			}
		},
		{
			"name": "diamond_pickaxe_21",
			"from": [9.5, 0, 6],
			"to": [10, 0.5, 6.5],
			"faces": {
				"north": {"uv": [10, 6, 9.5, 6.5], "texture": "#0"},
				"east": {"uv": [9.5, 6, 10, 6.5], "rotation": 90, "texture": "#0"},
				"south": {"uv": [9.5, 6, 10, 6.5], "texture": "#0"},
				"west": {"uv": [9.5, 6, 10, 6.5], "rotation": 270, "texture": "#0"},
				"up": {"uv": [9.5, 6, 10, 6.5], "texture": "#0"},
				"down": {"uv": [9.5, 6.5, 10, 6], "texture": "#0"}
			}
		},
		{
			"name": "diamond_pickaxe_22",
			"from": [10, 0, 6],
			"to": [10.5, 0.5, 6.5],
			"faces": {
				"north": {"uv": [10.5, 6, 10, 6.5], "texture": "#0"},
				"east": {"uv": [10, 6, 10.5, 6.5], "rotation": 90, "texture": "#0"},
				"south": {"uv": [10, 6, 10.5, 6.5], "texture": "#0"},
				"west": {"uv": [10, 6, 10.5, 6.5], "rotation": 270, "texture": "#0"},
				"up": {"uv": [10, 6, 10.5, 6.5], "texture": "#0"},
				"down": {"uv": [10, 6.5, 10.5, 6], "texture": "#0"}
			}
		},
		{
			"name": "diamond_pickaxe_23",
			"from": [8.5, 0, 6.5],
			"to": [9, 0.5, 7],
			"faces": {
				"north": {"uv": [9, 6.5, 8.5, 7], "texture": "#0"},
				"east": {"uv": [8.5, 6.5, 9, 7], "rotation": 90, "texture": "#0"},
				"south": {"uv": [8.5, 6.5, 9, 7], "texture": "#0"},
				"west": {"uv": [8.5, 6.5, 9, 7], "rotation": 270, "texture": "#0"},
				"up": {"uv": [8.5, 6.5, 9, 7], "texture": "#0"},
				"down": {"uv": [8.5, 7, 9, 6.5], "texture": "#0"}
			}
		},
		{
			"name": "diamond_pickaxe_24",
			"from": [9, 0, 6.5],
			"to": [9.5, 0.5, 7],
			"faces": {
				"north": {"uv": [9.5, 6.5, 9, 7], "texture": "#0"},
				"east": {"uv": [9, 6.5, 9.5, 7], "rotation": 90, "texture": "#0"},
				"south": {"uv": [9, 6.5, 9.5, 7], "texture": "#0"},
				"west": {"uv": [9, 6.5, 9.5, 7], "rotation": 270, "texture": "#0"},
				"up": {"uv": [9, 6.5, 9.5, 7], "texture": "#0"},
				"down": {"uv": [9, 7, 9.5, 6.5], "texture": "#0"}
			}
		},
		{
			"name": "diamond_pickaxe_25",
			"from": [9.5, 0, 6.5],
			"to": [10, 0.5, 7],
			"faces": {
				"north": {"uv": [10, 6.5, 9.5, 7], "texture": "#0"},
				"east": {"uv": [9.5, 6.5, 10, 7], "rotation": 90, "texture": "#0"},
				"south": {"uv": [9.5, 6.5, 10, 7], "texture": "#0"},
				"west": {"uv": [9.5, 6.5, 10, 7], "rotation": 270, "texture": "#0"},
				"up": {"uv": [9.5, 6.5, 10, 7], "texture": "#0"},
				"down": {"uv": [9.5, 7, 10, 6.5], "texture": "#0"}
			}
		},
		{
			"name": "diamond_pickaxe_26",
			"from": [8, 0, 7],
			"to": [8.5, 0.5, 7.5],
			"faces": {
				"north": {"uv": [8.5, 7, 8, 7.5], "texture": "#0"},
				"east": {"uv": [8, 7, 8.5, 7.5], "rotation": 90, "texture": "#0"},
				"south": {"uv": [8, 7, 8.5, 7.5], "texture": "#0"},
				"west": {"uv": [8, 7, 8.5, 7.5], "rotation": 270, "texture": "#0"},
				"up": {"uv": [8, 7, 8.5, 7.5], "texture": "#0"},
				"down": {"uv": [8, 7.5, 8.5, 7], "texture": "#0"}
			}
		},
		{
			"name": "diamond_pickaxe_27",
			"from": [8.5, 0, 7],
			"to": [9, 0.5, 7.5],
			"faces": {
				"north": {"uv": [9, 7, 8.5, 7.5], "texture": "#0"},
				"east": {"uv": [8.5, 7, 9, 7.5], "rotation": 90, "texture": "#0"},
				"south": {"uv": [8.5, 7, 9, 7.5], "texture": "#0"},
				"west": {"uv": [8.5, 7, 9, 7.5], "rotation": 270, "texture": "#0"},
				"up": {"uv": [8.5, 7, 9, 7.5], "texture": "#0"},
				"down": {"uv": [8.5, 7.5, 9, 7], "texture": "#0"}
			}
		},
		{
			"name": "diamond_pickaxe_28",
			"from": [9, 0, 7],
			"to": [9.5, 0.5, 7.5],
			"faces": {
				"north": {"uv": [9.5, 7, 9, 7.5], "texture": "#0"},
				"east": {"uv": [9, 7, 9.5, 7.5], "rotation": 90, "texture": "#0"},
				"south": {"uv": [9, 7, 9.5, 7.5], "texture": "#0"},
				"west": {"uv": [9, 7, 9.5, 7.5], "rotation": 270, "texture": "#0"},
				"up": {"uv": [9, 7, 9.5, 7.5], "texture": "#0"},
				"down": {"uv": [9, 7.5, 9.5, 7], "texture": "#0"}
			}
		},
		{
			"name": "diamond_pickaxe_29",
			"from": [9.5, 0, 7],
			"to": [10, 0.5, 7.5],
			"faces": {
				"north": {"uv": [10, 7, 9.5, 7.5], "texture": "#0"},
				"east": {"uv": [9.5, 7, 10, 7.5], "rotation": 90, "texture": "#0"},
				"south": {"uv": [9.5, 7, 10, 7.5], "texture": "#0"},
				"west": {"uv": [9.5, 7, 10, 7.5], "rotation": 270, "texture": "#0"},
				"up": {"uv": [9.5, 7, 10, 7.5], "texture": "#0"},
				"down": {"uv": [9.5, 7.5, 10, 7], "texture": "#0"}
			}
		},
		{
			"name": "diamond_pickaxe_30",
			"from": [10, 0, 7],
			"to": [10.5, 0.5, 7.5],
			"faces": {
				"north": {"uv": [10.5, 7, 10, 7.5], "texture": "#0"},
				"east": {"uv": [10, 7, 10.5, 7.5], "rotation": 90, "texture": "#0"},
				"south": {"uv": [10, 7, 10.5, 7.5], "texture": "#0"},
				"west": {"uv": [10, 7, 10.5, 7.5], "rotation": 270, "texture": "#0"},
				"up": {"uv": [10, 7, 10.5, 7.5], "texture": "#0"},
				"down": {"uv": [10, 7.5, 10.5, 7], "texture": "#0"}
			}
		},
		{
			"name": "diamond_pickaxe_31",
			"from": [7.5, 0, 7.5],
			"to": [8, 0.5, 8],
			"faces": {
				"north": {"uv": [8, 7.5, 7.5, 8], "texture": "#0"},
				"east": {"uv": [7.5, 7.5, 8, 8], "rotation": 90, "texture": "#0"},
				"south": {"uv": [7.5, 7.5, 8, 8], "texture": "#0"},
				"west": {"uv": [7.5, 7.5, 8, 8], "rotation": 270, "texture": "#0"},
				"up": {"uv": [7.5, 7.5, 8, 8], "texture": "#0"},
				"down": {"uv": [7.5, 8, 8, 7.5], "texture": "#0"}
			}
		},
		{
			"name": "diamond_pickaxe_32",
			"from": [8, 0, 7.5],
			"to": [8.5, 0.5, 8],
			"faces": {
				"north": {"uv": [8.5, 7.5, 8, 8], "texture": "#0"},
				"east": {"uv": [8, 7.5, 8.5, 8], "rotation": 90, "texture": "#0"},
				"south": {"uv": [8, 7.5, 8.5, 8], "texture": "#0"},
				"west": {"uv": [8, 7.5, 8.5, 8], "rotation": 270, "texture": "#0"},
				"up": {"uv": [8, 7.5, 8.5, 8], "texture": "#0"},
				"down": {"uv": [8, 8, 8.5, 7.5], "texture": "#0"}
			}
		},
		{
			"name": "diamond_pickaxe_33",
			"from": [8.5, 0, 7.5],
			"to": [9, 0.5, 8],
			"faces": {
				"north": {"uv": [9, 7.5, 8.5, 8], "texture": "#0"},
				"east": {"uv": [8.5, 7.5, 9, 8], "rotation": 90, "texture": "#0"},
				"south": {"uv": [8.5, 7.5, 9, 8], "texture": "#0"},
				"west": {"uv": [8.5, 7.5, 9, 8], "rotation": 270, "texture": "#0"},
				"up": {"uv": [8.5, 7.5, 9, 8], "texture": "#0"},
				"down": {"uv": [8.5, 8, 9, 7.5], "texture": "#0"}
			}
		},
		{
			"name": "diamond_pickaxe_34",
			"from": [9.5, 0, 7.5],
			"to": [10, 0.5, 8],
			"faces": {
				"north": {"uv": [10, 7.5, 9.5, 8], "texture": "#0"},
				"east": {"uv": [9.5, 7.5, 10, 8], "rotation": 90, "texture": "#0"},
				"south": {"uv": [9.5, 7.5, 10, 8], "texture": "#0"},
				"west": {"uv": [9.5, 7.5, 10, 8], "rotation": 270, "texture": "#0"},
				"up": {"uv": [9.5, 7.5, 10, 8], "texture": "#0"},
				"down": {"uv": [9.5, 8, 10, 7.5], "texture": "#0"}
			}
		},
		{
			"name": "diamond_pickaxe_35",
			"from": [10, 0, 7.5],
			"to": [10.5, 0.5, 8],
			"faces": {
				"north": {"uv": [10.5, 7.5, 10, 8], "texture": "#0"},
				"east": {"uv": [10, 7.5, 10.5, 8], "rotation": 90, "texture": "#0"},
				"south": {"uv": [10, 7.5, 10.5, 8], "texture": "#0"},
				"west": {"uv": [10, 7.5, 10.5, 8], "rotation": 270, "texture": "#0"},
				"up": {"uv": [10, 7.5, 10.5, 8], "texture": "#0"},
				"down": {"uv": [10, 8, 10.5, 7.5], "texture": "#0"}
			}
		},
		{
			"name": "diamond_pickaxe_36",
			"from": [10.5, 0, 7.5],
			"to": [11, 0.5, 8],
			"faces": {
				"north": {"uv": [11, 7.5, 10.5, 8], "texture": "#0"},
				"east": {"uv": [10.5, 7.5, 11, 8], "rotation": 90, "texture": "#0"},
				"south": {"uv": [10.5, 7.5, 11, 8], "texture": "#0"},
				"west": {"uv": [10.5, 7.5, 11, 8], "rotation": 270, "texture": "#0"},
				"up": {"uv": [10.5, 7.5, 11, 8], "texture": "#0"},
				"down": {"uv": [10.5, 8, 11, 7.5], "texture": "#0"}
			}
		},
		{
			"name": "diamond_pickaxe_37",
			"from": [7, 0, 8],
			"to": [7.5, 0.5, 8.5],
			"faces": {
				"north": {"uv": [7.5, 8, 7, 8.5], "texture": "#0"},
				"east": {"uv": [7, 8, 7.5, 8.5], "rotation": 90, "texture": "#0"},
				"south": {"uv": [7, 8, 7.5, 8.5], "texture": "#0"},
				"west": {"uv": [7, 8, 7.5, 8.5], "rotation": 270, "texture": "#0"},
				"up": {"uv": [7, 8, 7.5, 8.5], "texture": "#0"},
				"down": {"uv": [7, 8.5, 7.5, 8], "texture": "#0"}
			}
		},
		{
			"name": "diamond_pickaxe_38",
			"from": [7.5, 0, 8],
			"to": [8, 0.5, 8.5],
			"faces": {
				"north": {"uv": [8, 8, 7.5, 8.5], "texture": "#0"},
				"east": {"uv": [7.5, 8, 8, 8.5], "rotation": 90, "texture": "#0"},
				"south": {"uv": [7.5, 8, 8, 8.5], "texture": "#0"},
				"west": {"uv": [7.5, 8, 8, 8.5], "rotation": 270, "texture": "#0"},
				"up": {"uv": [7.5, 8, 8, 8.5], "texture": "#0"},
				"down": {"uv": [7.5, 8.5, 8, 8], "texture": "#0"}
			}
		},
		{
			"name": "diamond_pickaxe_39",
			"from": [8, 0, 8],
			"to": [8.5, 0.5, 8.5],
			"faces": {
				"north": {"uv": [8.5, 8, 8, 8.5], "texture": "#0"},
				"east": {"uv": [8, 8, 8.5, 8.5], "rotation": 90, "texture": "#0"},
				"south": {"uv": [8, 8, 8.5, 8.5], "texture": "#0"},
				"west": {"uv": [8, 8, 8.5, 8.5], "rotation": 270, "texture": "#0"},
				"up": {"uv": [8, 8, 8.5, 8.5], "texture": "#0"},
				"down": {"uv": [8, 8.5, 8.5, 8], "texture": "#0"}
			}
		},
		{
			"name": "diamond_pickaxe_40",
			"from": [9.5, 0, 8],
			"to": [10, 0.5, 8.5],
			"faces": {
				"north": {"uv": [10, 8, 9.5, 8.5], "texture": "#0"},
				"east": {"uv": [9.5, 8, 10, 8.5], "rotation": 90, "texture": "#0"},
				"south": {"uv": [9.5, 8, 10, 8.5], "texture": "#0"},
				"west": {"uv": [9.5, 8, 10, 8.5], "rotation": 270, "texture": "#0"},
				"up": {"uv": [9.5, 8, 10, 8.5], "texture": "#0"},
				"down": {"uv": [9.5, 8.5, 10, 8], "texture": "#0"}
			}
		},
		{
			"name": "diamond_pickaxe_41",
			"from": [10, 0, 8],
			"to": [10.5, 0.5, 8.5],
			"faces": {
				"north": {"uv": [10.5, 8, 10, 8.5], "texture": "#0"},
				"east": {"uv": [10, 8, 10.5, 8.5], "rotation": 90, "texture": "#0"},
				"south": {"uv": [10, 8, 10.5, 8.5], "texture": "#0"},
				"west": {"uv": [10, 8, 10.5, 8.5], "rotation": 270, "texture": "#0"},
				"up": {"uv": [10, 8, 10.5, 8.5], "texture": "#0"},
				"down": {"uv": [10, 8.5, 10.5, 8], "texture": "#0"}
			}
		},
		{
			"name": "diamond_pickaxe_42",
			"from": [10.5, 0, 8],
			"to": [11, 0.5, 8.5],
			"faces": {
				"north": {"uv": [11, 8, 10.5, 8.5], "texture": "#0"},
				"east": {"uv": [10.5, 8, 11, 8.5], "rotation": 90, "texture": "#0"},
				"south": {"uv": [10.5, 8, 11, 8.5], "texture": "#0"},
				"west": {"uv": [10.5, 8, 11, 8.5], "rotation": 270, "texture": "#0"},
				"up": {"uv": [10.5, 8, 11, 8.5], "texture": "#0"},
				"down": {"uv": [10.5, 8.5, 11, 8], "texture": "#0"}
			}
		},
		{
			"name": "diamond_pickaxe_43",
			"from": [6.5, 0, 8.5],
			"to": [7, 0.5, 9],
			"faces": {
				"north": {"uv": [7, 8.5, 6.5, 9], "texture": "#0"},
				"east": {"uv": [6.5, 8.5, 7, 9], "rotation": 90, "texture": "#0"},
				"south": {"uv": [6.5, 8.5, 7, 9], "texture": "#0"},
				"west": {"uv": [6.5, 8.5, 7, 9], "rotation": 270, "texture": "#0"},
				"up": {"uv": [6.5, 8.5, 7, 9], "texture": "#0"},
				"down": {"uv": [6.5, 9, 7, 8.5], "texture": "#0"}
			}
		},
		{
			"name": "diamond_pickaxe_44",
			"from": [7, 0, 8.5],
			"to": [7.5, 0.5, 9],
			"faces": {
				"north": {"uv": [7.5, 8.5, 7, 9], "texture": "#0"},
				"east": {"uv": [7, 8.5, 7.5, 9], "rotation": 90, "texture": "#0"},
				"south": {"uv": [7, 8.5, 7.5, 9], "texture": "#0"},
				"west": {"uv": [7, 8.5, 7.5, 9], "rotation": 270, "texture": "#0"},
				"up": {"uv": [7, 8.5, 7.5, 9], "texture": "#0"},
				"down": {"uv": [7, 9, 7.5, 8.5], "texture": "#0"}
			}
		},
		{
			"name": "diamond_pickaxe_45",
			"from": [7.5, 0, 8.5],
			"to": [8, 0.5, 9],
			"faces": {
				"north": {"uv": [8, 8.5, 7.5, 9], "texture": "#0"},
				"east": {"uv": [7.5, 8.5, 8, 9], "rotation": 90, "texture": "#0"},
				"south": {"uv": [7.5, 8.5, 8, 9], "texture": "#0"},
				"west": {"uv": [7.5, 8.5, 8, 9], "rotation": 270, "texture": "#0"},
				"up": {"uv": [7.5, 8.5, 8, 9], "texture": "#0"},
				"down": {"uv": [7.5, 9, 8, 8.5], "texture": "#0"}
			}
		},
		{
			"name": "diamond_pickaxe_46",
			"from": [10, 0, 8.5],
			"to": [10.5, 0.5, 9],
			"faces": {
				"north": {"uv": [10.5, 8.5, 10, 9], "texture": "#0"},
				"east": {"uv": [10, 8.5, 10.5, 9], "rotation": 90, "texture": "#0"},
				"south": {"uv": [10, 8.5, 10.5, 9], "texture": "#0"},
				"west": {"uv": [10, 8.5, 10.5, 9], "rotation": 270, "texture": "#0"},
				"up": {"uv": [10, 8.5, 10.5, 9], "texture": "#0"},
				"down": {"uv": [10, 9, 10.5, 8.5], "texture": "#0"}
			}
		},
		{
			"name": "diamond_pickaxe_47",
			"from": [10.5, 0, 8.5],
			"to": [11, 0.5, 9],
			"faces": {
				"north": {"uv": [11, 8.5, 10.5, 9], "texture": "#0"},
				"east": {"uv": [10.5, 8.5, 11, 9], "rotation": 90, "texture": "#0"},
				"south": {"uv": [10.5, 8.5, 11, 9], "texture": "#0"},
				"west": {"uv": [10.5, 8.5, 11, 9], "rotation": 270, "texture": "#0"},
				"up": {"uv": [10.5, 8.5, 11, 9], "texture": "#0"},
				"down": {"uv": [10.5, 9, 11, 8.5], "texture": "#0"}
			}
		},
		{
			"name": "diamond_pickaxe_48",
			"from": [6, 0, 9],
			"to": [6.5, 0.5, 9.5],
			"faces": {
				"north": {"uv": [6.5, 9, 6, 9.5], "texture": "#0"},
				"east": {"uv": [6, 9, 6.5, 9.5], "rotation": 90, "texture": "#0"},
				"south": {"uv": [6, 9, 6.5, 9.5], "texture": "#0"},
				"west": {"uv": [6, 9, 6.5, 9.5], "rotation": 270, "texture": "#0"},
				"up": {"uv": [6, 9, 6.5, 9.5], "texture": "#0"},
				"down": {"uv": [6, 9.5, 6.5, 9], "texture": "#0"}
			}
		},
		{
			"name": "diamond_pickaxe_49",
			"from": [6.5, 0, 9],
			"to": [7, 0.5, 9.5],
			"faces": {
				"north": {"uv": [7, 9, 6.5, 9.5], "texture": "#0"},
				"east": {"uv": [6.5, 9, 7, 9.5], "rotation": 90, "texture": "#0"},
				"south": {"uv": [6.5, 9, 7, 9.5], "texture": "#0"},
				"west": {"uv": [6.5, 9, 7, 9.5], "rotation": 270, "texture": "#0"},
				"up": {"uv": [6.5, 9, 7, 9.5], "texture": "#0"},
				"down": {"uv": [6.5, 9.5, 7, 9], "texture": "#0"}
			}
		},
		{
			"name": "diamond_pickaxe_50",
			"from": [7, 0, 9],
			"to": [7.5, 0.5, 9.5],
			"faces": {
				"north": {"uv": [7.5, 9, 7, 9.5], "texture": "#0"},
				"east": {"uv": [7, 9, 7.5, 9.5], "rotation": 90, "texture": "#0"},
				"south": {"uv": [7, 9, 7.5, 9.5], "texture": "#0"},
				"west": {"uv": [7, 9, 7.5, 9.5], "rotation": 270, "texture": "#0"},
				"up": {"uv": [7, 9, 7.5, 9.5], "texture": "#0"},
				"down": {"uv": [7, 9.5, 7.5, 9], "texture": "#0"}
			}
		},
		{
			"name": "diamond_pickaxe_51",
			"from": [10, 0, 9],
			"to": [10.5, 0.5, 9.5],
			"faces": {
				"north": {"uv": [10.5, 9, 10, 9.5], "texture": "#0"},
				"east": {"uv": [10, 9, 10.5, 9.5], "rotation": 90, "texture": "#0"},
				"south": {"uv": [10, 9, 10.5, 9.5], "texture": "#0"},
				"west": {"uv": [10, 9, 10.5, 9.5], "rotation": 270, "texture": "#0"},
				"up": {"uv": [10, 9, 10.5, 9.5], "texture": "#0"},
				"down": {"uv": [10, 9.5, 10.5, 9], "texture": "#0"}
			}
		},
		{
			"name": "diamond_pickaxe_52",
			"from": [10.5, 0, 9],
			"to": [11, 0.5, 9.5],
			"faces": {
				"north": {"uv": [11, 9, 10.5, 9.5], "texture": "#0"},
				"east": {"uv": [10.5, 9, 11, 9.5], "rotation": 90, "texture": "#0"},
				"south": {"uv": [10.5, 9, 11, 9.5], "texture": "#0"},
				"west": {"uv": [10.5, 9, 11, 9.5], "rotation": 270, "texture": "#0"},
				"up": {"uv": [10.5, 9, 11, 9.5], "texture": "#0"},
				"down": {"uv": [10.5, 9.5, 11, 9], "texture": "#0"}
			}
		},
		{
			"name": "diamond_pickaxe_53",
			"from": [11, 0, 9],
			"to": [11.5, 0.5, 9.5],
			"faces": {
				"north": {"uv": [11.5, 9, 11, 9.5], "texture": "#0"},
				"east": {"uv": [11, 9, 11.5, 9.5], "rotation": 90, "texture": "#0"},
				"south": {"uv": [11, 9, 11.5, 9.5], "texture": "#0"},
				"west": {"uv": [11, 9, 11.5, 9.5], "rotation": 270, "texture": "#0"},
				"up": {"uv": [11, 9, 11.5, 9.5], "texture": "#0"},
				"down": {"uv": [11, 9.5, 11.5, 9], "texture": "#0"}
			}
		},
		{
			"name": "diamond_pickaxe_54",
			"from": [5.5, 0, 9.5],
			"to": [6, 0.5, 10],
			"faces": {
				"north": {"uv": [6, 9.5, 5.5, 10], "texture": "#0"},
				"east": {"uv": [5.5, 9.5, 6, 10], "rotation": 90, "texture": "#0"},
				"south": {"uv": [5.5, 9.5, 6, 10], "texture": "#0"},
				"west": {"uv": [5.5, 9.5, 6, 10], "rotation": 270, "texture": "#0"},
				"up": {"uv": [5.5, 9.5, 6, 10], "texture": "#0"},
				"down": {"uv": [5.5, 10, 6, 9.5], "texture": "#0"}
			}
		},
		{
			"name": "diamond_pickaxe_55",
			"from": [6, 0, 9.5],
			"to": [6.5, 0.5, 10],
			"faces": {
				"north": {"uv": [6.5, 9.5, 6, 10], "texture": "#0"},
				"east": {"uv": [6, 9.5, 6.5, 10], "rotation": 90, "texture": "#0"},
				"south": {"uv": [6, 9.5, 6.5, 10], "texture": "#0"},
				"west": {"uv": [6, 9.5, 6.5, 10], "rotation": 270, "texture": "#0"},
				"up": {"uv": [6, 9.5, 6.5, 10], "texture": "#0"},
				"down": {"uv": [6, 10, 6.5, 9.5], "texture": "#0"}
			}
		},
		{
			"name": "diamond_pickaxe_56",
			"from": [6.5, 0, 9.5],
			"to": [7, 0.5, 10],
			"faces": {
				"north": {"uv": [7, 9.5, 6.5, 10], "texture": "#0"},
				"east": {"uv": [6.5, 9.5, 7, 10], "rotation": 90, "texture": "#0"},
				"south": {"uv": [6.5, 9.5, 7, 10], "texture": "#0"},
				"west": {"uv": [6.5, 9.5, 7, 10], "rotation": 270, "texture": "#0"},
				"up": {"uv": [6.5, 9.5, 7, 10], "texture": "#0"},
				"down": {"uv": [6.5, 10, 7, 9.5], "texture": "#0"}
			}
		},
		{
			"name": "diamond_pickaxe_57",
			"from": [10.5, 0, 9.5],
			"to": [11, 0.5, 10],
			"faces": {
				"north": {"uv": [11, 9.5, 10.5, 10], "texture": "#0"},
				"east": {"uv": [10.5, 9.5, 11, 10], "rotation": 90, "texture": "#0"},
				"south": {"uv": [10.5, 9.5, 11, 10], "texture": "#0"},
				"west": {"uv": [10.5, 9.5, 11, 10], "rotation": 270, "texture": "#0"},
				"up": {"uv": [10.5, 9.5, 11, 10], "texture": "#0"},
				"down": {"uv": [10.5, 10, 11, 9.5], "texture": "#0"}
			}
		},
		{
			"name": "diamond_pickaxe_58",
			"from": [11, 0, 9.5],
			"to": [11.5, 0.5, 10],
			"faces": {
				"north": {"uv": [11.5, 9.5, 11, 10], "texture": "#0"},
				"east": {"uv": [11, 9.5, 11.5, 10], "rotation": 90, "texture": "#0"},
				"south": {"uv": [11, 9.5, 11.5, 10], "texture": "#0"},
				"west": {"uv": [11, 9.5, 11.5, 10], "rotation": 270, "texture": "#0"},
				"up": {"uv": [11, 9.5, 11.5, 10], "texture": "#0"},
				"down": {"uv": [11, 10, 11.5, 9.5], "texture": "#0"}
			}
		},
		{
			"name": "diamond_pickaxe_59",
			"from": [5, 0, 10],
			"to": [5.5, 0.5, 10.5],
			"faces": {
				"north": {"uv": [5.5, 10, 5, 10.5], "texture": "#0"},
				"east": {"uv": [5, 10, 5.5, 10.5], "rotation": 90, "texture": "#0"},
				"south": {"uv": [5, 10, 5.5, 10.5], "texture": "#0"},
				"west": {"uv": [5, 10, 5.5, 10.5], "rotation": 270, "texture": "#0"},
				"up": {"uv": [5, 10, 5.5, 10.5], "texture": "#0"},
				"down": {"uv": [5, 10.5, 5.5, 10], "texture": "#0"}
			}
		},
		{
			"name": "diamond_pickaxe_60",
			"from": [5.5, 0, 10],
			"to": [6, 0.5, 10.5],
			"faces": {
				"north": {"uv": [6, 10, 5.5, 10.5], "texture": "#0"},
				"east": {"uv": [5.5, 10, 6, 10.5], "rotation": 90, "texture": "#0"},
				"south": {"uv": [5.5, 10, 6, 10.5], "texture": "#0"},
				"west": {"uv": [5.5, 10, 6, 10.5], "rotation": 270, "texture": "#0"},
				"up": {"uv": [5.5, 10, 6, 10.5], "texture": "#0"},
				"down": {"uv": [5.5, 10.5, 6, 10], "texture": "#0"}
			}
		},
		{
			"name": "diamond_pickaxe_61",
			"from": [6, 0, 10],
			"to": [6.5, 0.5, 10.5],
			"faces": {
				"north": {"uv": [6.5, 10, 6, 10.5], "texture": "#0"},
				"east": {"uv": [6, 10, 6.5, 10.5], "rotation": 90, "texture": "#0"},
				"south": {"uv": [6, 10, 6.5, 10.5], "texture": "#0"},
				"west": {"uv": [6, 10, 6.5, 10.5], "rotation": 270, "texture": "#0"},
				"up": {"uv": [6, 10, 6.5, 10.5], "texture": "#0"},
				"down": {"uv": [6, 10.5, 6.5, 10], "texture": "#0"}
			}
		},
		{
			"name": "diamond_pickaxe_62",
			"from": [10.5, 0, 10],
			"to": [11, 0.5, 10.5],
			"faces": {
				"north": {"uv": [11, 10, 10.5, 10.5], "texture": "#0"},
				"east": {"uv": [10.5, 10, 11, 10.5], "rotation": 90, "texture": "#0"},
				"south": {"uv": [10.5, 10, 11, 10.5], "texture": "#0"},
				"west": {"uv": [10.5, 10, 11, 10.5], "rotation": 270, "texture": "#0"},
				"up": {"uv": [10.5, 10, 11, 10.5], "texture": "#0"},
				"down": {"uv": [10.5, 10.5, 11, 10], "texture": "#0"}
			}
		},
		{
			"name": "diamond_pickaxe_63",
			"from": [11, 0, 10],
			"to": [11.5, 0.5, 10.5],
			"faces": {
				"north": {"uv": [11.5, 10, 11, 10.5], "texture": "#0"},
				"east": {"uv": [11, 10, 11.5, 10.5], "rotation": 90, "texture": "#0"},
				"south": {"uv": [11, 10, 11.5, 10.5], "texture": "#0"},
				"west": {"uv": [11, 10, 11.5, 10.5], "rotation": 270, "texture": "#0"},
				"up": {"uv": [11, 10, 11.5, 10.5], "texture": "#0"},
				"down": {"uv": [11, 10.5, 11.5, 10], "texture": "#0"}
			}
		},
		{
			"name": "diamond_pickaxe_64",
			"from": [4.5, 0, 10.5],
			"to": [5, 0.5, 11],
			"faces": {
				"north": {"uv": [5, 10.5, 4.5, 11], "texture": "#0"},
				"east": {"uv": [4.5, 10.5, 5, 11], "rotation": 90, "texture": "#0"},
				"south": {"uv": [4.5, 10.5, 5, 11], "texture": "#0"},
				"west": {"uv": [4.5, 10.5, 5, 11], "rotation": 270, "texture": "#0"},
				"up": {"uv": [4.5, 10.5, 5, 11], "texture": "#0"},
				"down": {"uv": [4.5, 11, 5, 10.5], "texture": "#0"}
			}
		},
		{
			"name": "diamond_pickaxe_65",
			"from": [5, 0, 10.5],
			"to": [5.5, 0.5, 11],
			"faces": {
				"north": {"uv": [5.5, 10.5, 5, 11], "texture": "#0"},
				"east": {"uv": [5, 10.5, 5.5, 11], "rotation": 90, "texture": "#0"},
				"south": {"uv": [5, 10.5, 5.5, 11], "texture": "#0"},
				"west": {"uv": [5, 10.5, 5.5, 11], "rotation": 270, "texture": "#0"},
				"up": {"uv": [5, 10.5, 5.5, 11], "texture": "#0"},
				"down": {"uv": [5, 11, 5.5, 10.5], "texture": "#0"}
			}
		},
		{
			"name": "diamond_pickaxe_66",
			"from": [5.5, 0, 10.5],
			"to": [6, 0.5, 11],
			"faces": {
				"north": {"uv": [6, 10.5, 5.5, 11], "texture": "#0"},
				"east": {"uv": [5.5, 10.5, 6, 11], "rotation": 90, "texture": "#0"},
				"south": {"uv": [5.5, 10.5, 6, 11], "texture": "#0"},
				"west": {"uv": [5.5, 10.5, 6, 11], "rotation": 270, "texture": "#0"},
				"up": {"uv": [5.5, 10.5, 6, 11], "texture": "#0"},
				"down": {"uv": [5.5, 11, 6, 10.5], "texture": "#0"}
			}
		},
		{
			"name": "diamond_pickaxe_67",
			"from": [11, 0, 10.5],
			"to": [11.5, 0.5, 11],
			"faces": {
				"north": {"uv": [11.5, 10.5, 11, 11], "texture": "#0"},
				"east": {"uv": [11, 10.5, 11.5, 11], "rotation": 90, "texture": "#0"},
				"south": {"uv": [11, 10.5, 11.5, 11], "texture": "#0"},
				"west": {"uv": [11, 10.5, 11.5, 11], "rotation": 270, "texture": "#0"},
				"up": {"uv": [11, 10.5, 11.5, 11], "texture": "#0"},
				"down": {"uv": [11, 11, 11.5, 10.5], "texture": "#0"}
			}
		},
		{
			"name": "diamond_pickaxe_68",
			"from": [4, 0, 11],
			"to": [4.5, 0.5, 11.5],
			"faces": {
				"north": {"uv": [4.5, 11, 4, 11.5], "texture": "#0"},
				"east": {"uv": [4, 11, 4.5, 11.5], "rotation": 90, "texture": "#0"},
				"south": {"uv": [4, 11, 4.5, 11.5], "texture": "#0"},
				"west": {"uv": [4, 11, 4.5, 11.5], "rotation": 270, "texture": "#0"},
				"up": {"uv": [4, 11, 4.5, 11.5], "texture": "#0"},
				"down": {"uv": [4, 11.5, 4.5, 11], "texture": "#0"}
			}
		},
		{
			"name": "diamond_pickaxe_69",
			"from": [4.5, 0, 11],
			"to": [5, 0.5, 11.5],
			"faces": {
				"north": {"uv": [5, 11, 4.5, 11.5], "texture": "#0"},
				"east": {"uv": [4.5, 11, 5, 11.5], "rotation": 90, "texture": "#0"},
				"south": {"uv": [4.5, 11, 5, 11.5], "texture": "#0"},
				"west": {"uv": [4.5, 11, 5, 11.5], "rotation": 270, "texture": "#0"},
				"up": {"uv": [4.5, 11, 5, 11.5], "texture": "#0"},
				"down": {"uv": [4.5, 11.5, 5, 11], "texture": "#0"}
			}
		},
		{
			"name": "diamond_pickaxe_70",
			"from": [5, 0, 11],
			"to": [5.5, 0.5, 11.5],
			"faces": {
				"north": {"uv": [5.5, 11, 5, 11.5], "texture": "#0"},
				"east": {"uv": [5, 11, 5.5, 11.5], "rotation": 90, "texture": "#0"},
				"south": {"uv": [5, 11, 5.5, 11.5], "texture": "#0"},
				"west": {"uv": [5, 11, 5.5, 11.5], "rotation": 270, "texture": "#0"},
				"up": {"uv": [5, 11, 5.5, 11.5], "texture": "#0"},
				"down": {"uv": [5, 11.5, 5.5, 11], "texture": "#0"}
			}
		},
		{
			"name": "diamond_pickaxe_71",
			"from": [11, 0, 11],
			"to": [11.5, 0.5, 11.5],
			"faces": {
				"north": {"uv": [11.5, 11, 11, 11.5], "texture": "#0"},
				"east": {"uv": [11, 11, 11.5, 11.5], "rotation": 90, "texture": "#0"},
				"south": {"uv": [11, 11, 11.5, 11.5], "texture": "#0"},
				"west": {"uv": [11, 11, 11.5, 11.5], "rotation": 270, "texture": "#0"},
				"up": {"uv": [11, 11, 11.5, 11.5], "texture": "#0"},
				"down": {"uv": [11, 11.5, 11.5, 11], "texture": "#0"}
			}
		},
		{
			"name": "diamond_pickaxe_72",
			"from": [3.5, 0, 11.5],
			"to": [4, 0.5, 12],
			"faces": {
				"north": {"uv": [4, 11.5, 3.5, 12], "texture": "#0"},
				"east": {"uv": [3.5, 11.5, 4, 12], "rotation": 90, "texture": "#0"},
				"south": {"uv": [3.5, 11.5, 4, 12], "texture": "#0"},
				"west": {"uv": [3.5, 11.5, 4, 12], "rotation": 270, "texture": "#0"},
				"up": {"uv": [3.5, 11.5, 4, 12], "texture": "#0"},
				"down": {"uv": [3.5, 12, 4, 11.5], "texture": "#0"}
			}
		},
		{
			"name": "diamond_pickaxe_73",
			"from": [4, 0, 11.5],
			"to": [4.5, 0.5, 12],
			"faces": {
				"north": {"uv": [4.5, 11.5, 4, 12], "texture": "#0"},
				"east": {"uv": [4, 11.5, 4.5, 12], "rotation": 90, "texture": "#0"},
				"south": {"uv": [4, 11.5, 4.5, 12], "texture": "#0"},
				"west": {"uv": [4, 11.5, 4.5, 12], "rotation": 270, "texture": "#0"},
				"up": {"uv": [4, 11.5, 4.5, 12], "texture": "#0"},
				"down": {"uv": [4, 12, 4.5, 11.5], "texture": "#0"}
			}
		},
		{
			"name": "diamond_pickaxe_74",
			"from": [4.5, 0, 11.5],
			"to": [5, 0.5, 12],
			"faces": {
				"north": {"uv": [5, 11.5, 4.5, 12], "texture": "#0"},
				"east": {"uv": [4.5, 11.5, 5, 12], "rotation": 90, "texture": "#0"},
				"south": {"uv": [4.5, 11.5, 5, 12], "texture": "#0"},
				"west": {"uv": [4.5, 11.5, 5, 12], "rotation": 270, "texture": "#0"},
				"up": {"uv": [4.5, 11.5, 5, 12], "texture": "#0"},
				"down": {"uv": [4.5, 12, 5, 11.5], "texture": "#0"}
			}
		},
		{
			"name": "diamond_pickaxe_75",
			"from": [3, 0, 12],
			"to": [3.5, 0.5, 12.5],
			"faces": {
				"north": {"uv": [3.5, 12, 3, 12.5], "texture": "#0"},
				"east": {"uv": [3, 12, 3.5, 12.5], "rotation": 90, "texture": "#0"},
				"south": {"uv": [3, 12, 3.5, 12.5], "texture": "#0"},
				"west": {"uv": [3, 12, 3.5, 12.5], "rotation": 270, "texture": "#0"},
				"up": {"uv": [3, 12, 3.5, 12.5], "texture": "#0"},
				"down": {"uv": [3, 12.5, 3.5, 12], "texture": "#0"}
			}
		},
		{
			"name": "diamond_pickaxe_76",
			"from": [3.5, 0, 12],
			"to": [4, 0.5, 12.5],
			"faces": {
				"north": {"uv": [4, 12, 3.5, 12.5], "texture": "#0"},
				"east": {"uv": [3.5, 12, 4, 12.5], "rotation": 90, "texture": "#0"},
				"south": {"uv": [3.5, 12, 4, 12.5], "texture": "#0"},
				"west": {"uv": [3.5, 12, 4, 12.5], "rotation": 270, "texture": "#0"},
				"up": {"uv": [3.5, 12, 4, 12.5], "texture": "#0"},
				"down": {"uv": [3.5, 12.5, 4, 12], "texture": "#0"}
			}
		},
		{
			"name": "diamond_pickaxe_77",
			"from": [4, 0, 12],
			"to": [4.5, 0.5, 12.5],
			"faces": {
				"north": {"uv": [4.5, 12, 4, 12.5], "texture": "#0"},
				"east": {"uv": [4, 12, 4.5, 12.5], "rotation": 90, "texture": "#0"},
				"south": {"uv": [4, 12, 4.5, 12.5], "texture": "#0"},
				"west": {"uv": [4, 12, 4.5, 12.5], "rotation": 270, "texture": "#0"},
				"up": {"uv": [4, 12, 4.5, 12.5], "texture": "#0"},
				"down": {"uv": [4, 12.5, 4.5, 12], "texture": "#0"}
			}
		},
		{
			"name": "diamond_pickaxe_78",
			"from": [2.5, 0, 12.5],
			"to": [3, 0.5, 13],
			"faces": {
				"north": {"uv": [3, 12.5, 2.5, 13], "texture": "#0"},
				"east": {"uv": [2.5, 12.5, 3, 13], "rotation": 90, "texture": "#0"},
				"south": {"uv": [2.5, 12.5, 3, 13], "texture": "#0"},
				"west": {"uv": [2.5, 12.5, 3, 13], "rotation": 270, "texture": "#0"},
				"up": {"uv": [2.5, 12.5, 3, 13], "texture": "#0"},
				"down": {"uv": [2.5, 13, 3, 12.5], "texture": "#0"}
			}
		},
		{
			"name": "diamond_pickaxe_79",
			"from": [3, 0, 12.5],
			"to": [3.5, 0.5, 13],
			"faces": {
				"north": {"uv": [3.5, 12.5, 3, 13], "texture": "#0"},
				"east": {"uv": [3, 12.5, 3.5, 13], "rotation": 90, "texture": "#0"},
				"south": {"uv": [3, 12.5, 3.5, 13], "texture": "#0"},
				"west": {"uv": [3, 12.5, 3.5, 13], "rotation": 270, "texture": "#0"},
				"up": {"uv": [3, 12.5, 3.5, 13], "texture": "#0"},
				"down": {"uv": [3, 13, 3.5, 12.5], "texture": "#0"}
			}
		},
		{
			"name": "diamond_pickaxe_80",
			"from": [3.5, 0, 12.5],
			"to": [4, 0.5, 13],
			"faces": {
				"north": {"uv": [4, 12.5, 3.5, 13], "texture": "#0"},
				"east": {"uv": [3.5, 12.5, 4, 13], "rotation": 90, "texture": "#0"},
				"south": {"uv": [3.5, 12.5, 4, 13], "texture": "#0"},
				"west": {"uv": [3.5, 12.5, 4, 13], "rotation": 270, "texture": "#0"},
				"up": {"uv": [3.5, 12.5, 4, 13], "texture": "#0"},
				"down": {"uv": [3.5, 13, 4, 12.5], "texture": "#0"}
			}
		},
		{
			"name": "diamond_pickaxe_81",
			"from": [2, 0, 13],
			"to": [2.5, 0.5, 13.5],
			"faces": {
				"north": {"uv": [2.5, 13, 2, 13.5], "texture": "#0"},
				"east": {"uv": [2, 13, 2.5, 13.5], "rotation": 90, "texture": "#0"},
				"south": {"uv": [2, 13, 2.5, 13.5], "texture": "#0"},
				"west": {"uv": [2, 13, 2.5, 13.5], "rotation": 270, "texture": "#0"},
				"up": {"uv": [2, 13, 2.5, 13.5], "texture": "#0"},
				"down": {"uv": [2, 13.5, 2.5, 13], "texture": "#0"}
			}
		},
		{
			"name": "diamond_pickaxe_82",
			"from": [2.5, 0, 13],
			"to": [3, 0.5, 13.5],
			"faces": {
				"north": {"uv": [3, 13, 2.5, 13.5], "texture": "#0"},
				"east": {"uv": [2.5, 13, 3, 13.5], "rotation": 90, "texture": "#0"},
				"south": {"uv": [2.5, 13, 3, 13.5], "texture": "#0"},
				"west": {"uv": [2.5, 13, 3, 13.5], "rotation": 270, "texture": "#0"},
				"up": {"uv": [2.5, 13, 3, 13.5], "texture": "#0"},
				"down": {"uv": [2.5, 13.5, 3, 13], "texture": "#0"}
			}
		},
		{
			"name": "diamond_pickaxe_83",
			"from": [3, 0, 13],
			"to": [3.5, 0.5, 13.5],
			"faces": {
				"north": {"uv": [3.5, 13, 3, 13.5], "texture": "#0"},
				"east": {"uv": [3, 13, 3.5, 13.5], "rotation": 90, "texture": "#0"},
				"south": {"uv": [3, 13, 3.5, 13.5], "texture": "#0"},
				"west": {"uv": [3, 13, 3.5, 13.5], "rotation": 270, "texture": "#0"},
				"up": {"uv": [3, 13, 3.5, 13.5], "texture": "#0"},
				"down": {"uv": [3, 13.5, 3.5, 13], "texture": "#0"}
			}
		},
		{
			"name": "diamond_pickaxe_84",
			"from": [1.5, 0, 13.5],
			"to": [2, 0.5, 14],
			"faces": {
				"north": {"uv": [2, 13.5, 1.5, 14], "texture": "#0"},
				"east": {"uv": [1.5, 13.5, 2, 14], "rotation": 90, "texture": "#0"},
				"south": {"uv": [1.5, 13.5, 2, 14], "texture": "#0"},
				"west": {"uv": [1.5, 13.5, 2, 14], "rotation": 270, "texture": "#0"},
				"up": {"uv": [1.5, 13.5, 2, 14], "texture": "#0"},
				"down": {"uv": [1.5, 14, 2, 13.5], "texture": "#0"}
			}
		},
		{
			"name": "diamond_pickaxe_85",
			"from": [2, 0, 13.5],
			"to": [2.5, 0.5, 14],
			"faces": {
				"north": {"uv": [2.5, 13.5, 2, 14], "texture": "#0"},
				"east": {"uv": [2, 13.5, 2.5, 14], "rotation": 90, "texture": "#0"},
				"south": {"uv": [2, 13.5, 2.5, 14], "texture": "#0"},
				"west": {"uv": [2, 13.5, 2.5, 14], "rotation": 270, "texture": "#0"},
				"up": {"uv": [2, 13.5, 2.5, 14], "texture": "#0"},
				"down": {"uv": [2, 14, 2.5, 13.5], "texture": "#0"}
			}
		},
		{
			"name": "diamond_pickaxe_86",
			"from": [2.5, 0, 13.5],
			"to": [3, 0.5, 14],
			"faces": {
				"north": {"uv": [3, 13.5, 2.5, 14], "texture": "#0"},
				"east": {"uv": [2.5, 13.5, 3, 14], "rotation": 90, "texture": "#0"},
				"south": {"uv": [2.5, 13.5, 3, 14], "texture": "#0"},
				"west": {"uv": [2.5, 13.5, 3, 14], "rotation": 270, "texture": "#0"},
				"up": {"uv": [2.5, 13.5, 3, 14], "texture": "#0"},
				"down": {"uv": [2.5, 14, 3, 13.5], "texture": "#0"}
			}
		},
		{
			"name": "diamond_pickaxe_87",
			"from": [1, 0, 14],
			"to": [1.5, 0.5, 14.5],
			"faces": {
				"north": {"uv": [1.5, 14, 1, 14.5], "texture": "#0"},
				"east": {"uv": [1, 14, 1.5, 14.5], "rotation": 90, "texture": "#0"},
				"south": {"uv": [1, 14, 1.5, 14.5], "texture": "#0"},
				"west": {"uv": [1, 14, 1.5, 14.5], "rotation": 270, "texture": "#0"},
				"up": {"uv": [1, 14, 1.5, 14.5], "texture": "#0"},
				"down": {"uv": [1, 14.5, 1.5, 14], "texture": "#0"}
			}
		},
		{
			"name": "diamond_pickaxe_88",
			"from": [1.5, 0, 14],
			"to": [2, 0.5, 14.5],
			"faces": {
				"north": {"uv": [2, 14, 1.5, 14.5], "texture": "#0"},
				"east": {"uv": [1.5, 14, 2, 14.5], "rotation": 90, "texture": "#0"},
				"south": {"uv": [1.5, 14, 2, 14.5], "texture": "#0"},
				"west": {"uv": [1.5, 14, 2, 14.5], "rotation": 270, "texture": "#0"},
				"up": {"uv": [1.5, 14, 2, 14.5], "texture": "#0"},
				"down": {"uv": [1.5, 14.5, 2, 14], "texture": "#0"}
			}
		},
		{
			"name": "diamond_pickaxe_89",
			"from": [2, 0, 14],
			"to": [2.5, 0.5, 14.5],
			"faces": {
				"north": {"uv": [2.5, 14, 2, 14.5], "texture": "#0"},
				"east": {"uv": [2, 14, 2.5, 14.5], "rotation": 90, "texture": "#0"},
				"south": {"uv": [2, 14, 2.5, 14.5], "texture": "#0"},
				"west": {"uv": [2, 14, 2.5, 14.5], "rotation": 270, "texture": "#0"},
				"up": {"uv": [2, 14, 2.5, 14.5], "texture": "#0"},
				"down": {"uv": [2, 14.5, 2.5, 14], "texture": "#0"}
			}
		},
		{
			"name": "diamond_pickaxe_90",
			"from": [0.5, 0, 14.5],
			"to": [1, 0.5, 15],
			"faces": {
				"north": {"uv": [1, 14.5, 0.5, 15], "texture": "#0"},
				"east": {"uv": [0.5, 14.5, 1, 15], "rotation": 90, "texture": "#0"},
				"south": {"uv": [0.5, 14.5, 1, 15], "texture": "#0"},
				"west": {"uv": [0.5, 14.5, 1, 15], "rotation": 270, "texture": "#0"},
				"up": {"uv": [0.5, 14.5, 1, 15], "texture": "#0"},
				"down": {"uv": [0.5, 15, 1, 14.5], "texture": "#0"}
			}
		},
		{
			"name": "diamond_pickaxe_91",
			"from": [1, 0, 14.5],
			"to": [1.5, 0.5, 15],
			"faces": {
				"north": {"uv": [1.5, 14.5, 1, 15], "texture": "#0"},
				"east": {"uv": [1, 14.5, 1.5, 15], "rotation": 90, "texture": "#0"},
				"south": {"uv": [1, 14.5, 1.5, 15], "texture": "#0"},
				"west": {"uv": [1, 14.5, 1.5, 15], "rotation": 270, "texture": "#0"},
				"up": {"uv": [1, 14.5, 1.5, 15], "texture": "#0"},
				"down": {"uv": [1, 15, 1.5, 14.5], "texture": "#0"}
			}
		},
		{
			"name": "diamond_pickaxe_92",
			"from": [1.5, 0, 14.5],
			"to": [2, 0.5, 15],
			"faces": {
				"north": {"uv": [2, 14.5, 1.5, 15], "texture": "#0"},
				"east": {"uv": [1.5, 14.5, 2, 15], "rotation": 90, "texture": "#0"},
				"south": {"uv": [1.5, 14.5, 2, 15], "texture": "#0"},
				"west": {"uv": [1.5, 14.5, 2, 15], "rotation": 270, "texture": "#0"},
				"up": {"uv": [1.5, 14.5, 2, 15], "texture": "#0"},
				"down": {"uv": [1.5, 15, 2, 14.5], "texture": "#0"}
			}
		},
		{
			"name": "diamond_pickaxe_93",
			"from": [0, 0, 15],
			"to": [0.5, 0.5, 15.5],
			"faces": {
				"north": {"uv": [0.5, 15, 0, 15.5], "texture": "#0"},
				"east": {"uv": [0, 15, 0.5, 15.5], "rotation": 90, "texture": "#0"},
				"south": {"uv": [0, 15, 0.5, 15.5], "texture": "#0"},
				"west": {"uv": [0, 15, 0.5, 15.5], "rotation": 270, "texture": "#0"},
				"up": {"uv": [0, 15, 0.5, 15.5], "texture": "#0"},
				"down": {"uv": [0, 15.5, 0.5, 15], "texture": "#0"}
			}
		},
		{
			"name": "diamond_pickaxe_94",
			"from": [0.5, 0, 15],
			"to": [1, 0.5, 15.5],
			"faces": {
				"north": {"uv": [1, 15, 0.5, 15.5], "texture": "#0"},
				"east": {"uv": [0.5, 15, 1, 15.5], "rotation": 90, "texture": "#0"},
				"south": {"uv": [0.5, 15, 1, 15.5], "texture": "#0"},
				"west": {"uv": [0.5, 15, 1, 15.5], "rotation": 270, "texture": "#0"},
				"up": {"uv": [0.5, 15, 1, 15.5], "texture": "#0"},
				"down": {"uv": [0.5, 15.5, 1, 15], "texture": "#0"}
			}
		},
		{
			"name": "diamond_pickaxe_95",
			"from": [1, 0, 15],
			"to": [1.5, 0.5, 15.5],
			"faces": {
				"north": {"uv": [1.5, 15, 1, 15.5], "texture": "#0"},
				"east": {"uv": [1, 15, 1.5, 15.5], "rotation": 90, "texture": "#0"},
				"south": {"uv": [1, 15, 1.5, 15.5], "texture": "#0"},
				"west": {"uv": [1, 15, 1.5, 15.5], "rotation": 270, "texture": "#0"},
				"up": {"uv": [1, 15, 1.5, 15.5], "texture": "#0"},
				"down": {"uv": [1, 15.5, 1.5, 15], "texture": "#0"}
			}
		},
		{
			"name": "diamond_pickaxe_96",
			"from": [0, 0, 15.5],
			"to": [0.5, 0.5, 16],
			"faces": {
				"north": {"uv": [0.5, 15.5, 0, 16], "texture": "#0"},
				"east": {"uv": [0, 15.5, 0.5, 16], "rotation": 90, "texture": "#0"},
				"south": {"uv": [0, 15.5, 0.5, 16], "texture": "#0"},
				"west": {"uv": [0, 15.5, 0.5, 16], "rotation": 270, "texture": "#0"},
				"up": {"uv": [0, 15.5, 0.5, 16], "texture": "#0"},
				"down": {"uv": [0, 16, 0.5, 15.5], "texture": "#0"}
			}
		},
		{
			"name": "diamond_pickaxe_97",
			"from": [0.5, 0, 15.5],
			"to": [1, 0.5, 16],
			"faces": {
				"north": {"uv": [1, 15.5, 0.5, 16], "texture": "#0"},
				"east": {"uv": [0.5, 15.5, 1, 16], "rotation": 90, "texture": "#0"},
				"south": {"uv": [0.5, 15.5, 1, 16], "texture": "#0"},
				"west": {"uv": [0.5, 15.5, 1, 16], "rotation": 270, "texture": "#0"},
				"up": {"uv": [0.5, 15.5, 1, 16], "texture": "#0"},
				"down": {"uv": [0.5, 16, 1, 15.5], "texture": "#0"}
			}
		}
	],
	"gui_light": "front",
	"display": {
		"thirdperson_righthand": {
			"rotation": [35, 0, 90],
			"translation": [-12.25, 9.25, -0.5],
			"scale": [1.6, 1.6, 1.6]
		},
		"thirdperson_lefthand": {
			"rotation": [-145, -180, 90],
			"translation": [12.25, 9.25, -0.5],
			"scale": [1.6, 1.6, 1.6]
		},
		"firstperson_righthand": {
			"rotation": [57, -10, 90],
			"translation": [-8, 9.75, -1],
			"scale": [1.5, 1.5, 1.5]
		},
		"firstperson_lefthand": {
			"rotation": [43, -22, -89],
			"translation": [16, 6, 2.25],
			"scale": [1.5, 1.5, 1.5]
		},
		"ground": {
			"rotation": [90, 15, 0],
			"translation": [0, 0.5, 0],
			"scale": [0.7, 0.7, 0.7]
		},
		"gui": {
			"rotation": [90, 0, 0],
			"translation": [2.5, 2.5, 0],
			"scale": [1.3, 1.3, 1.3]
		},
		"head": {
			"rotation": [90, -180, 0],
			"translation": [-2, -17.5, 21],
			"scale": [2, 2, 2]
		},
		"fixed": {
			"rotation": [90, 0, -180],
			"translation": [-3, 3, -13.25],
			"scale": [1.6, 1.6, 1.6]
		}
	},
	"groups": [
		{
			"name": "diamond_pickaxe",
			"origin": [8, 8, 8],
			"color": 0,
			"children": [
				0,
				1,
				2,
				3,
				4,
				5,
				6,
				7,
				8,
				9,
				10,
				11,
				12,
				13,
				14,
				15,
				16,
				17,
				18,
				19,
				20,
				21,
				22,
				23,
				24,
				25,
				26,
				27,
				28,
				29,
				30,
				31,
				32,
				33,
				34,
				35,
				36,
				37,
				38,
				39,
				40,
				41,
				42,
				43,
				44,
				45,
				46,
				47,
				48,
				49,
				50,
				51,
				52,
				53,
				54,
				55,
				56,
				57,
				58,
				59,
				60,
				61,
				62,
				63,
				64,
				65,
				66,
				67,
				68,
				69,
				70,
				71,
				72,
				73,
				74,
				75,
				76,
				77,
				78,
				79,
				80,
				81,
				82,
				83,
				84,
				85,
				86,
				87,
				88,
				89,
				90,
				91,
				92,
				93,
				94,
				95,
				96,
				97
			]
		}
	]
}