{
	"credit": "Made with Blockbench",
	"texture_size": [32, 32],
	"textures": {
		"0": "item/netherite_axe",
		"particle": "item/netherite_axe"
	},
    "overrides": [
        {
            "predicate": {
                "damaged": 1,
                "damage": 0.85
            },
            "model": "item/netherite_axe_1"
        }
    ],
	"elements": [
		{
			"name": "netherite_axe_0",
			"from": [5.5, 0, 4],
			"to": [6, 0.5, 4.5],
			"faces": {
				"north": {"uv": [6, 4, 5.5, 4.5], "texture": "#0"},
				"east": {"uv": [5.5, 4, 6, 4.5], "rotation": 90, "texture": "#0"},
				"south": {"uv": [5.5, 4, 6, 4.5], "texture": "#0"},
				"west": {"uv": [5.5, 4, 6, 4.5], "rotation": 270, "texture": "#0"},
				"up": {"uv": [5.5, 4, 6, 4.5], "texture": "#0"},
				"down": {"uv": [5.5, 4.5, 6, 4], "texture": "#0"}
			}
		},
		{
			"name": "netherite_axe_1",
			"from": [5, 0, 4.5],
			"to": [5.5, 0.5, 5],
			"faces": {
				"north": {"uv": [5.5, 4.5, 5, 5], "texture": "#0"},
				"east": {"uv": [5, 4.5, 5.5, 5], "rotation": 90, "texture": "#0"},
				"south": {"uv": [5, 4.5, 5.5, 5], "texture": "#0"},
				"west": {"uv": [5, 4.5, 5.5, 5], "rotation": 270, "texture": "#0"},
				"up": {"uv": [5, 4.5, 5.5, 5], "texture": "#0"},
				"down": {"uv": [5, 5, 5.5, 4.5], "texture": "#0"}
			}
		},
		{
			"name": "netherite_axe_2",
			"from": [5.5, 0, 4.5],
			"to": [6, 0.5, 5],
			"faces": {
				"north": {"uv": [6, 4.5, 5.5, 5], "texture": "#0"},
				"east": {"uv": [5.5, 4.5, 6, 5], "rotation": 90, "texture": "#0"},
				"south": {"uv": [5.5, 4.5, 6, 5], "texture": "#0"},
				"west": {"uv": [5.5, 4.5, 6, 5], "rotation": 270, "texture": "#0"},
				"up": {"uv": [5.5, 4.5, 6, 5], "texture": "#0"},
				"down": {"uv": [5.5, 5, 6, 4.5], "texture": "#0"}
			}
		},
		{
			"name": "netherite_axe_3",
			"from": [6, 0, 4.5],
			"to": [6.5, 0.5, 5],
			"faces": {
				"north": {"uv": [6.5, 4.5, 6, 5], "texture": "#0"},
				"east": {"uv": [6, 4.5, 6.5, 5], "rotation": 90, "texture": "#0"},
				"south": {"uv": [6, 4.5, 6.5, 5], "texture": "#0"},
				"west": {"uv": [6, 4.5, 6.5, 5], "rotation": 270, "texture": "#0"},
				"up": {"uv": [6, 4.5, 6.5, 5], "texture": "#0"},
				"down": {"uv": [6, 5, 6.5, 4.5], "texture": "#0"}
			}
		},
		{
			"name": "netherite_axe_4",
			"from": [4.5, 0, 5],
			"to": [5, 0.5, 5.5],
			"faces": {
				"north": {"uv": [5, 5, 4.5, 5.5], "texture": "#0"},
				"east": {"uv": [4.5, 5, 5, 5.5], "rotation": 90, "texture": "#0"},
				"south": {"uv": [4.5, 5, 5, 5.5], "texture": "#0"},
				"west": {"uv": [4.5, 5, 5, 5.5], "rotation": 270, "texture": "#0"},
				"up": {"uv": [4.5, 5, 5, 5.5], "texture": "#0"},
				"down": {"uv": [4.5, 5.5, 5, 5], "texture": "#0"}
			}
		},
		{
			"name": "netherite_axe_5",
			"from": [5, 0, 5],
			"to": [5.5, 0.5, 5.5],
			"faces": {
				"north": {"uv": [5.5, 5, 5, 5.5], "texture": "#0"},
				"east": {"uv": [5, 5, 5.5, 5.5], "rotation": 90, "texture": "#0"},
				"south": {"uv": [5, 5, 5.5, 5.5], "texture": "#0"},
				"west": {"uv": [5, 5, 5.5, 5.5], "rotation": 270, "texture": "#0"},
				"up": {"uv": [5, 5, 5.5, 5.5], "texture": "#0"},
				"down": {"uv": [5, 5.5, 5.5, 5], "texture": "#0"}
			}
		},
		{
			"name": "netherite_axe_6",
			"from": [5.5, 0, 5],
			"to": [6, 0.5, 5.5],
			"faces": {
				"north": {"uv": [6, 5, 5.5, 5.5], "texture": "#0"},
				"east": {"uv": [5.5, 5, 6, 5.5], "rotation": 90, "texture": "#0"},
				"south": {"uv": [5.5, 5, 6, 5.5], "texture": "#0"},
				"west": {"uv": [5.5, 5, 6, 5.5], "rotation": 270, "texture": "#0"},
				"up": {"uv": [5.5, 5, 6, 5.5], "texture": "#0"},
				"down": {"uv": [5.5, 5.5, 6, 5], "texture": "#0"}
			}
		},
		{
			"name": "netherite_axe_7",
			"from": [6, 0, 5],
			"to": [6.5, 0.5, 5.5],
			"faces": {
				"north": {"uv": [6.5, 5, 6, 5.5], "texture": "#0"},
				"east": {"uv": [6, 5, 6.5, 5.5], "rotation": 90, "texture": "#0"},
				"south": {"uv": [6, 5, 6.5, 5.5], "texture": "#0"},
				"west": {"uv": [6, 5, 6.5, 5.5], "rotation": 270, "texture": "#0"},
				"up": {"uv": [6, 5, 6.5, 5.5], "texture": "#0"},
				"down": {"uv": [6, 5.5, 6.5, 5], "texture": "#0"}
			}
		},
		{
			"name": "netherite_axe_8",
			"from": [6.5, 0, 5],
			"to": [7, 0.5, 5.5],
			"faces": {
				"north": {"uv": [7, 5, 6.5, 5.5], "texture": "#0"},
				"east": {"uv": [6.5, 5, 7, 5.5], "rotation": 90, "texture": "#0"},
				"south": {"uv": [6.5, 5, 7, 5.5], "texture": "#0"},
				"west": {"uv": [6.5, 5, 7, 5.5], "rotation": 270, "texture": "#0"},
				"up": {"uv": [6.5, 5, 7, 5.5], "texture": "#0"},
				"down": {"uv": [6.5, 5.5, 7, 5], "texture": "#0"}
			}
		},
		{
			"name": "netherite_axe_9",
			"from": [4.5, 0, 5.5],
			"to": [5, 0.5, 6],
			"faces": {
				"north": {"uv": [5, 5.5, 4.5, 6], "texture": "#0"},
				"east": {"uv": [4.5, 5.5, 5, 6], "rotation": 90, "texture": "#0"},
				"south": {"uv": [4.5, 5.5, 5, 6], "texture": "#0"},
				"west": {"uv": [4.5, 5.5, 5, 6], "rotation": 270, "texture": "#0"},
				"up": {"uv": [4.5, 5.5, 5, 6], "texture": "#0"},
				"down": {"uv": [4.5, 6, 5, 5.5], "texture": "#0"}
			}
		},
		{
			"name": "netherite_axe_10",
			"from": [5, 0, 5.5],
			"to": [5.5, 0.5, 6],
			"faces": {
				"north": {"uv": [5.5, 5.5, 5, 6], "texture": "#0"},
				"east": {"uv": [5, 5.5, 5.5, 6], "rotation": 90, "texture": "#0"},
				"south": {"uv": [5, 5.5, 5.5, 6], "texture": "#0"},
				"west": {"uv": [5, 5.5, 5.5, 6], "rotation": 270, "texture": "#0"},
				"up": {"uv": [5, 5.5, 5.5, 6], "texture": "#0"},
				"down": {"uv": [5, 6, 5.5, 5.5], "texture": "#0"}
			}
		},
		{
			"name": "netherite_axe_11",
			"from": [5.5, 0, 5.5],
			"to": [6, 0.5, 6],
			"faces": {
				"north": {"uv": [6, 5.5, 5.5, 6], "texture": "#0"},
				"east": {"uv": [5.5, 5.5, 6, 6], "rotation": 90, "texture": "#0"},
				"south": {"uv": [5.5, 5.5, 6, 6], "texture": "#0"},
				"west": {"uv": [5.5, 5.5, 6, 6], "rotation": 270, "texture": "#0"},
				"up": {"uv": [5.5, 5.5, 6, 6], "texture": "#0"},
				"down": {"uv": [5.5, 6, 6, 5.5], "texture": "#0"}
			}
		},
		{
			"name": "netherite_axe_12",
			"from": [6, 0, 5.5],
			"to": [6.5, 0.5, 6],
			"faces": {
				"north": {"uv": [6.5, 5.5, 6, 6], "texture": "#0"},
				"east": {"uv": [6, 5.5, 6.5, 6], "rotation": 90, "texture": "#0"},
				"south": {"uv": [6, 5.5, 6.5, 6], "texture": "#0"},
				"west": {"uv": [6, 5.5, 6.5, 6], "rotation": 270, "texture": "#0"},
				"up": {"uv": [6, 5.5, 6.5, 6], "texture": "#0"},
				"down": {"uv": [6, 6, 6.5, 5.5], "texture": "#0"}
			}
		},
		{
			"name": "netherite_axe_13",
			"from": [6.5, 0, 5.5],
			"to": [7, 0.5, 6],
			"faces": {
				"north": {"uv": [7, 5.5, 6.5, 6], "texture": "#0"},
				"east": {"uv": [6.5, 5.5, 7, 6], "rotation": 90, "texture": "#0"},
				"south": {"uv": [6.5, 5.5, 7, 6], "texture": "#0"},
				"west": {"uv": [6.5, 5.5, 7, 6], "rotation": 270, "texture": "#0"},
				"up": {"uv": [6.5, 5.5, 7, 6], "texture": "#0"},
				"down": {"uv": [6.5, 6, 7, 5.5], "texture": "#0"}
			}
		},
		{
			"name": "netherite_axe_14",
			"from": [7, 0, 5.5],
			"to": [7.5, 0.5, 6],
			"faces": {
				"north": {"uv": [7.5, 5.5, 7, 6], "texture": "#0"},
				"east": {"uv": [7, 5.5, 7.5, 6], "rotation": 90, "texture": "#0"},
				"south": {"uv": [7, 5.5, 7.5, 6], "texture": "#0"},
				"west": {"uv": [7, 5.5, 7.5, 6], "rotation": 270, "texture": "#0"},
				"up": {"uv": [7, 5.5, 7.5, 6], "texture": "#0"},
				"down": {"uv": [7, 6, 7.5, 5.5], "texture": "#0"}
			}
		},
		{
			"name": "netherite_axe_15",
			"from": [4, 0, 6],
			"to": [4.5, 0.5, 6.5],
			"faces": {
				"north": {"uv": [4.5, 6, 4, 6.5], "texture": "#0"},
				"east": {"uv": [4, 6, 4.5, 6.5], "rotation": 90, "texture": "#0"},
				"south": {"uv": [4, 6, 4.5, 6.5], "texture": "#0"},
				"west": {"uv": [4, 6, 4.5, 6.5], "rotation": 270, "texture": "#0"},
				"up": {"uv": [4, 6, 4.5, 6.5], "texture": "#0"},
				"down": {"uv": [4, 6.5, 4.5, 6], "texture": "#0"}
			}
		},
		{
			"name": "netherite_axe_16",
			"from": [4.5, 0, 6],
			"to": [5, 0.5, 6.5],
			"faces": {
				"north": {"uv": [5, 6, 4.5, 6.5], "texture": "#0"},
				"east": {"uv": [4.5, 6, 5, 6.5], "rotation": 90, "texture": "#0"},
				"south": {"uv": [4.5, 6, 5, 6.5], "texture": "#0"},
				"west": {"uv": [4.5, 6, 5, 6.5], "rotation": 270, "texture": "#0"},
				"up": {"uv": [4.5, 6, 5, 6.5], "texture": "#0"},
				"down": {"uv": [4.5, 6.5, 5, 6], "texture": "#0"}
			}
		},
		{
			"name": "netherite_axe_17",
			"from": [5, 0, 6],
			"to": [5.5, 0.5, 6.5],
			"faces": {
				"north": {"uv": [5.5, 6, 5, 6.5], "texture": "#0"},
				"east": {"uv": [5, 6, 5.5, 6.5], "rotation": 90, "texture": "#0"},
				"south": {"uv": [5, 6, 5.5, 6.5], "texture": "#0"},
				"west": {"uv": [5, 6, 5.5, 6.5], "rotation": 270, "texture": "#0"},
				"up": {"uv": [5, 6, 5.5, 6.5], "texture": "#0"},
				"down": {"uv": [5, 6.5, 5.5, 6], "texture": "#0"}
			}
		},
		{
			"name": "netherite_axe_18",
			"from": [5.5, 0, 6],
			"to": [6, 0.5, 6.5],
			"faces": {
				"north": {"uv": [6, 6, 5.5, 6.5], "texture": "#0"},
				"east": {"uv": [5.5, 6, 6, 6.5], "rotation": 90, "texture": "#0"},
				"south": {"uv": [5.5, 6, 6, 6.5], "texture": "#0"},
				"west": {"uv": [5.5, 6, 6, 6.5], "rotation": 270, "texture": "#0"},
				"up": {"uv": [5.5, 6, 6, 6.5], "texture": "#0"},
				"down": {"uv": [5.5, 6.5, 6, 6], "texture": "#0"}
			}
		},
		{
			"name": "netherite_axe_19",
			"from": [6, 0, 6],
			"to": [6.5, 0.5, 6.5],
			"faces": {
				"north": {"uv": [6.5, 6, 6, 6.5], "texture": "#0"},
				"east": {"uv": [6, 6, 6.5, 6.5], "rotation": 90, "texture": "#0"},
				"south": {"uv": [6, 6, 6.5, 6.5], "texture": "#0"},
				"west": {"uv": [6, 6, 6.5, 6.5], "rotation": 270, "texture": "#0"},
				"up": {"uv": [6, 6, 6.5, 6.5], "texture": "#0"},
				"down": {"uv": [6, 6.5, 6.5, 6], "texture": "#0"}
			}
		},
		{
			"name": "netherite_axe_20",
			"from": [6.5, 0, 6],
			"to": [7, 0.5, 6.5],
			"faces": {
				"north": {"uv": [7, 6, 6.5, 6.5], "texture": "#0"},
				"east": {"uv": [6.5, 6, 7, 6.5], "rotation": 90, "texture": "#0"},
				"south": {"uv": [6.5, 6, 7, 6.5], "texture": "#0"},
				"west": {"uv": [6.5, 6, 7, 6.5], "rotation": 270, "texture": "#0"},
				"up": {"uv": [6.5, 6, 7, 6.5], "texture": "#0"},
				"down": {"uv": [6.5, 6.5, 7, 6], "texture": "#0"}
			}
		},
		{
			"name": "netherite_axe_21",
			"from": [7, 0, 6],
			"to": [7.5, 0.5, 6.5],
			"faces": {
				"north": {"uv": [7.5, 6, 7, 6.5], "texture": "#0"},
				"east": {"uv": [7, 6, 7.5, 6.5], "rotation": 90, "texture": "#0"},
				"south": {"uv": [7, 6, 7.5, 6.5], "texture": "#0"},
				"west": {"uv": [7, 6, 7.5, 6.5], "rotation": 270, "texture": "#0"},
				"up": {"uv": [7, 6, 7.5, 6.5], "texture": "#0"},
				"down": {"uv": [7, 6.5, 7.5, 6], "texture": "#0"}
			}
		},
		{
			"name": "netherite_axe_22",
			"from": [7.5, 0, 6],
			"to": [8, 0.5, 6.5],
			"faces": {
				"north": {"uv": [8, 6, 7.5, 6.5], "texture": "#0"},
				"east": {"uv": [7.5, 6, 8, 6.5], "rotation": 90, "texture": "#0"},
				"south": {"uv": [7.5, 6, 8, 6.5], "texture": "#0"},
				"west": {"uv": [7.5, 6, 8, 6.5], "rotation": 270, "texture": "#0"},
				"up": {"uv": [7.5, 6, 8, 6.5], "texture": "#0"},
				"down": {"uv": [7.5, 6.5, 8, 6], "texture": "#0"}
			}
		},
		{
			"name": "netherite_axe_23",
			"from": [4, 0, 6.5],
			"to": [4.5, 0.5, 7],
			"faces": {
				"north": {"uv": [4.5, 6.5, 4, 7], "texture": "#0"},
				"east": {"uv": [4, 6.5, 4.5, 7], "rotation": 90, "texture": "#0"},
				"south": {"uv": [4, 6.5, 4.5, 7], "texture": "#0"},
				"west": {"uv": [4, 6.5, 4.5, 7], "rotation": 270, "texture": "#0"},
				"up": {"uv": [4, 6.5, 4.5, 7], "texture": "#0"},
				"down": {"uv": [4, 7, 4.5, 6.5], "texture": "#0"}
			}
		},
		{
			"name": "netherite_axe_24",
			"from": [4.5, 0, 6.5],
			"to": [5, 0.5, 7],
			"faces": {
				"north": {"uv": [5, 6.5, 4.5, 7], "texture": "#0"},
				"east": {"uv": [4.5, 6.5, 5, 7], "rotation": 90, "texture": "#0"},
				"south": {"uv": [4.5, 6.5, 5, 7], "texture": "#0"},
				"west": {"uv": [4.5, 6.5, 5, 7], "rotation": 270, "texture": "#0"},
				"up": {"uv": [4.5, 6.5, 5, 7], "texture": "#0"},
				"down": {"uv": [4.5, 7, 5, 6.5], "texture": "#0"}
			}
		},
		{
			"name": "netherite_axe_25",
			"from": [5, 0, 6.5],
			"to": [5.5, 0.5, 7],
			"faces": {
				"north": {"uv": [5.5, 6.5, 5, 7], "texture": "#0"},
				"east": {"uv": [5, 6.5, 5.5, 7], "rotation": 90, "texture": "#0"},
				"south": {"uv": [5, 6.5, 5.5, 7], "texture": "#0"},
				"west": {"uv": [5, 6.5, 5.5, 7], "rotation": 270, "texture": "#0"},
				"up": {"uv": [5, 6.5, 5.5, 7], "texture": "#0"},
				"down": {"uv": [5, 7, 5.5, 6.5], "texture": "#0"}
			}
		},
		{
			"name": "netherite_axe_26",
			"from": [5.5, 0, 6.5],
			"to": [6, 0.5, 7],
			"faces": {
				"north": {"uv": [6, 6.5, 5.5, 7], "texture": "#0"},
				"east": {"uv": [5.5, 6.5, 6, 7], "rotation": 90, "texture": "#0"},
				"south": {"uv": [5.5, 6.5, 6, 7], "texture": "#0"},
				"west": {"uv": [5.5, 6.5, 6, 7], "rotation": 270, "texture": "#0"},
				"up": {"uv": [5.5, 6.5, 6, 7], "texture": "#0"},
				"down": {"uv": [5.5, 7, 6, 6.5], "texture": "#0"}
			}
		},
		{
			"name": "netherite_axe_27",
			"from": [6, 0, 6.5],
			"to": [6.5, 0.5, 7],
			"faces": {
				"north": {"uv": [6.5, 6.5, 6, 7], "texture": "#0"},
				"east": {"uv": [6, 6.5, 6.5, 7], "rotation": 90, "texture": "#0"},
				"south": {"uv": [6, 6.5, 6.5, 7], "texture": "#0"},
				"west": {"uv": [6, 6.5, 6.5, 7], "rotation": 270, "texture": "#0"},
				"up": {"uv": [6, 6.5, 6.5, 7], "texture": "#0"},
				"down": {"uv": [6, 7, 6.5, 6.5], "texture": "#0"}
			}
		},
		{
			"name": "netherite_axe_28",
			"from": [6.5, 0, 6.5],
			"to": [7, 0.5, 7],
			"faces": {
				"north": {"uv": [7, 6.5, 6.5, 7], "texture": "#0"},
				"east": {"uv": [6.5, 6.5, 7, 7], "rotation": 90, "texture": "#0"},
				"south": {"uv": [6.5, 6.5, 7, 7], "texture": "#0"},
				"west": {"uv": [6.5, 6.5, 7, 7], "rotation": 270, "texture": "#0"},
				"up": {"uv": [6.5, 6.5, 7, 7], "texture": "#0"},
				"down": {"uv": [6.5, 7, 7, 6.5], "texture": "#0"}
			}
		},
		{
			"name": "netherite_axe_29",
			"from": [7, 0, 6.5],
			"to": [7.5, 0.5, 7],
			"faces": {
				"north": {"uv": [7.5, 6.5, 7, 7], "texture": "#0"},
				"east": {"uv": [7, 6.5, 7.5, 7], "rotation": 90, "texture": "#0"},
				"south": {"uv": [7, 6.5, 7.5, 7], "texture": "#0"},
				"west": {"uv": [7, 6.5, 7.5, 7], "rotation": 270, "texture": "#0"},
				"up": {"uv": [7, 6.5, 7.5, 7], "texture": "#0"},
				"down": {"uv": [7, 7, 7.5, 6.5], "texture": "#0"}
			}
		},
		{
			"name": "netherite_axe_30",
			"from": [7.5, 0, 6.5],
			"to": [8, 0.5, 7],
			"faces": {
				"north": {"uv": [8, 6.5, 7.5, 7], "texture": "#0"},
				"east": {"uv": [7.5, 6.5, 8, 7], "rotation": 90, "texture": "#0"},
				"south": {"uv": [7.5, 6.5, 8, 7], "texture": "#0"},
				"west": {"uv": [7.5, 6.5, 8, 7], "rotation": 270, "texture": "#0"},
				"up": {"uv": [7.5, 6.5, 8, 7], "texture": "#0"},
				"down": {"uv": [7.5, 7, 8, 6.5], "texture": "#0"}
			}
		},
		{
			"name": "netherite_axe_31",
			"from": [8, 0, 6.5],
			"to": [8.5, 0.5, 7],
			"faces": {
				"north": {"uv": [8.5, 6.5, 8, 7], "texture": "#0"},
				"east": {"uv": [8, 6.5, 8.5, 7], "rotation": 90, "texture": "#0"},
				"south": {"uv": [8, 6.5, 8.5, 7], "texture": "#0"},
				"west": {"uv": [8, 6.5, 8.5, 7], "rotation": 270, "texture": "#0"},
				"up": {"uv": [8, 6.5, 8.5, 7], "texture": "#0"},
				"down": {"uv": [8, 7, 8.5, 6.5], "texture": "#0"}
			}
		},
		{
			"name": "netherite_axe_32",
			"from": [3.5, 0, 7],
			"to": [4, 0.5, 7.5],
			"faces": {
				"north": {"uv": [4, 7, 3.5, 7.5], "texture": "#0"},
				"east": {"uv": [3.5, 7, 4, 7.5], "rotation": 90, "texture": "#0"},
				"south": {"uv": [3.5, 7, 4, 7.5], "texture": "#0"},
				"west": {"uv": [3.5, 7, 4, 7.5], "rotation": 270, "texture": "#0"},
				"up": {"uv": [3.5, 7, 4, 7.5], "texture": "#0"},
				"down": {"uv": [3.5, 7.5, 4, 7], "texture": "#0"}
			}
		},
		{
			"name": "netherite_axe_33",
			"from": [4, 0, 7],
			"to": [4.5, 0.5, 7.5],
			"faces": {
				"north": {"uv": [4.5, 7, 4, 7.5], "texture": "#0"},
				"east": {"uv": [4, 7, 4.5, 7.5], "rotation": 90, "texture": "#0"},
				"south": {"uv": [4, 7, 4.5, 7.5], "texture": "#0"},
				"west": {"uv": [4, 7, 4.5, 7.5], "rotation": 270, "texture": "#0"},
				"up": {"uv": [4, 7, 4.5, 7.5], "texture": "#0"},
				"down": {"uv": [4, 7.5, 4.5, 7], "texture": "#0"}
			}
		},
		{
			"name": "netherite_axe_34",
			"from": [4.5, 0, 7],
			"to": [5, 0.5, 7.5],
			"faces": {
				"north": {"uv": [5, 7, 4.5, 7.5], "texture": "#0"},
				"east": {"uv": [4.5, 7, 5, 7.5], "rotation": 90, "texture": "#0"},
				"south": {"uv": [4.5, 7, 5, 7.5], "texture": "#0"},
				"west": {"uv": [4.5, 7, 5, 7.5], "rotation": 270, "texture": "#0"},
				"up": {"uv": [4.5, 7, 5, 7.5], "texture": "#0"},
				"down": {"uv": [4.5, 7.5, 5, 7], "texture": "#0"}
			}
		},
		{
			"name": "netherite_axe_35",
			"from": [5, 0, 7],
			"to": [5.5, 0.5, 7.5],
			"faces": {
				"north": {"uv": [5.5, 7, 5, 7.5], "texture": "#0"},
				"east": {"uv": [5, 7, 5.5, 7.5], "rotation": 90, "texture": "#0"},
				"south": {"uv": [5, 7, 5.5, 7.5], "texture": "#0"},
				"west": {"uv": [5, 7, 5.5, 7.5], "rotation": 270, "texture": "#0"},
				"up": {"uv": [5, 7, 5.5, 7.5], "texture": "#0"},
				"down": {"uv": [5, 7.5, 5.5, 7], "texture": "#0"}
			}
		},
		{
			"name": "netherite_axe_36",
			"from": [5.5, 0, 7],
			"to": [6, 0.5, 7.5],
			"faces": {
				"north": {"uv": [6, 7, 5.5, 7.5], "texture": "#0"},
				"east": {"uv": [5.5, 7, 6, 7.5], "rotation": 90, "texture": "#0"},
				"south": {"uv": [5.5, 7, 6, 7.5], "texture": "#0"},
				"west": {"uv": [5.5, 7, 6, 7.5], "rotation": 270, "texture": "#0"},
				"up": {"uv": [5.5, 7, 6, 7.5], "texture": "#0"},
				"down": {"uv": [5.5, 7.5, 6, 7], "texture": "#0"}
			}
		},
		{
			"name": "netherite_axe_37",
			"from": [6, 0, 7],
			"to": [6.5, 0.5, 7.5],
			"faces": {
				"north": {"uv": [6.5, 7, 6, 7.5], "texture": "#0"},
				"east": {"uv": [6, 7, 6.5, 7.5], "rotation": 90, "texture": "#0"},
				"south": {"uv": [6, 7, 6.5, 7.5], "texture": "#0"},
				"west": {"uv": [6, 7, 6.5, 7.5], "rotation": 270, "texture": "#0"},
				"up": {"uv": [6, 7, 6.5, 7.5], "texture": "#0"},
				"down": {"uv": [6, 7.5, 6.5, 7], "texture": "#0"}
			}
		},
		{
			"name": "netherite_axe_38",
			"from": [6.5, 0, 7],
			"to": [7, 0.5, 7.5],
			"faces": {
				"north": {"uv": [7, 7, 6.5, 7.5], "texture": "#0"},
				"east": {"uv": [6.5, 7, 7, 7.5], "rotation": 90, "texture": "#0"},
				"south": {"uv": [6.5, 7, 7, 7.5], "texture": "#0"},
				"west": {"uv": [6.5, 7, 7, 7.5], "rotation": 270, "texture": "#0"},
				"up": {"uv": [6.5, 7, 7, 7.5], "texture": "#0"},
				"down": {"uv": [6.5, 7.5, 7, 7], "texture": "#0"}
			}
		},
		{
			"name": "netherite_axe_39",
			"from": [7, 0, 7],
			"to": [7.5, 0.5, 7.5],
			"faces": {
				"north": {"uv": [7.5, 7, 7, 7.5], "texture": "#0"},
				"east": {"uv": [7, 7, 7.5, 7.5], "rotation": 90, "texture": "#0"},
				"south": {"uv": [7, 7, 7.5, 7.5], "texture": "#0"},
				"west": {"uv": [7, 7, 7.5, 7.5], "rotation": 270, "texture": "#0"},
				"up": {"uv": [7, 7, 7.5, 7.5], "texture": "#0"},
				"down": {"uv": [7, 7.5, 7.5, 7], "texture": "#0"}
			}
		},
		{
			"name": "netherite_axe_40",
			"from": [7.5, 0, 7],
			"to": [8, 0.5, 7.5],
			"faces": {
				"north": {"uv": [8, 7, 7.5, 7.5], "texture": "#0"},
				"east": {"uv": [7.5, 7, 8, 7.5], "rotation": 90, "texture": "#0"},
				"south": {"uv": [7.5, 7, 8, 7.5], "texture": "#0"},
				"west": {"uv": [7.5, 7, 8, 7.5], "rotation": 270, "texture": "#0"},
				"up": {"uv": [7.5, 7, 8, 7.5], "texture": "#0"},
				"down": {"uv": [7.5, 7.5, 8, 7], "texture": "#0"}
			}
		},
		{
			"name": "netherite_axe_41",
			"from": [8, 0, 7],
			"to": [8.5, 0.5, 7.5],
			"faces": {
				"north": {"uv": [8.5, 7, 8, 7.5], "texture": "#0"},
				"east": {"uv": [8, 7, 8.5, 7.5], "rotation": 90, "texture": "#0"},
				"south": {"uv": [8, 7, 8.5, 7.5], "texture": "#0"},
				"west": {"uv": [8, 7, 8.5, 7.5], "rotation": 270, "texture": "#0"},
				"up": {"uv": [8, 7, 8.5, 7.5], "texture": "#0"},
				"down": {"uv": [8, 7.5, 8.5, 7], "texture": "#0"}
			}
		},
		{
			"name": "netherite_axe_42",
			"from": [8.5, 0, 7],
			"to": [9, 0.5, 7.5],
			"faces": {
				"north": {"uv": [9, 7, 8.5, 7.5], "texture": "#0"},
				"east": {"uv": [8.5, 7, 9, 7.5], "rotation": 90, "texture": "#0"},
				"south": {"uv": [8.5, 7, 9, 7.5], "texture": "#0"},
				"west": {"uv": [8.5, 7, 9, 7.5], "rotation": 270, "texture": "#0"},
				"up": {"uv": [8.5, 7, 9, 7.5], "texture": "#0"},
				"down": {"uv": [8.5, 7.5, 9, 7], "texture": "#0"}
			}
		},
		{
			"name": "netherite_axe_43",
			"from": [3.5, 0, 7.5],
			"to": [4, 0.5, 8],
			"faces": {
				"north": {"uv": [4, 7.5, 3.5, 8], "texture": "#0"},
				"east": {"uv": [3.5, 7.5, 4, 8], "rotation": 90, "texture": "#0"},
				"south": {"uv": [3.5, 7.5, 4, 8], "texture": "#0"},
				"west": {"uv": [3.5, 7.5, 4, 8], "rotation": 270, "texture": "#0"},
				"up": {"uv": [3.5, 7.5, 4, 8], "texture": "#0"},
				"down": {"uv": [3.5, 8, 4, 7.5], "texture": "#0"}
			}
		},
		{
			"name": "netherite_axe_44",
			"from": [4, 0, 7.5],
			"to": [4.5, 0.5, 8],
			"faces": {
				"north": {"uv": [4.5, 7.5, 4, 8], "texture": "#0"},
				"east": {"uv": [4, 7.5, 4.5, 8], "rotation": 90, "texture": "#0"},
				"south": {"uv": [4, 7.5, 4.5, 8], "texture": "#0"},
				"west": {"uv": [4, 7.5, 4.5, 8], "rotation": 270, "texture": "#0"},
				"up": {"uv": [4, 7.5, 4.5, 8], "texture": "#0"},
				"down": {"uv": [4, 8, 4.5, 7.5], "texture": "#0"}
			}
		},
		{
			"name": "netherite_axe_45",
			"from": [4.5, 0, 7.5],
			"to": [5, 0.5, 8],
			"faces": {
				"north": {"uv": [5, 7.5, 4.5, 8], "texture": "#0"},
				"east": {"uv": [4.5, 7.5, 5, 8], "rotation": 90, "texture": "#0"},
				"south": {"uv": [4.5, 7.5, 5, 8], "texture": "#0"},
				"west": {"uv": [4.5, 7.5, 5, 8], "rotation": 270, "texture": "#0"},
				"up": {"uv": [4.5, 7.5, 5, 8], "texture": "#0"},
				"down": {"uv": [4.5, 8, 5, 7.5], "texture": "#0"}
			}
		},
		{
			"name": "netherite_axe_46",
			"from": [5, 0, 7.5],
			"to": [5.5, 0.5, 8],
			"faces": {
				"north": {"uv": [5.5, 7.5, 5, 8], "texture": "#0"},
				"east": {"uv": [5, 7.5, 5.5, 8], "rotation": 90, "texture": "#0"},
				"south": {"uv": [5, 7.5, 5.5, 8], "texture": "#0"},
				"west": {"uv": [5, 7.5, 5.5, 8], "rotation": 270, "texture": "#0"},
				"up": {"uv": [5, 7.5, 5.5, 8], "texture": "#0"},
				"down": {"uv": [5, 8, 5.5, 7.5], "texture": "#0"}
			}
		},
		{
			"name": "netherite_axe_47",
			"from": [6.5, 0, 7.5],
			"to": [7, 0.5, 8],
			"faces": {
				"north": {"uv": [7, 7.5, 6.5, 8], "texture": "#0"},
				"east": {"uv": [6.5, 7.5, 7, 8], "rotation": 90, "texture": "#0"},
				"south": {"uv": [6.5, 7.5, 7, 8], "texture": "#0"},
				"west": {"uv": [6.5, 7.5, 7, 8], "rotation": 270, "texture": "#0"},
				"up": {"uv": [6.5, 7.5, 7, 8], "texture": "#0"},
				"down": {"uv": [6.5, 8, 7, 7.5], "texture": "#0"}
			}
		},
		{
			"name": "netherite_axe_48",
			"from": [7, 0, 7.5],
			"to": [7.5, 0.5, 8],
			"faces": {
				"north": {"uv": [7.5, 7.5, 7, 8], "texture": "#0"},
				"east": {"uv": [7, 7.5, 7.5, 8], "rotation": 90, "texture": "#0"},
				"south": {"uv": [7, 7.5, 7.5, 8], "texture": "#0"},
				"west": {"uv": [7, 7.5, 7.5, 8], "rotation": 270, "texture": "#0"},
				"up": {"uv": [7, 7.5, 7.5, 8], "texture": "#0"},
				"down": {"uv": [7, 8, 7.5, 7.5], "texture": "#0"}
			}
		},
		{
			"name": "netherite_axe_49",
			"from": [7.5, 0, 7.5],
			"to": [8, 0.5, 8],
			"faces": {
				"north": {"uv": [8, 7.5, 7.5, 8], "texture": "#0"},
				"east": {"uv": [7.5, 7.5, 8, 8], "rotation": 90, "texture": "#0"},
				"south": {"uv": [7.5, 7.5, 8, 8], "texture": "#0"},
				"west": {"uv": [7.5, 7.5, 8, 8], "rotation": 270, "texture": "#0"},
				"up": {"uv": [7.5, 7.5, 8, 8], "texture": "#0"},
				"down": {"uv": [7.5, 8, 8, 7.5], "texture": "#0"}
			}
		},
		{
			"name": "netherite_axe_50",
			"from": [8, 0, 7.5],
			"to": [8.5, 0.5, 8],
			"faces": {
				"north": {"uv": [8.5, 7.5, 8, 8], "texture": "#0"},
				"east": {"uv": [8, 7.5, 8.5, 8], "rotation": 90, "texture": "#0"},
				"south": {"uv": [8, 7.5, 8.5, 8], "texture": "#0"},
				"west": {"uv": [8, 7.5, 8.5, 8], "rotation": 270, "texture": "#0"},
				"up": {"uv": [8, 7.5, 8.5, 8], "texture": "#0"},
				"down": {"uv": [8, 8, 8.5, 7.5], "texture": "#0"}
			}
		},
		{
			"name": "netherite_axe_51",
			"from": [8.5, 0, 7.5],
			"to": [9, 0.5, 8],
			"faces": {
				"north": {"uv": [9, 7.5, 8.5, 8], "texture": "#0"},
				"east": {"uv": [8.5, 7.5, 9, 8], "rotation": 90, "texture": "#0"},
				"south": {"uv": [8.5, 7.5, 9, 8], "texture": "#0"},
				"west": {"uv": [8.5, 7.5, 9, 8], "rotation": 270, "texture": "#0"},
				"up": {"uv": [8.5, 7.5, 9, 8], "texture": "#0"},
				"down": {"uv": [8.5, 8, 9, 7.5], "texture": "#0"}
			}
		},
		{
			"name": "netherite_axe_52",
			"from": [9, 0, 7.5],
			"to": [9.5, 0.5, 8],
			"faces": {
				"north": {"uv": [9.5, 7.5, 9, 8], "texture": "#0"},
				"east": {"uv": [9, 7.5, 9.5, 8], "rotation": 90, "texture": "#0"},
				"south": {"uv": [9, 7.5, 9.5, 8], "texture": "#0"},
				"west": {"uv": [9, 7.5, 9.5, 8], "rotation": 270, "texture": "#0"},
				"up": {"uv": [9, 7.5, 9.5, 8], "texture": "#0"},
				"down": {"uv": [9, 8, 9.5, 7.5], "texture": "#0"}
			}
		},
		{
			"name": "netherite_axe_53",
			"from": [7, 0, 8],
			"to": [7.5, 0.5, 8.5],
			"faces": {
				"north": {"uv": [7.5, 8, 7, 8.5], "texture": "#0"},
				"east": {"uv": [7, 8, 7.5, 8.5], "rotation": 90, "texture": "#0"},
				"south": {"uv": [7, 8, 7.5, 8.5], "texture": "#0"},
				"west": {"uv": [7, 8, 7.5, 8.5], "rotation": 270, "texture": "#0"},
				"up": {"uv": [7, 8, 7.5, 8.5], "texture": "#0"},
				"down": {"uv": [7, 8.5, 7.5, 8], "texture": "#0"}
			}
		},
		{
			"name": "netherite_axe_54",
			"from": [7.5, 0, 8],
			"to": [8, 0.5, 8.5],
			"faces": {
				"north": {"uv": [8, 8, 7.5, 8.5], "texture": "#0"},
				"east": {"uv": [7.5, 8, 8, 8.5], "rotation": 90, "texture": "#0"},
				"south": {"uv": [7.5, 8, 8, 8.5], "texture": "#0"},
				"west": {"uv": [7.5, 8, 8, 8.5], "rotation": 270, "texture": "#0"},
				"up": {"uv": [7.5, 8, 8, 8.5], "texture": "#0"},
				"down": {"uv": [7.5, 8.5, 8, 8], "texture": "#0"}
			}
		},
		{
			"name": "netherite_axe_55",
			"from": [8, 0, 8],
			"to": [8.5, 0.5, 8.5],
			"faces": {
				"north": {"uv": [8.5, 8, 8, 8.5], "texture": "#0"},
				"east": {"uv": [8, 8, 8.5, 8.5], "rotation": 90, "texture": "#0"},
				"south": {"uv": [8, 8, 8.5, 8.5], "texture": "#0"},
				"west": {"uv": [8, 8, 8.5, 8.5], "rotation": 270, "texture": "#0"},
				"up": {"uv": [8, 8, 8.5, 8.5], "texture": "#0"},
				"down": {"uv": [8, 8.5, 8.5, 8], "texture": "#0"}
			}
		},
		{
			"name": "netherite_axe_56",
			"from": [8.5, 0, 8],
			"to": [9, 0.5, 8.5],
			"faces": {
				"north": {"uv": [9, 8, 8.5, 8.5], "texture": "#0"},
				"east": {"uv": [8.5, 8, 9, 8.5], "rotation": 90, "texture": "#0"},
				"south": {"uv": [8.5, 8, 9, 8.5], "texture": "#0"},
				"west": {"uv": [8.5, 8, 9, 8.5], "rotation": 270, "texture": "#0"},
				"up": {"uv": [8.5, 8, 9, 8.5], "texture": "#0"},
				"down": {"uv": [8.5, 8.5, 9, 8], "texture": "#0"}
			}
		},
		{
			"name": "netherite_axe_57",
			"from": [9, 0, 8],
			"to": [9.5, 0.5, 8.5],
			"faces": {
				"north": {"uv": [9.5, 8, 9, 8.5], "texture": "#0"},
				"east": {"uv": [9, 8, 9.5, 8.5], "rotation": 90, "texture": "#0"},
				"south": {"uv": [9, 8, 9.5, 8.5], "texture": "#0"},
				"west": {"uv": [9, 8, 9.5, 8.5], "rotation": 270, "texture": "#0"},
				"up": {"uv": [9, 8, 9.5, 8.5], "texture": "#0"},
				"down": {"uv": [9, 8.5, 9.5, 8], "texture": "#0"}
			}
		},
		{
			"name": "netherite_axe_58",
			"from": [6.5, 0, 8.5],
			"to": [7, 0.5, 9],
			"faces": {
				"north": {"uv": [7, 8.5, 6.5, 9], "texture": "#0"},
				"east": {"uv": [6.5, 8.5, 7, 9], "rotation": 90, "texture": "#0"},
				"south": {"uv": [6.5, 8.5, 7, 9], "texture": "#0"},
				"west": {"uv": [6.5, 8.5, 7, 9], "rotation": 270, "texture": "#0"},
				"up": {"uv": [6.5, 8.5, 7, 9], "texture": "#0"},
				"down": {"uv": [6.5, 9, 7, 8.5], "texture": "#0"}
			}
		},
		{
			"name": "netherite_axe_59",
			"from": [7, 0, 8.5],
			"to": [7.5, 0.5, 9],
			"faces": {
				"north": {"uv": [7.5, 8.5, 7, 9], "texture": "#0"},
				"east": {"uv": [7, 8.5, 7.5, 9], "rotation": 90, "texture": "#0"},
				"south": {"uv": [7, 8.5, 7.5, 9], "texture": "#0"},
				"west": {"uv": [7, 8.5, 7.5, 9], "rotation": 270, "texture": "#0"},
				"up": {"uv": [7, 8.5, 7.5, 9], "texture": "#0"},
				"down": {"uv": [7, 9, 7.5, 8.5], "texture": "#0"}
			}
		},
		{
			"name": "netherite_axe_60",
			"from": [7.5, 0, 8.5],
			"to": [8, 0.5, 9],
			"faces": {
				"north": {"uv": [8, 8.5, 7.5, 9], "texture": "#0"},
				"east": {"uv": [7.5, 8.5, 8, 9], "rotation": 90, "texture": "#0"},
				"south": {"uv": [7.5, 8.5, 8, 9], "texture": "#0"},
				"west": {"uv": [7.5, 8.5, 8, 9], "rotation": 270, "texture": "#0"},
				"up": {"uv": [7.5, 8.5, 8, 9], "texture": "#0"},
				"down": {"uv": [7.5, 9, 8, 8.5], "texture": "#0"}
			}
		},
		{
			"name": "netherite_axe_61",
			"from": [8, 0, 8.5],
			"to": [8.5, 0.5, 9],
			"faces": {
				"north": {"uv": [8.5, 8.5, 8, 9], "texture": "#0"},
				"east": {"uv": [8, 8.5, 8.5, 9], "rotation": 90, "texture": "#0"},
				"south": {"uv": [8, 8.5, 8.5, 9], "texture": "#0"},
				"west": {"uv": [8, 8.5, 8.5, 9], "rotation": 270, "texture": "#0"},
				"up": {"uv": [8, 8.5, 8.5, 9], "texture": "#0"},
				"down": {"uv": [8, 9, 8.5, 8.5], "texture": "#0"}
			}
		},
		{
			"name": "netherite_axe_62",
			"from": [8.5, 0, 8.5],
			"to": [9, 0.5, 9],
			"faces": {
				"north": {"uv": [9, 8.5, 8.5, 9], "texture": "#0"},
				"east": {"uv": [8.5, 8.5, 9, 9], "rotation": 90, "texture": "#0"},
				"south": {"uv": [8.5, 8.5, 9, 9], "texture": "#0"},
				"west": {"uv": [8.5, 8.5, 9, 9], "rotation": 270, "texture": "#0"},
				"up": {"uv": [8.5, 8.5, 9, 9], "texture": "#0"},
				"down": {"uv": [8.5, 9, 9, 8.5], "texture": "#0"}
			}
		},
		{
			"name": "netherite_axe_63",
			"from": [6, 0, 9],
			"to": [6.5, 0.5, 9.5],
			"faces": {
				"north": {"uv": [6.5, 9, 6, 9.5], "texture": "#0"},
				"east": {"uv": [6, 9, 6.5, 9.5], "rotation": 90, "texture": "#0"},
				"south": {"uv": [6, 9, 6.5, 9.5], "texture": "#0"},
				"west": {"uv": [6, 9, 6.5, 9.5], "rotation": 270, "texture": "#0"},
				"up": {"uv": [6, 9, 6.5, 9.5], "texture": "#0"},
				"down": {"uv": [6, 9.5, 6.5, 9], "texture": "#0"}
			}
		},
		{
			"name": "netherite_axe_64",
			"from": [6.5, 0, 9],
			"to": [7, 0.5, 9.5],
			"faces": {
				"north": {"uv": [7, 9, 6.5, 9.5], "texture": "#0"},
				"east": {"uv": [6.5, 9, 7, 9.5], "rotation": 90, "texture": "#0"},
				"south": {"uv": [6.5, 9, 7, 9.5], "texture": "#0"},
				"west": {"uv": [6.5, 9, 7, 9.5], "rotation": 270, "texture": "#0"},
				"up": {"uv": [6.5, 9, 7, 9.5], "texture": "#0"},
				"down": {"uv": [6.5, 9.5, 7, 9], "texture": "#0"}
			}
		},
		{
			"name": "netherite_axe_65",
			"from": [7, 0, 9],
			"to": [7.5, 0.5, 9.5],
			"faces": {
				"north": {"uv": [7.5, 9, 7, 9.5], "texture": "#0"},
				"east": {"uv": [7, 9, 7.5, 9.5], "rotation": 90, "texture": "#0"},
				"south": {"uv": [7, 9, 7.5, 9.5], "texture": "#0"},
				"west": {"uv": [7, 9, 7.5, 9.5], "rotation": 270, "texture": "#0"},
				"up": {"uv": [7, 9, 7.5, 9.5], "texture": "#0"},
				"down": {"uv": [7, 9.5, 7.5, 9], "texture": "#0"}
			}
		},
		{
			"name": "netherite_axe_66",
			"from": [5.5, 0, 9.5],
			"to": [6, 0.5, 10],
			"faces": {
				"north": {"uv": [6, 9.5, 5.5, 10], "texture": "#0"},
				"east": {"uv": [5.5, 9.5, 6, 10], "rotation": 90, "texture": "#0"},
				"south": {"uv": [5.5, 9.5, 6, 10], "texture": "#0"},
				"west": {"uv": [5.5, 9.5, 6, 10], "rotation": 270, "texture": "#0"},
				"up": {"uv": [5.5, 9.5, 6, 10], "texture": "#0"},
				"down": {"uv": [5.5, 10, 6, 9.5], "texture": "#0"}
			}
		},
		{
			"name": "netherite_axe_67",
			"from": [6, 0, 9.5],
			"to": [6.5, 0.5, 10],
			"faces": {
				"north": {"uv": [6.5, 9.5, 6, 10], "texture": "#0"},
				"east": {"uv": [6, 9.5, 6.5, 10], "rotation": 90, "texture": "#0"},
				"south": {"uv": [6, 9.5, 6.5, 10], "texture": "#0"},
				"west": {"uv": [6, 9.5, 6.5, 10], "rotation": 270, "texture": "#0"},
				"up": {"uv": [6, 9.5, 6.5, 10], "texture": "#0"},
				"down": {"uv": [6, 10, 6.5, 9.5], "texture": "#0"}
			}
		},
		{
			"name": "netherite_axe_68",
			"from": [6.5, 0, 9.5],
			"to": [7, 0.5, 10],
			"faces": {
				"north": {"uv": [7, 9.5, 6.5, 10], "texture": "#0"},
				"east": {"uv": [6.5, 9.5, 7, 10], "rotation": 90, "texture": "#0"},
				"south": {"uv": [6.5, 9.5, 7, 10], "texture": "#0"},
				"west": {"uv": [6.5, 9.5, 7, 10], "rotation": 270, "texture": "#0"},
				"up": {"uv": [6.5, 9.5, 7, 10], "texture": "#0"},
				"down": {"uv": [6.5, 10, 7, 9.5], "texture": "#0"}
			}
		},
		{
			"name": "netherite_axe_69",
			"from": [5, 0, 10],
			"to": [5.5, 0.5, 10.5],
			"faces": {
				"north": {"uv": [5.5, 10, 5, 10.5], "texture": "#0"},
				"east": {"uv": [5, 10, 5.5, 10.5], "rotation": 90, "texture": "#0"},
				"south": {"uv": [5, 10, 5.5, 10.5], "texture": "#0"},
				"west": {"uv": [5, 10, 5.5, 10.5], "rotation": 270, "texture": "#0"},
				"up": {"uv": [5, 10, 5.5, 10.5], "texture": "#0"},
				"down": {"uv": [5, 10.5, 5.5, 10], "texture": "#0"}
			}
		},
		{
			"name": "netherite_axe_70",
			"from": [5.5, 0, 10],
			"to": [6, 0.5, 10.5],
			"faces": {
				"north": {"uv": [6, 10, 5.5, 10.5], "texture": "#0"},
				"east": {"uv": [5.5, 10, 6, 10.5], "rotation": 90, "texture": "#0"},
				"south": {"uv": [5.5, 10, 6, 10.5], "texture": "#0"},
				"west": {"uv": [5.5, 10, 6, 10.5], "rotation": 270, "texture": "#0"},
				"up": {"uv": [5.5, 10, 6, 10.5], "texture": "#0"},
				"down": {"uv": [5.5, 10.5, 6, 10], "texture": "#0"}
			}
		},
		{
			"name": "netherite_axe_71",
			"from": [6, 0, 10],
			"to": [6.5, 0.5, 10.5],
			"faces": {
				"north": {"uv": [6.5, 10, 6, 10.5], "texture": "#0"},
				"east": {"uv": [6, 10, 6.5, 10.5], "rotation": 90, "texture": "#0"},
				"south": {"uv": [6, 10, 6.5, 10.5], "texture": "#0"},
				"west": {"uv": [6, 10, 6.5, 10.5], "rotation": 270, "texture": "#0"},
				"up": {"uv": [6, 10, 6.5, 10.5], "texture": "#0"},
				"down": {"uv": [6, 10.5, 6.5, 10], "texture": "#0"}
			}
		},
		{
			"name": "netherite_axe_72",
			"from": [3, 0, 10.5],
			"to": [3.5, 0.5, 11],
			"faces": {
				"north": {"uv": [3.5, 10.5, 3, 11], "texture": "#0"},
				"east": {"uv": [3, 10.5, 3.5, 11], "rotation": 90, "texture": "#0"},
				"south": {"uv": [3, 10.5, 3.5, 11], "texture": "#0"},
				"west": {"uv": [3, 10.5, 3.5, 11], "rotation": 270, "texture": "#0"},
				"up": {"uv": [3, 10.5, 3.5, 11], "texture": "#0"},
				"down": {"uv": [3, 11, 3.5, 10.5], "texture": "#0"}
			}
		},
		{
			"name": "netherite_axe_73",
			"from": [3.5, 0, 10.5],
			"to": [4, 0.5, 11],
			"faces": {
				"north": {"uv": [4, 10.5, 3.5, 11], "texture": "#0"},
				"east": {"uv": [3.5, 10.5, 4, 11], "rotation": 90, "texture": "#0"},
				"south": {"uv": [3.5, 10.5, 4, 11], "texture": "#0"},
				"west": {"uv": [3.5, 10.5, 4, 11], "rotation": 270, "texture": "#0"},
				"up": {"uv": [3.5, 10.5, 4, 11], "texture": "#0"},
				"down": {"uv": [3.5, 11, 4, 10.5], "texture": "#0"}
			}
		},
		{
			"name": "netherite_axe_74",
			"from": [4.5, 0, 10.5],
			"to": [5, 0.5, 11],
			"faces": {
				"north": {"uv": [5, 10.5, 4.5, 11], "texture": "#0"},
				"east": {"uv": [4.5, 10.5, 5, 11], "rotation": 90, "texture": "#0"},
				"south": {"uv": [4.5, 10.5, 5, 11], "texture": "#0"},
				"west": {"uv": [4.5, 10.5, 5, 11], "rotation": 270, "texture": "#0"},
				"up": {"uv": [4.5, 10.5, 5, 11], "texture": "#0"},
				"down": {"uv": [4.5, 11, 5, 10.5], "texture": "#0"}
			}
		},
		{
			"name": "netherite_axe_75",
			"from": [5, 0, 10.5],
			"to": [5.5, 0.5, 11],
			"faces": {
				"north": {"uv": [5.5, 10.5, 5, 11], "texture": "#0"},
				"east": {"uv": [5, 10.5, 5.5, 11], "rotation": 90, "texture": "#0"},
				"south": {"uv": [5, 10.5, 5.5, 11], "texture": "#0"},
				"west": {"uv": [5, 10.5, 5.5, 11], "rotation": 270, "texture": "#0"},
				"up": {"uv": [5, 10.5, 5.5, 11], "texture": "#0"},
				"down": {"uv": [5, 11, 5.5, 10.5], "texture": "#0"}
			}
		},
		{
			"name": "netherite_axe_76",
			"from": [5.5, 0, 10.5],
			"to": [6, 0.5, 11],
			"faces": {
				"north": {"uv": [6, 10.5, 5.5, 11], "texture": "#0"},
				"east": {"uv": [5.5, 10.5, 6, 11], "rotation": 90, "texture": "#0"},
				"south": {"uv": [5.5, 10.5, 6, 11], "texture": "#0"},
				"west": {"uv": [5.5, 10.5, 6, 11], "rotation": 270, "texture": "#0"},
				"up": {"uv": [5.5, 10.5, 6, 11], "texture": "#0"},
				"down": {"uv": [5.5, 11, 6, 10.5], "texture": "#0"}
			}
		},
		{
			"name": "netherite_axe_77",
			"from": [2.5, 0, 11],
			"to": [3, 0.5, 11.5],
			"faces": {
				"north": {"uv": [3, 11, 2.5, 11.5], "texture": "#0"},
				"east": {"uv": [2.5, 11, 3, 11.5], "rotation": 90, "texture": "#0"},
				"south": {"uv": [2.5, 11, 3, 11.5], "texture": "#0"},
				"west": {"uv": [2.5, 11, 3, 11.5], "rotation": 270, "texture": "#0"},
				"up": {"uv": [2.5, 11, 3, 11.5], "texture": "#0"},
				"down": {"uv": [2.5, 11.5, 3, 11], "texture": "#0"}
			}
		},
		{
			"name": "netherite_axe_78",
			"from": [4, 0, 11],
			"to": [4.5, 0.5, 11.5],
			"faces": {
				"north": {"uv": [4.5, 11, 4, 11.5], "texture": "#0"},
				"east": {"uv": [4, 11, 4.5, 11.5], "rotation": 90, "texture": "#0"},
				"south": {"uv": [4, 11, 4.5, 11.5], "texture": "#0"},
				"west": {"uv": [4, 11, 4.5, 11.5], "rotation": 270, "texture": "#0"},
				"up": {"uv": [4, 11, 4.5, 11.5], "texture": "#0"},
				"down": {"uv": [4, 11.5, 4.5, 11], "texture": "#0"}
			}
		},
		{
			"name": "netherite_axe_79",
			"from": [4.5, 0, 11],
			"to": [5, 0.5, 11.5],
			"faces": {
				"north": {"uv": [5, 11, 4.5, 11.5], "texture": "#0"},
				"east": {"uv": [4.5, 11, 5, 11.5], "rotation": 90, "texture": "#0"},
				"south": {"uv": [4.5, 11, 5, 11.5], "texture": "#0"},
				"west": {"uv": [4.5, 11, 5, 11.5], "rotation": 270, "texture": "#0"},
				"up": {"uv": [4.5, 11, 5, 11.5], "texture": "#0"},
				"down": {"uv": [4.5, 11.5, 5, 11], "texture": "#0"}
			}
		},
		{
			"name": "netherite_axe_80",
			"from": [5, 0, 11],
			"to": [5.5, 0.5, 11.5],
			"faces": {
				"north": {"uv": [5.5, 11, 5, 11.5], "texture": "#0"},
				"east": {"uv": [5, 11, 5.5, 11.5], "rotation": 90, "texture": "#0"},
				"south": {"uv": [5, 11, 5.5, 11.5], "texture": "#0"},
				"west": {"uv": [5, 11, 5.5, 11.5], "rotation": 270, "texture": "#0"},
				"up": {"uv": [5, 11, 5.5, 11.5], "texture": "#0"},
				"down": {"uv": [5, 11.5, 5.5, 11], "texture": "#0"}
			}
		},
		{
			"name": "netherite_axe_81",
			"from": [3.5, 0, 11.5],
			"to": [4, 0.5, 12],
			"faces": {
				"north": {"uv": [4, 11.5, 3.5, 12], "texture": "#0"},
				"east": {"uv": [3.5, 11.5, 4, 12], "rotation": 90, "texture": "#0"},
				"south": {"uv": [3.5, 11.5, 4, 12], "texture": "#0"},
				"west": {"uv": [3.5, 11.5, 4, 12], "rotation": 270, "texture": "#0"},
				"up": {"uv": [3.5, 11.5, 4, 12], "texture": "#0"},
				"down": {"uv": [3.5, 12, 4, 11.5], "texture": "#0"}
			}
		},
		{
			"name": "netherite_axe_82",
			"from": [4, 0, 11.5],
			"to": [4.5, 0.5, 12],
			"faces": {
				"north": {"uv": [4.5, 11.5, 4, 12], "texture": "#0"},
				"east": {"uv": [4, 11.5, 4.5, 12], "rotation": 90, "texture": "#0"},
				"south": {"uv": [4, 11.5, 4.5, 12], "texture": "#0"},
				"west": {"uv": [4, 11.5, 4.5, 12], "rotation": 270, "texture": "#0"},
				"up": {"uv": [4, 11.5, 4.5, 12], "texture": "#0"},
				"down": {"uv": [4, 12, 4.5, 11.5], "texture": "#0"}
			}
		},
		{
			"name": "netherite_axe_83",
			"from": [4.5, 0, 11.5],
			"to": [5, 0.5, 12],
			"faces": {
				"north": {"uv": [5, 11.5, 4.5, 12], "texture": "#0"},
				"east": {"uv": [4.5, 11.5, 5, 12], "rotation": 90, "texture": "#0"},
				"south": {"uv": [4.5, 11.5, 5, 12], "texture": "#0"},
				"west": {"uv": [4.5, 11.5, 5, 12], "rotation": 270, "texture": "#0"},
				"up": {"uv": [4.5, 11.5, 5, 12], "texture": "#0"},
				"down": {"uv": [4.5, 12, 5, 11.5], "texture": "#0"}
			}
		},
		{
			"name": "netherite_axe_84",
			"from": [3, 0, 12],
			"to": [3.5, 0.5, 12.5],
			"faces": {
				"north": {"uv": [3.5, 12, 3, 12.5], "texture": "#0"},
				"east": {"uv": [3, 12, 3.5, 12.5], "rotation": 90, "texture": "#0"},
				"south": {"uv": [3, 12, 3.5, 12.5], "texture": "#0"},
				"west": {"uv": [3, 12, 3.5, 12.5], "rotation": 270, "texture": "#0"},
				"up": {"uv": [3, 12, 3.5, 12.5], "texture": "#0"},
				"down": {"uv": [3, 12.5, 3.5, 12], "texture": "#0"}
			}
		},
		{
			"name": "netherite_axe_85",
			"from": [3.5, 0, 12],
			"to": [4, 0.5, 12.5],
			"faces": {
				"north": {"uv": [4, 12, 3.5, 12.5], "texture": "#0"},
				"east": {"uv": [3.5, 12, 4, 12.5], "rotation": 90, "texture": "#0"},
				"south": {"uv": [3.5, 12, 4, 12.5], "texture": "#0"},
				"west": {"uv": [3.5, 12, 4, 12.5], "rotation": 270, "texture": "#0"},
				"up": {"uv": [3.5, 12, 4, 12.5], "texture": "#0"},
				"down": {"uv": [3.5, 12.5, 4, 12], "texture": "#0"}
			}
		},
		{
			"name": "netherite_axe_86",
			"from": [4, 0, 12],
			"to": [4.5, 0.5, 12.5],
			"faces": {
				"north": {"uv": [4.5, 12, 4, 12.5], "texture": "#0"},
				"east": {"uv": [4, 12, 4.5, 12.5], "rotation": 90, "texture": "#0"},
				"south": {"uv": [4, 12, 4.5, 12.5], "texture": "#0"},
				"west": {"uv": [4, 12, 4.5, 12.5], "rotation": 270, "texture": "#0"},
				"up": {"uv": [4, 12, 4.5, 12.5], "texture": "#0"},
				"down": {"uv": [4, 12.5, 4.5, 12], "texture": "#0"}
			}
		},
		{
			"name": "netherite_axe_87",
			"from": [2.5, 0, 12.5],
			"to": [3, 0.5, 13],
			"faces": {
				"north": {"uv": [3, 12.5, 2.5, 13], "texture": "#0"},
				"east": {"uv": [2.5, 12.5, 3, 13], "rotation": 90, "texture": "#0"},
				"south": {"uv": [2.5, 12.5, 3, 13], "texture": "#0"},
				"west": {"uv": [2.5, 12.5, 3, 13], "rotation": 270, "texture": "#0"},
				"up": {"uv": [2.5, 12.5, 3, 13], "texture": "#0"},
				"down": {"uv": [2.5, 13, 3, 12.5], "texture": "#0"}
			}
		},
		{
			"name": "netherite_axe_88",
			"from": [3, 0, 12.5],
			"to": [3.5, 0.5, 13],
			"faces": {
				"north": {"uv": [3.5, 12.5, 3, 13], "texture": "#0"},
				"east": {"uv": [3, 12.5, 3.5, 13], "rotation": 90, "texture": "#0"},
				"south": {"uv": [3, 12.5, 3.5, 13], "texture": "#0"},
				"west": {"uv": [3, 12.5, 3.5, 13], "rotation": 270, "texture": "#0"},
				"up": {"uv": [3, 12.5, 3.5, 13], "texture": "#0"},
				"down": {"uv": [3, 13, 3.5, 12.5], "texture": "#0"}
			}
		},
		{
			"name": "netherite_axe_89",
			"from": [3.5, 0, 12.5],
			"to": [4, 0.5, 13],
			"faces": {
				"north": {"uv": [4, 12.5, 3.5, 13], "texture": "#0"},
				"east": {"uv": [3.5, 12.5, 4, 13], "rotation": 90, "texture": "#0"},
				"south": {"uv": [3.5, 12.5, 4, 13], "texture": "#0"},
				"west": {"uv": [3.5, 12.5, 4, 13], "rotation": 270, "texture": "#0"},
				"up": {"uv": [3.5, 12.5, 4, 13], "texture": "#0"},
				"down": {"uv": [3.5, 13, 4, 12.5], "texture": "#0"}
			}
		},
		{
			"name": "netherite_axe_90",
			"from": [2, 0, 13],
			"to": [2.5, 0.5, 13.5],
			"faces": {
				"north": {"uv": [2.5, 13, 2, 13.5], "texture": "#0"},
				"east": {"uv": [2, 13, 2.5, 13.5], "rotation": 90, "texture": "#0"},
				"south": {"uv": [2, 13, 2.5, 13.5], "texture": "#0"},
				"west": {"uv": [2, 13, 2.5, 13.5], "rotation": 270, "texture": "#0"},
				"up": {"uv": [2, 13, 2.5, 13.5], "texture": "#0"},
				"down": {"uv": [2, 13.5, 2.5, 13], "texture": "#0"}
			}
		},
		{
			"name": "netherite_axe_91",
			"from": [2.5, 0, 13],
			"to": [3, 0.5, 13.5],
			"faces": {
				"north": {"uv": [3, 13, 2.5, 13.5], "texture": "#0"},
				"east": {"uv": [2.5, 13, 3, 13.5], "rotation": 90, "texture": "#0"},
				"south": {"uv": [2.5, 13, 3, 13.5], "texture": "#0"},
				"west": {"uv": [2.5, 13, 3, 13.5], "rotation": 270, "texture": "#0"},
				"up": {"uv": [2.5, 13, 3, 13.5], "texture": "#0"},
				"down": {"uv": [2.5, 13.5, 3, 13], "texture": "#0"}
			}
		},
		{
			"name": "netherite_axe_92",
			"from": [3, 0, 13],
			"to": [3.5, 0.5, 13.5],
			"faces": {
				"north": {"uv": [3.5, 13, 3, 13.5], "texture": "#0"},
				"east": {"uv": [3, 13, 3.5, 13.5], "rotation": 90, "texture": "#0"},
				"south": {"uv": [3, 13, 3.5, 13.5], "texture": "#0"},
				"west": {"uv": [3, 13, 3.5, 13.5], "rotation": 270, "texture": "#0"},
				"up": {"uv": [3, 13, 3.5, 13.5], "texture": "#0"},
				"down": {"uv": [3, 13.5, 3.5, 13], "texture": "#0"}
			}
		},
		{
			"name": "netherite_axe_93",
			"from": [1.5, 0, 13.5],
			"to": [2, 0.5, 14],
			"faces": {
				"north": {"uv": [2, 13.5, 1.5, 14], "texture": "#0"},
				"east": {"uv": [1.5, 13.5, 2, 14], "rotation": 90, "texture": "#0"},
				"south": {"uv": [1.5, 13.5, 2, 14], "texture": "#0"},
				"west": {"uv": [1.5, 13.5, 2, 14], "rotation": 270, "texture": "#0"},
				"up": {"uv": [1.5, 13.5, 2, 14], "texture": "#0"},
				"down": {"uv": [1.5, 14, 2, 13.5], "texture": "#0"}
			}
		},
		{
			"name": "netherite_axe_94",
			"from": [2, 0, 13.5],
			"to": [2.5, 0.5, 14],
			"faces": {
				"north": {"uv": [2.5, 13.5, 2, 14], "texture": "#0"},
				"east": {"uv": [2, 13.5, 2.5, 14], "rotation": 90, "texture": "#0"},
				"south": {"uv": [2, 13.5, 2.5, 14], "texture": "#0"},
				"west": {"uv": [2, 13.5, 2.5, 14], "rotation": 270, "texture": "#0"},
				"up": {"uv": [2, 13.5, 2.5, 14], "texture": "#0"},
				"down": {"uv": [2, 14, 2.5, 13.5], "texture": "#0"}
			}
		},
		{
			"name": "netherite_axe_95",
			"from": [2.5, 0, 13.5],
			"to": [3, 0.5, 14],
			"faces": {
				"north": {"uv": [3, 13.5, 2.5, 14], "texture": "#0"},
				"east": {"uv": [2.5, 13.5, 3, 14], "rotation": 90, "texture": "#0"},
				"south": {"uv": [2.5, 13.5, 3, 14], "texture": "#0"},
				"west": {"uv": [2.5, 13.5, 3, 14], "rotation": 270, "texture": "#0"},
				"up": {"uv": [2.5, 13.5, 3, 14], "texture": "#0"},
				"down": {"uv": [2.5, 14, 3, 13.5], "texture": "#0"}
			}
		},
		{
			"name": "netherite_axe_96",
			"from": [1, 0, 14],
			"to": [1.5, 0.5, 14.5],
			"faces": {
				"north": {"uv": [1.5, 14, 1, 14.5], "texture": "#0"},
				"east": {"uv": [1, 14, 1.5, 14.5], "rotation": 90, "texture": "#0"},
				"south": {"uv": [1, 14, 1.5, 14.5], "texture": "#0"},
				"west": {"uv": [1, 14, 1.5, 14.5], "rotation": 270, "texture": "#0"},
				"up": {"uv": [1, 14, 1.5, 14.5], "texture": "#0"},
				"down": {"uv": [1, 14.5, 1.5, 14], "texture": "#0"}
			}
		},
		{
			"name": "netherite_axe_97",
			"from": [1.5, 0, 14],
			"to": [2, 0.5, 14.5],
			"faces": {
				"north": {"uv": [2, 14, 1.5, 14.5], "texture": "#0"},
				"east": {"uv": [1.5, 14, 2, 14.5], "rotation": 90, "texture": "#0"},
				"south": {"uv": [1.5, 14, 2, 14.5], "texture": "#0"},
				"west": {"uv": [1.5, 14, 2, 14.5], "rotation": 270, "texture": "#0"},
				"up": {"uv": [1.5, 14, 2, 14.5], "texture": "#0"},
				"down": {"uv": [1.5, 14.5, 2, 14], "texture": "#0"}
			}
		},
		{
			"name": "netherite_axe_98",
			"from": [2, 0, 14],
			"to": [2.5, 0.5, 14.5],
			"faces": {
				"north": {"uv": [2.5, 14, 2, 14.5], "texture": "#0"},
				"east": {"uv": [2, 14, 2.5, 14.5], "rotation": 90, "texture": "#0"},
				"south": {"uv": [2, 14, 2.5, 14.5], "texture": "#0"},
				"west": {"uv": [2, 14, 2.5, 14.5], "rotation": 270, "texture": "#0"},
				"up": {"uv": [2, 14, 2.5, 14.5], "texture": "#0"},
				"down": {"uv": [2, 14.5, 2.5, 14], "texture": "#0"}
			}
		},
		{
			"name": "netherite_axe_99",
			"from": [1, 0, 14.5],
			"to": [1.5, 0.5, 15],
			"faces": {
				"north": {"uv": [1.5, 14.5, 1, 15], "texture": "#0"},
				"east": {"uv": [1, 14.5, 1.5, 15], "rotation": 90, "texture": "#0"},
				"south": {"uv": [1, 14.5, 1.5, 15], "texture": "#0"},
				"west": {"uv": [1, 14.5, 1.5, 15], "rotation": 270, "texture": "#0"},
				"up": {"uv": [1, 14.5, 1.5, 15], "texture": "#0"},
				"down": {"uv": [1, 15, 1.5, 14.5], "texture": "#0"}
			}
		},
		{
			"name": "netherite_axe_100",
			"from": [1.5, 0, 14.5],
			"to": [2, 0.5, 15],
			"faces": {
				"north": {"uv": [2, 14.5, 1.5, 15], "texture": "#0"},
				"east": {"uv": [1.5, 14.5, 2, 15], "rotation": 90, "texture": "#0"},
				"south": {"uv": [1.5, 14.5, 2, 15], "texture": "#0"},
				"west": {"uv": [1.5, 14.5, 2, 15], "rotation": 270, "texture": "#0"},
				"up": {"uv": [1.5, 14.5, 2, 15], "texture": "#0"},
				"down": {"uv": [1.5, 15, 2, 14.5], "texture": "#0"}
			}
		},
		{
			"name": "netherite_axe_101",
			"from": [2, 0, 14.5],
			"to": [2.5, 0.5, 15],
			"faces": {
				"north": {"uv": [2.5, 14.5, 2, 15], "texture": "#0"},
				"east": {"uv": [2, 14.5, 2.5, 15], "rotation": 90, "texture": "#0"},
				"south": {"uv": [2, 14.5, 2.5, 15], "texture": "#0"},
				"west": {"uv": [2, 14.5, 2.5, 15], "rotation": 270, "texture": "#0"},
				"up": {"uv": [2, 14.5, 2.5, 15], "texture": "#0"},
				"down": {"uv": [2, 15, 2.5, 14.5], "texture": "#0"}
			}
		},
		{
			"name": "netherite_axe_102",
			"from": [0.5, 0, 15],
			"to": [1, 0.5, 15.5],
			"faces": {
				"north": {"uv": [1, 15, 0.5, 15.5], "texture": "#0"},
				"east": {"uv": [0.5, 15, 1, 15.5], "rotation": 90, "texture": "#0"},
				"south": {"uv": [0.5, 15, 1, 15.5], "texture": "#0"},
				"west": {"uv": [0.5, 15, 1, 15.5], "rotation": 270, "texture": "#0"},
				"up": {"uv": [0.5, 15, 1, 15.5], "texture": "#0"},
				"down": {"uv": [0.5, 15.5, 1, 15], "texture": "#0"}
			}
		},
		{
			"name": "netherite_axe_103",
			"from": [1, 0, 15],
			"to": [1.5, 0.5, 15.5],
			"faces": {
				"north": {"uv": [1.5, 15, 1, 15.5], "texture": "#0"},
				"east": {"uv": [1, 15, 1.5, 15.5], "rotation": 90, "texture": "#0"},
				"south": {"uv": [1, 15, 1.5, 15.5], "texture": "#0"},
				"west": {"uv": [1, 15, 1.5, 15.5], "rotation": 270, "texture": "#0"},
				"up": {"uv": [1, 15, 1.5, 15.5], "texture": "#0"},
				"down": {"uv": [1, 15.5, 1.5, 15], "texture": "#0"}
			}
		},
		{
			"name": "netherite_axe_104",
			"from": [1.5, 0, 15],
			"to": [2, 0.5, 15.5],
			"faces": {
				"north": {"uv": [2, 15, 1.5, 15.5], "texture": "#0"},
				"east": {"uv": [1.5, 15, 2, 15.5], "rotation": 90, "texture": "#0"},
				"south": {"uv": [1.5, 15, 2, 15.5], "texture": "#0"},
				"west": {"uv": [1.5, 15, 2, 15.5], "rotation": 270, "texture": "#0"},
				"up": {"uv": [1.5, 15, 2, 15.5], "texture": "#0"},
				"down": {"uv": [1.5, 15.5, 2, 15], "texture": "#0"}
			}
		},
		{
			"name": "netherite_axe_105",
			"from": [0.5, 0, 15.5],
			"to": [1, 0.5, 16],
			"faces": {
				"north": {"uv": [1, 15.5, 0.5, 16], "texture": "#0"},
				"east": {"uv": [0.5, 15.5, 1, 16], "rotation": 90, "texture": "#0"},
				"south": {"uv": [0.5, 15.5, 1, 16], "texture": "#0"},
				"west": {"uv": [0.5, 15.5, 1, 16], "rotation": 270, "texture": "#0"},
				"up": {"uv": [0.5, 15.5, 1, 16], "texture": "#0"},
				"down": {"uv": [0.5, 16, 1, 15.5], "texture": "#0"}
			}
		},
		{
			"name": "netherite_axe_106",
			"from": [1, 0, 15.5],
			"to": [1.5, 0.5, 16],
			"faces": {
				"north": {"uv": [1.5, 15.5, 1, 16], "texture": "#0"},
				"east": {"uv": [1, 15.5, 1.5, 16], "rotation": 90, "texture": "#0"},
				"south": {"uv": [1, 15.5, 1.5, 16], "texture": "#0"},
				"west": {"uv": [1, 15.5, 1.5, 16], "rotation": 270, "texture": "#0"},
				"up": {"uv": [1, 15.5, 1.5, 16], "texture": "#0"},
				"down": {"uv": [1, 16, 1.5, 15.5], "texture": "#0"}
			}
		},
		{
			"name": "netherite_axe_107",
			"from": [1.5, 0, 15.5],
			"to": [2, 0.5, 16],
			"faces": {
				"north": {"uv": [2, 15.5, 1.5, 16], "texture": "#0"},
				"east": {"uv": [1.5, 15.5, 2, 16], "rotation": 90, "texture": "#0"},
				"south": {"uv": [1.5, 15.5, 2, 16], "texture": "#0"},
				"west": {"uv": [1.5, 15.5, 2, 16], "rotation": 270, "texture": "#0"},
				"up": {"uv": [1.5, 15.5, 2, 16], "texture": "#0"},
				"down": {"uv": [1.5, 16, 2, 15.5], "texture": "#0"}
			}
		}
	],
	"gui_light": "front",
	"display": {
		"thirdperson_righthand": {
			"rotation": [35, 0, 90],
			"translation": [-12.25, 9.25, -0.5],
			"scale": [1.6, 1.6, 1.6]
		},
		"thirdperson_lefthand": {
			"rotation": [-145, -180, 90],
			"translation": [12.25, 9.25, -0.5],
			"scale": [1.6, 1.6, 1.6]
		},
		"firstperson_righthand": {
			"rotation": [57, -10, 90],
			"translation": [-8, 9.75, -1],
			"scale": [1.5, 1.5, 1.5]
		},
		"firstperson_lefthand": {
			"rotation": [43, -22, -89],
			"translation": [16, 6, 2.25],
			"scale": [1.5, 1.5, 1.5]
		},
		"ground": {
			"rotation": [90, 15, 0],
			"translation": [0, 0.5, 0],
			"scale": [0.7, 0.7, 0.7]
		},
		"gui": {
			"rotation": [90, 0, 0],
			"translation": [2.5, 2.5, 0],
			"scale": [1.3, 1.3, 1.3]
		},
		"head": {
			"rotation": [90, -180, 0],
			"translation": [-2, -17.5, 21],
			"scale": [2, 2, 2]
		},
		"fixed": {
			"rotation": [90, 0, -180],
			"translation": [-3, 3, -13.25],
			"scale": [1.6, 1.6, 1.6]
		}
	},
	"groups": [
		{
			"name": "netherite_axe",
			"origin": [8, 8, 8],
			"color": 0,
			"children": [
				0,
				1,
				2,
				3,
				4,
				5,
				6,
				7,
				8,
				9,
				10,
				11,
				12,
				13,
				14,
				15,
				16,
				17,
				18,
				19,
				20,
				21,
				22,
				23,
				24,
				25,
				26,
				27,
				28,
				29,
				30,
				31,
				32,
				33,
				34,
				35,
				36,
				37,
				38,
				39,
				40,
				41,
				42,
				43,
				44,
				45,
				46,
				47,
				48,
				49,
				50,
				51,
				52,
				53,
				54,
				55,
				56,
				57,
				58,
				59,
				60,
				61,
				62,
				63,
				64,
				65,
				66,
				67,
				68,
				69,
				70,
				71,
				72,
				73,
				74,
				75,
				76,
				77,
				78,
				79,
				80,
				81,
				82,
				83,
				84,
				85,
				86,
				87,
				88,
				89,
				90,
				91,
				92,
				93,
				94,
				95,
				96,
				97,
				98,
				99,
				100,
				101,
				102,
				103,
				104,
				105,
				106,
				107
			]
		}
	]
}