{
	"credit": "Made with Blockbench",
	"texture_size": [32, 32],
	"textures": {
		"0": "item/bow",
		"particle": "item/bow"
	},
    "overrides": [
        {
            "predicate": {
                "pulling": 1
            },
            "model": "item/bow_pulling_0"
        },
        {
            "predicate": {
                "pulling": 1,
                "pull": 0.65
            },
            "model": "item/bow_pulling_1"
        },
        {
            "predicate": {
                "pulling": 1,
                "pull": 0.9
            },
            "model": "item/bow_pulling_2"
        },
        {
            "predicate": {
                "damaged": 1,
                "damage": 0.85,
                "pulling": 0
            },
            "model": "item/bow_1"
        }
    ],
	"elements": [
		{
			"name": "bow_0",
			"from": [7.5, 12.91421, 17.10051],
			"to": [8, 13.41421, 17.60051],
			"rotation": {"angle": -45, "axis": "x", "origin": [8, 6, 8]},
			"faces": {
				"north": {"uv": [11, 4, 11.5, 4.5], "texture": "#0"},
				"east": {"uv": [11.5, 4, 11, 4.5], "texture": "#0"},
				"south": {"uv": [11, 4, 11.5, 4.5], "texture": "#0"},
				"west": {"uv": [11, 4, 11.5, 4.5], "texture": "#0"},
				"up": {"uv": [11, 4, 11.5, 4.5], "rotation": 90, "texture": "#0"},
				"down": {"uv": [11, 4, 11.5, 4.5], "rotation": 270, "texture": "#0"}
			}
		},
		{
			"name": "bow_1",
			"from": [7.5, 12.91421, 17.60051],
			"to": [8, 13.41421, 18.10051],
			"rotation": {"angle": -45, "axis": "x", "origin": [8, 6, 8]},
			"faces": {
				"north": {"uv": [11.5, 4, 12, 4.5], "texture": "#0"},
				"east": {"uv": [12, 4, 11.5, 4.5], "texture": "#0"},
				"south": {"uv": [11.5, 4, 12, 4.5], "texture": "#0"},
				"west": {"uv": [11.5, 4, 12, 4.5], "texture": "#0"},
				"up": {"uv": [11.5, 4, 12, 4.5], "rotation": 90, "texture": "#0"},
				"down": {"uv": [11.5, 4, 12, 4.5], "rotation": 270, "texture": "#0"}
			}
		},
		{
			"name": "bow_2",
			"from": [7.5, 12.41421, 13.60051],
			"to": [8, 12.91421, 14.10051],
			"rotation": {"angle": -45, "axis": "x", "origin": [8, 6, 8]},
			"faces": {
				"north": {"uv": [7.5, 4.5, 8, 5], "texture": "#0"},
				"east": {"uv": [8, 4.5, 7.5, 5], "texture": "#0"},
				"south": {"uv": [7.5, 4.5, 8, 5], "texture": "#0"},
				"west": {"uv": [7.5, 4.5, 8, 5], "texture": "#0"},
				"up": {"uv": [7.5, 4.5, 8, 5], "rotation": 90, "texture": "#0"},
				"down": {"uv": [7.5, 4.5, 8, 5], "rotation": 270, "texture": "#0"}
			}
		},
		{
			"name": "bow_3",
			"from": [7.5, 12.41421, 14.10051],
			"to": [8, 12.91421, 14.60051],
			"rotation": {"angle": -45, "axis": "x", "origin": [8, 6, 8]},
			"faces": {
				"north": {"uv": [8, 4.5, 8.5, 5], "texture": "#0"},
				"east": {"uv": [8.5, 4.5, 8, 5], "texture": "#0"},
				"south": {"uv": [8, 4.5, 8.5, 5], "texture": "#0"},
				"west": {"uv": [8, 4.5, 8.5, 5], "texture": "#0"},
				"up": {"uv": [8, 4.5, 8.5, 5], "rotation": 90, "texture": "#0"},
				"down": {"uv": [8, 4.5, 8.5, 5], "rotation": 270, "texture": "#0"}
			}
		},
		{
			"name": "bow_4",
			"from": [7.5, 12.41421, 14.60051],
			"to": [8, 12.91421, 15.10051],
			"rotation": {"angle": -45, "axis": "x", "origin": [8, 6, 8]},
			"faces": {
				"north": {"uv": [8.5, 4.5, 9, 5], "texture": "#0"},
				"east": {"uv": [9, 4.5, 8.5, 5], "texture": "#0"},
				"south": {"uv": [8.5, 4.5, 9, 5], "texture": "#0"},
				"west": {"uv": [8.5, 4.5, 9, 5], "texture": "#0"},
				"up": {"uv": [8.5, 4.5, 9, 5], "rotation": 90, "texture": "#0"},
				"down": {"uv": [8.5, 4.5, 9, 5], "rotation": 270, "texture": "#0"}
			}
		},
		{
			"name": "bow_5",
			"from": [7.5, 12.41421, 15.10051],
			"to": [8, 12.91421, 15.60051],
			"rotation": {"angle": -45, "axis": "x", "origin": [8, 6, 8]},
			"faces": {
				"north": {"uv": [9, 4.5, 9.5, 5], "texture": "#0"},
				"east": {"uv": [9.5, 4.5, 9, 5], "texture": "#0"},
				"south": {"uv": [9, 4.5, 9.5, 5], "texture": "#0"},
				"west": {"uv": [9, 4.5, 9.5, 5], "texture": "#0"},
				"up": {"uv": [9, 4.5, 9.5, 5], "rotation": 90, "texture": "#0"},
				"down": {"uv": [9, 4.5, 9.5, 5], "rotation": 270, "texture": "#0"}
			}
		},
		{
			"name": "bow_6",
			"from": [7.5, 12.41421, 15.60051],
			"to": [8, 12.91421, 16.10051],
			"rotation": {"angle": -45, "axis": "x", "origin": [8, 6, 8]},
			"faces": {
				"north": {"uv": [9.5, 4.5, 10, 5], "texture": "#0"},
				"east": {"uv": [10, 4.5, 9.5, 5], "texture": "#0"},
				"south": {"uv": [9.5, 4.5, 10, 5], "texture": "#0"},
				"west": {"uv": [9.5, 4.5, 10, 5], "texture": "#0"},
				"up": {"uv": [9.5, 4.5, 10, 5], "rotation": 90, "texture": "#0"},
				"down": {"uv": [9.5, 4.5, 10, 5], "rotation": 270, "texture": "#0"}
			}
		},
		{
			"name": "bow_7",
			"from": [7.5, 12.41421, 16.10051],
			"to": [8, 12.91421, 16.60051],
			"rotation": {"angle": -45, "axis": "x", "origin": [8, 6, 8]},
			"faces": {
				"north": {"uv": [10, 4.5, 10.5, 5], "texture": "#0"},
				"east": {"uv": [10.5, 4.5, 10, 5], "texture": "#0"},
				"south": {"uv": [10, 4.5, 10.5, 5], "texture": "#0"},
				"west": {"uv": [10, 4.5, 10.5, 5], "texture": "#0"},
				"up": {"uv": [10, 4.5, 10.5, 5], "rotation": 90, "texture": "#0"},
				"down": {"uv": [10, 4.5, 10.5, 5], "rotation": 270, "texture": "#0"}
			}
		},
		{
			"name": "bow_8",
			"from": [7.5, 12.41421, 17.60051],
			"to": [8, 12.91421, 18.10051],
			"rotation": {"angle": -45, "axis": "x", "origin": [8, 6, 8]},
			"faces": {
				"north": {"uv": [11.5, 4.5, 12, 5], "texture": "#0"},
				"east": {"uv": [12, 4.5, 11.5, 5], "texture": "#0"},
				"south": {"uv": [11.5, 4.5, 12, 5], "texture": "#0"},
				"west": {"uv": [11.5, 4.5, 12, 5], "texture": "#0"},
				"up": {"uv": [11.5, 4.5, 12, 5], "rotation": 90, "texture": "#0"},
				"down": {"uv": [11.5, 4.5, 12, 5], "rotation": 270, "texture": "#0"}
			}
		},
		{
			"name": "bow_9",
			"from": [7.5, 11.91421, 12.60051],
			"to": [8, 12.41421, 13.10051],
			"rotation": {"angle": -45, "axis": "x", "origin": [8, 6, 8]},
			"faces": {
				"north": {"uv": [6.5, 5, 7, 5.5], "texture": "#0"},
				"east": {"uv": [7, 5, 6.5, 5.5], "texture": "#0"},
				"south": {"uv": [6.5, 5, 7, 5.5], "texture": "#0"},
				"west": {"uv": [6.5, 5, 7, 5.5], "texture": "#0"},
				"up": {"uv": [6.5, 5, 7, 5.5], "rotation": 90, "texture": "#0"},
				"down": {"uv": [6.5, 5, 7, 5.5], "rotation": 270, "texture": "#0"}
			}
		},
		{
			"name": "bow_10",
			"from": [7.5, 11.91421, 13.10051],
			"to": [8, 12.41421, 13.60051],
			"rotation": {"angle": -45, "axis": "x", "origin": [8, 6, 8]},
			"faces": {
				"north": {"uv": [7, 5, 7.5, 5.5], "texture": "#0"},
				"east": {"uv": [7.5, 5, 7, 5.5], "texture": "#0"},
				"south": {"uv": [7, 5, 7.5, 5.5], "texture": "#0"},
				"west": {"uv": [7, 5, 7.5, 5.5], "texture": "#0"},
				"up": {"uv": [7, 5, 7.5, 5.5], "rotation": 90, "texture": "#0"},
				"down": {"uv": [7, 5, 7.5, 5.5], "rotation": 270, "texture": "#0"}
			}
		},
		{
			"name": "bow_11",
			"from": [7.5, 11.91421, 13.60051],
			"to": [8, 12.41421, 14.10051],
			"rotation": {"angle": -45, "axis": "x", "origin": [8, 6, 8]},
			"faces": {
				"north": {"uv": [7.5, 5, 8, 5.5], "texture": "#0"},
				"east": {"uv": [8, 5, 7.5, 5.5], "texture": "#0"},
				"south": {"uv": [7.5, 5, 8, 5.5], "texture": "#0"},
				"west": {"uv": [7.5, 5, 8, 5.5], "texture": "#0"},
				"up": {"uv": [7.5, 5, 8, 5.5], "rotation": 90, "texture": "#0"},
				"down": {"uv": [7.5, 5, 8, 5.5], "rotation": 270, "texture": "#0"}
			}
		},
		{
			"name": "bow_12",
			"from": [7.5, 11.91421, 14.10051],
			"to": [8, 12.41421, 14.60051],
			"rotation": {"angle": -45, "axis": "x", "origin": [8, 6, 8]},
			"faces": {
				"north": {"uv": [8, 5, 8.5, 5.5], "texture": "#0"},
				"east": {"uv": [8.5, 5, 8, 5.5], "texture": "#0"},
				"south": {"uv": [8, 5, 8.5, 5.5], "texture": "#0"},
				"west": {"uv": [8, 5, 8.5, 5.5], "texture": "#0"},
				"up": {"uv": [8, 5, 8.5, 5.5], "rotation": 90, "texture": "#0"},
				"down": {"uv": [8, 5, 8.5, 5.5], "rotation": 270, "texture": "#0"}
			}
		},
		{
			"name": "bow_13",
			"from": [7.5, 11.91421, 14.60051],
			"to": [8, 12.41421, 15.10051],
			"rotation": {"angle": -45, "axis": "x", "origin": [8, 6, 8]},
			"faces": {
				"north": {"uv": [8.5, 5, 9, 5.5], "texture": "#0"},
				"east": {"uv": [9, 5, 8.5, 5.5], "texture": "#0"},
				"south": {"uv": [8.5, 5, 9, 5.5], "texture": "#0"},
				"west": {"uv": [8.5, 5, 9, 5.5], "texture": "#0"},
				"up": {"uv": [8.5, 5, 9, 5.5], "rotation": 90, "texture": "#0"},
				"down": {"uv": [8.5, 5, 9, 5.5], "rotation": 270, "texture": "#0"}
			}
		},
		{
			"name": "bow_14",
			"from": [7.5, 11.91421, 15.10051],
			"to": [8, 12.41421, 15.60051],
			"rotation": {"angle": -45, "axis": "x", "origin": [8, 6, 8]},
			"faces": {
				"north": {"uv": [9, 5, 9.5, 5.5], "texture": "#0"},
				"east": {"uv": [9.5, 5, 9, 5.5], "texture": "#0"},
				"south": {"uv": [9, 5, 9.5, 5.5], "texture": "#0"},
				"west": {"uv": [9, 5, 9.5, 5.5], "texture": "#0"},
				"up": {"uv": [9, 5, 9.5, 5.5], "rotation": 90, "texture": "#0"},
				"down": {"uv": [9, 5, 9.5, 5.5], "rotation": 270, "texture": "#0"}
			}
		},
		{
			"name": "bow_15",
			"from": [7.5, 11.91421, 15.60051],
			"to": [8, 12.41421, 16.10051],
			"rotation": {"angle": -45, "axis": "x", "origin": [8, 6, 8]},
			"faces": {
				"north": {"uv": [9.5, 5, 10, 5.5], "texture": "#0"},
				"east": {"uv": [10, 5, 9.5, 5.5], "texture": "#0"},
				"south": {"uv": [9.5, 5, 10, 5.5], "texture": "#0"},
				"west": {"uv": [9.5, 5, 10, 5.5], "texture": "#0"},
				"up": {"uv": [9.5, 5, 10, 5.5], "rotation": 90, "texture": "#0"},
				"down": {"uv": [9.5, 5, 10, 5.5], "rotation": 270, "texture": "#0"}
			}
		},
		{
			"name": "bow_16",
			"from": [7.5, 11.91421, 16.10051],
			"to": [8, 12.41421, 16.60051],
			"rotation": {"angle": -45, "axis": "x", "origin": [8, 6, 8]},
			"faces": {
				"north": {"uv": [10, 5, 10.5, 5.5], "texture": "#0"},
				"east": {"uv": [10.5, 5, 10, 5.5], "texture": "#0"},
				"south": {"uv": [10, 5, 10.5, 5.5], "texture": "#0"},
				"west": {"uv": [10, 5, 10.5, 5.5], "texture": "#0"},
				"up": {"uv": [10, 5, 10.5, 5.5], "rotation": 90, "texture": "#0"},
				"down": {"uv": [10, 5, 10.5, 5.5], "rotation": 270, "texture": "#0"}
			}
		},
		{
			"name": "bow_17",
			"from": [7.5, 11.91421, 16.60051],
			"to": [8, 12.41421, 17.10051],
			"rotation": {"angle": -45, "axis": "x", "origin": [8, 6, 8]},
			"faces": {
				"north": {"uv": [10.5, 5, 11, 5.5], "texture": "#0"},
				"east": {"uv": [11, 5, 10.5, 5.5], "texture": "#0"},
				"south": {"uv": [10.5, 5, 11, 5.5], "texture": "#0"},
				"west": {"uv": [10.5, 5, 11, 5.5], "texture": "#0"},
				"up": {"uv": [10.5, 5, 11, 5.5], "rotation": 90, "texture": "#0"},
				"down": {"uv": [10.5, 5, 11, 5.5], "rotation": 270, "texture": "#0"}
			}
		},
		{
			"name": "bow_18",
			"from": [7.5, 11.91421, 17.10051],
			"to": [8, 12.41421, 17.60051],
			"rotation": {"angle": -45, "axis": "x", "origin": [8, 6, 8]},
			"faces": {
				"north": {"uv": [11, 5, 11.5, 5.5], "texture": "#0"},
				"east": {"uv": [11.5, 5, 11, 5.5], "texture": "#0"},
				"south": {"uv": [11, 5, 11.5, 5.5], "texture": "#0"},
				"west": {"uv": [11, 5, 11.5, 5.5], "texture": "#0"},
				"up": {"uv": [11, 5, 11.5, 5.5], "rotation": 90, "texture": "#0"},
				"down": {"uv": [11, 5, 11.5, 5.5], "rotation": 270, "texture": "#0"}
			}
		},
		{
			"name": "bow_19",
			"from": [7.5, 11.91421, 17.60051],
			"to": [8, 12.41421, 18.10051],
			"rotation": {"angle": -45, "axis": "x", "origin": [8, 6, 8]},
			"faces": {
				"north": {"uv": [11.5, 5, 12, 5.5], "texture": "#0"},
				"east": {"uv": [12, 5, 11.5, 5.5], "texture": "#0"},
				"south": {"uv": [11.5, 5, 12, 5.5], "texture": "#0"},
				"west": {"uv": [11.5, 5, 12, 5.5], "texture": "#0"},
				"up": {"uv": [11.5, 5, 12, 5.5], "rotation": 90, "texture": "#0"},
				"down": {"uv": [11.5, 5, 12, 5.5], "rotation": 270, "texture": "#0"}
			}
		},
		{
			"name": "bow_20",
			"from": [7.5, 11.41421, 11.60051],
			"to": [8, 11.91421, 12.10051],
			"rotation": {"angle": -45, "axis": "x", "origin": [8, 6, 8]},
			"faces": {
				"north": {"uv": [5.5, 5.5, 6, 6], "texture": "#0"},
				"east": {"uv": [6, 5.5, 5.5, 6], "texture": "#0"},
				"south": {"uv": [5.5, 5.5, 6, 6], "texture": "#0"},
				"west": {"uv": [5.5, 5.5, 6, 6], "texture": "#0"},
				"up": {"uv": [5.5, 5.5, 6, 6], "rotation": 90, "texture": "#0"},
				"down": {"uv": [5.5, 5.5, 6, 6], "rotation": 270, "texture": "#0"}
			}
		},
		{
			"name": "bow_21",
			"from": [7.5, 11.41421, 12.10051],
			"to": [8, 11.91421, 12.60051],
			"rotation": {"angle": -45, "axis": "x", "origin": [8, 6, 8]},
			"faces": {
				"north": {"uv": [6, 5.5, 6.5, 6], "texture": "#0"},
				"east": {"uv": [6.5, 5.5, 6, 6], "texture": "#0"},
				"south": {"uv": [6, 5.5, 6.5, 6], "texture": "#0"},
				"west": {"uv": [6, 5.5, 6.5, 6], "texture": "#0"},
				"up": {"uv": [6, 5.5, 6.5, 6], "rotation": 90, "texture": "#0"},
				"down": {"uv": [6, 5.5, 6.5, 6], "rotation": 270, "texture": "#0"}
			}
		},
		{
			"name": "bow_22",
			"from": [7.5, 11.41421, 12.60051],
			"to": [8, 11.91421, 13.10051],
			"rotation": {"angle": -45, "axis": "x", "origin": [8, 6, 8]},
			"faces": {
				"north": {"uv": [6.5, 5.5, 7, 6], "texture": "#0"},
				"east": {"uv": [7, 5.5, 6.5, 6], "texture": "#0"},
				"south": {"uv": [6.5, 5.5, 7, 6], "texture": "#0"},
				"west": {"uv": [6.5, 5.5, 7, 6], "texture": "#0"},
				"up": {"uv": [6.5, 5.5, 7, 6], "rotation": 90, "texture": "#0"},
				"down": {"uv": [6.5, 5.5, 7, 6], "rotation": 270, "texture": "#0"}
			}
		},
		{
			"name": "bow_23",
			"from": [7.5, 11.41421, 13.10051],
			"to": [8, 11.91421, 13.60051],
			"rotation": {"angle": -45, "axis": "x", "origin": [8, 6, 8]},
			"faces": {
				"north": {"uv": [7, 5.5, 7.5, 6], "texture": "#0"},
				"east": {"uv": [7.5, 5.5, 7, 6], "texture": "#0"},
				"south": {"uv": [7, 5.5, 7.5, 6], "texture": "#0"},
				"west": {"uv": [7, 5.5, 7.5, 6], "texture": "#0"},
				"up": {"uv": [7, 5.5, 7.5, 6], "rotation": 90, "texture": "#0"},
				"down": {"uv": [7, 5.5, 7.5, 6], "rotation": 270, "texture": "#0"}
			}
		},
		{
			"name": "bow_24",
			"from": [7.5, 11.41421, 13.60051],
			"to": [8, 11.91421, 14.10051],
			"rotation": {"angle": -45, "axis": "x", "origin": [8, 6, 8]},
			"faces": {
				"north": {"uv": [7.5, 5.5, 8, 6], "texture": "#0"},
				"east": {"uv": [8, 5.5, 7.5, 6], "texture": "#0"},
				"south": {"uv": [7.5, 5.5, 8, 6], "texture": "#0"},
				"west": {"uv": [7.5, 5.5, 8, 6], "texture": "#0"},
				"up": {"uv": [7.5, 5.5, 8, 6], "rotation": 90, "texture": "#0"},
				"down": {"uv": [7.5, 5.5, 8, 6], "rotation": 270, "texture": "#0"}
			}
		},
		{
			"name": "bow_25",
			"from": [7.5, 11.41421, 14.10051],
			"to": [8, 11.91421, 14.60051],
			"rotation": {"angle": -45, "axis": "x", "origin": [8, 6, 8]},
			"faces": {
				"north": {"uv": [8, 5.5, 8.5, 6], "texture": "#0"},
				"east": {"uv": [8.5, 5.5, 8, 6], "texture": "#0"},
				"south": {"uv": [8, 5.5, 8.5, 6], "texture": "#0"},
				"west": {"uv": [8, 5.5, 8.5, 6], "texture": "#0"},
				"up": {"uv": [8, 5.5, 8.5, 6], "rotation": 90, "texture": "#0"},
				"down": {"uv": [8, 5.5, 8.5, 6], "rotation": 270, "texture": "#0"}
			}
		},
		{
			"name": "bow_26",
			"from": [7.5, 11.41421, 14.60051],
			"to": [8, 11.91421, 15.10051],
			"rotation": {"angle": -45, "axis": "x", "origin": [8, 6, 8]},
			"faces": {
				"north": {"uv": [8.5, 5.5, 9, 6], "texture": "#0"},
				"east": {"uv": [9, 5.5, 8.5, 6], "texture": "#0"},
				"south": {"uv": [8.5, 5.5, 9, 6], "texture": "#0"},
				"west": {"uv": [8.5, 5.5, 9, 6], "texture": "#0"},
				"up": {"uv": [8.5, 5.5, 9, 6], "rotation": 90, "texture": "#0"},
				"down": {"uv": [8.5, 5.5, 9, 6], "rotation": 270, "texture": "#0"}
			}
		},
		{
			"name": "bow_27",
			"from": [7.5, 11.41421, 16.60051],
			"to": [8, 11.91421, 17.10051],
			"rotation": {"angle": -45, "axis": "x", "origin": [8, 6, 8]},
			"faces": {
				"north": {"uv": [10.5, 5.5, 11, 6], "texture": "#0"},
				"east": {"uv": [11, 5.5, 10.5, 6], "texture": "#0"},
				"south": {"uv": [10.5, 5.5, 11, 6], "texture": "#0"},
				"west": {"uv": [10.5, 5.5, 11, 6], "texture": "#0"},
				"up": {"uv": [10.5, 5.5, 11, 6], "rotation": 90, "texture": "#0"},
				"down": {"uv": [10.5, 5.5, 11, 6], "rotation": 270, "texture": "#0"}
			}
		},
		{
			"name": "bow_28",
			"from": [7.5, 11.41421, 17.10051],
			"to": [8, 11.91421, 17.60051],
			"rotation": {"angle": -45, "axis": "x", "origin": [8, 6, 8]},
			"faces": {
				"north": {"uv": [11, 5.5, 11.5, 6], "texture": "#0"},
				"east": {"uv": [11.5, 5.5, 11, 6], "texture": "#0"},
				"south": {"uv": [11, 5.5, 11.5, 6], "texture": "#0"},
				"west": {"uv": [11, 5.5, 11.5, 6], "texture": "#0"},
				"up": {"uv": [11, 5.5, 11.5, 6], "rotation": 90, "texture": "#0"},
				"down": {"uv": [11, 5.5, 11.5, 6], "rotation": 270, "texture": "#0"}
			}
		},
		{
			"name": "bow_29",
			"from": [7.5, 10.91421, 11.10051],
			"to": [8, 11.41421, 11.60051],
			"rotation": {"angle": -45, "axis": "x", "origin": [8, 6, 8]},
			"faces": {
				"north": {"uv": [5, 6, 5.5, 6.5], "texture": "#0"},
				"east": {"uv": [5.5, 6, 5, 6.5], "texture": "#0"},
				"south": {"uv": [5, 6, 5.5, 6.5], "texture": "#0"},
				"west": {"uv": [5, 6, 5.5, 6.5], "texture": "#0"},
				"up": {"uv": [5, 6, 5.5, 6.5], "rotation": 90, "texture": "#0"},
				"down": {"uv": [5, 6, 5.5, 6.5], "rotation": 270, "texture": "#0"}
			}
		},
		{
			"name": "bow_30",
			"from": [7.5, 10.91421, 11.60051],
			"to": [8, 11.41421, 12.10051],
			"rotation": {"angle": -45, "axis": "x", "origin": [8, 6, 8]},
			"faces": {
				"north": {"uv": [5.5, 6, 6, 6.5], "texture": "#0"},
				"east": {"uv": [6, 6, 5.5, 6.5], "texture": "#0"},
				"south": {"uv": [5.5, 6, 6, 6.5], "texture": "#0"},
				"west": {"uv": [5.5, 6, 6, 6.5], "texture": "#0"},
				"up": {"uv": [5.5, 6, 6, 6.5], "rotation": 90, "texture": "#0"},
				"down": {"uv": [5.5, 6, 6, 6.5], "rotation": 270, "texture": "#0"}
			}
		},
		{
			"name": "bow_31",
			"from": [7.5, 10.91421, 12.10051],
			"to": [8, 11.41421, 12.60051],
			"rotation": {"angle": -45, "axis": "x", "origin": [8, 6, 8]},
			"faces": {
				"north": {"uv": [6, 6, 6.5, 6.5], "texture": "#0"},
				"east": {"uv": [6.5, 6, 6, 6.5], "texture": "#0"},
				"south": {"uv": [6, 6, 6.5, 6.5], "texture": "#0"},
				"west": {"uv": [6, 6, 6.5, 6.5], "texture": "#0"},
				"up": {"uv": [6, 6, 6.5, 6.5], "rotation": 90, "texture": "#0"},
				"down": {"uv": [6, 6, 6.5, 6.5], "rotation": 270, "texture": "#0"}
			}
		},
		{
			"name": "bow_32",
			"from": [7.5, 10.91421, 12.60051],
			"to": [8, 11.41421, 13.10051],
			"rotation": {"angle": -45, "axis": "x", "origin": [8, 6, 8]},
			"faces": {
				"north": {"uv": [6.5, 6, 7, 6.5], "texture": "#0"},
				"east": {"uv": [7, 6, 6.5, 6.5], "texture": "#0"},
				"south": {"uv": [6.5, 6, 7, 6.5], "texture": "#0"},
				"west": {"uv": [6.5, 6, 7, 6.5], "texture": "#0"},
				"up": {"uv": [6.5, 6, 7, 6.5], "rotation": 90, "texture": "#0"},
				"down": {"uv": [6.5, 6, 7, 6.5], "rotation": 270, "texture": "#0"}
			}
		},
		{
			"name": "bow_33",
			"from": [7.5, 10.91421, 13.10051],
			"to": [8, 11.41421, 13.60051],
			"rotation": {"angle": -45, "axis": "x", "origin": [8, 6, 8]},
			"faces": {
				"north": {"uv": [7, 6, 7.5, 6.5], "texture": "#0"},
				"east": {"uv": [7.5, 6, 7, 6.5], "texture": "#0"},
				"south": {"uv": [7, 6, 7.5, 6.5], "texture": "#0"},
				"west": {"uv": [7, 6, 7.5, 6.5], "texture": "#0"},
				"up": {"uv": [7, 6, 7.5, 6.5], "rotation": 90, "texture": "#0"},
				"down": {"uv": [7, 6, 7.5, 6.5], "rotation": 270, "texture": "#0"}
			}
		},
		{
			"name": "bow_34",
			"from": [7.5, 10.91421, 13.60051],
			"to": [8, 11.41421, 14.10051],
			"rotation": {"angle": -45, "axis": "x", "origin": [8, 6, 8]},
			"faces": {
				"north": {"uv": [7.5, 6, 8, 6.5], "texture": "#0"},
				"east": {"uv": [8, 6, 7.5, 6.5], "texture": "#0"},
				"south": {"uv": [7.5, 6, 8, 6.5], "texture": "#0"},
				"west": {"uv": [7.5, 6, 8, 6.5], "texture": "#0"},
				"up": {"uv": [7.5, 6, 8, 6.5], "rotation": 90, "texture": "#0"},
				"down": {"uv": [7.5, 6, 8, 6.5], "rotation": 270, "texture": "#0"}
			}
		},
		{
			"name": "bow_35",
			"from": [7.5, 10.91421, 16.10051],
			"to": [8, 11.41421, 16.60051],
			"rotation": {"angle": -45, "axis": "x", "origin": [8, 6, 8]},
			"faces": {
				"north": {"uv": [10, 6, 10.5, 6.5], "texture": "#0"},
				"east": {"uv": [10.5, 6, 10, 6.5], "texture": "#0"},
				"south": {"uv": [10, 6, 10.5, 6.5], "texture": "#0"},
				"west": {"uv": [10, 6, 10.5, 6.5], "texture": "#0"},
				"up": {"uv": [10, 6, 10.5, 6.5], "rotation": 90, "texture": "#0"},
				"down": {"uv": [10, 6, 10.5, 6.5], "rotation": 270, "texture": "#0"}
			}
		},
		{
			"name": "bow_36",
			"from": [7.5, 10.91421, 16.60051],
			"to": [8, 11.41421, 17.10051],
			"rotation": {"angle": -45, "axis": "x", "origin": [8, 6, 8]},
			"faces": {
				"north": {"uv": [10.5, 6, 11, 6.5], "texture": "#0"},
				"east": {"uv": [11, 6, 10.5, 6.5], "texture": "#0"},
				"south": {"uv": [10.5, 6, 11, 6.5], "texture": "#0"},
				"west": {"uv": [10.5, 6, 11, 6.5], "texture": "#0"},
				"up": {"uv": [10.5, 6, 11, 6.5], "rotation": 90, "texture": "#0"},
				"down": {"uv": [10.5, 6, 11, 6.5], "rotation": 270, "texture": "#0"}
			}
		},
		{
			"name": "bow_37",
			"from": [7.5, 10.41421, 10.60051],
			"to": [8, 10.91421, 11.10051],
			"rotation": {"angle": -45, "axis": "x", "origin": [8, 6, 8]},
			"faces": {
				"north": {"uv": [4.5, 6.5, 5, 7], "texture": "#0"},
				"east": {"uv": [5, 6.5, 4.5, 7], "texture": "#0"},
				"south": {"uv": [4.5, 6.5, 5, 7], "texture": "#0"},
				"west": {"uv": [4.5, 6.5, 5, 7], "texture": "#0"},
				"up": {"uv": [4.5, 6.5, 5, 7], "rotation": 90, "texture": "#0"},
				"down": {"uv": [4.5, 6.5, 5, 7], "rotation": 270, "texture": "#0"}
			}
		},
		{
			"name": "bow_38",
			"from": [7.5, 10.41421, 11.10051],
			"to": [8, 10.91421, 11.60051],
			"rotation": {"angle": -45, "axis": "x", "origin": [8, 6, 8]},
			"faces": {
				"north": {"uv": [5, 6.5, 5.5, 7], "texture": "#0"},
				"east": {"uv": [5.5, 6.5, 5, 7], "texture": "#0"},
				"south": {"uv": [5, 6.5, 5.5, 7], "texture": "#0"},
				"west": {"uv": [5, 6.5, 5.5, 7], "texture": "#0"},
				"up": {"uv": [5, 6.5, 5.5, 7], "rotation": 90, "texture": "#0"},
				"down": {"uv": [5, 6.5, 5.5, 7], "rotation": 270, "texture": "#0"}
			}
		},
		{
			"name": "bow_39",
			"from": [7.5, 10.41421, 11.60051],
			"to": [8, 10.91421, 12.10051],
			"rotation": {"angle": -45, "axis": "x", "origin": [8, 6, 8]},
			"faces": {
				"north": {"uv": [5.5, 6.5, 6, 7], "texture": "#0"},
				"east": {"uv": [6, 6.5, 5.5, 7], "texture": "#0"},
				"south": {"uv": [5.5, 6.5, 6, 7], "texture": "#0"},
				"west": {"uv": [5.5, 6.5, 6, 7], "texture": "#0"},
				"up": {"uv": [5.5, 6.5, 6, 7], "rotation": 90, "texture": "#0"},
				"down": {"uv": [5.5, 6.5, 6, 7], "rotation": 270, "texture": "#0"}
			}
		},
		{
			"name": "bow_40",
			"from": [7.5, 10.41421, 12.10051],
			"to": [8, 10.91421, 12.60051],
			"rotation": {"angle": -45, "axis": "x", "origin": [8, 6, 8]},
			"faces": {
				"north": {"uv": [6, 6.5, 6.5, 7], "texture": "#0"},
				"east": {"uv": [6.5, 6.5, 6, 7], "texture": "#0"},
				"south": {"uv": [6, 6.5, 6.5, 7], "texture": "#0"},
				"west": {"uv": [6, 6.5, 6.5, 7], "texture": "#0"},
				"up": {"uv": [6, 6.5, 6.5, 7], "rotation": 90, "texture": "#0"},
				"down": {"uv": [6, 6.5, 6.5, 7], "rotation": 270, "texture": "#0"}
			}
		},
		{
			"name": "bow_41",
			"from": [7.5, 10.41421, 15.60051],
			"to": [8, 10.91421, 16.10051],
			"rotation": {"angle": -45, "axis": "x", "origin": [8, 6, 8]},
			"faces": {
				"north": {"uv": [9.5, 6.5, 10, 7], "texture": "#0"},
				"east": {"uv": [10, 6.5, 9.5, 7], "texture": "#0"},
				"south": {"uv": [9.5, 6.5, 10, 7], "texture": "#0"},
				"west": {"uv": [9.5, 6.5, 10, 7], "texture": "#0"},
				"up": {"uv": [9.5, 6.5, 10, 7], "rotation": 90, "texture": "#0"},
				"down": {"uv": [9.5, 6.5, 10, 7], "rotation": 270, "texture": "#0"}
			}
		},
		{
			"name": "bow_42",
			"from": [7.5, 10.41421, 16.10051],
			"to": [8, 10.91421, 16.60051],
			"rotation": {"angle": -45, "axis": "x", "origin": [8, 6, 8]},
			"faces": {
				"north": {"uv": [10, 6.5, 10.5, 7], "texture": "#0"},
				"east": {"uv": [10.5, 6.5, 10, 7], "texture": "#0"},
				"south": {"uv": [10, 6.5, 10.5, 7], "texture": "#0"},
				"west": {"uv": [10, 6.5, 10.5, 7], "texture": "#0"},
				"up": {"uv": [10, 6.5, 10.5, 7], "rotation": 90, "texture": "#0"},
				"down": {"uv": [10, 6.5, 10.5, 7], "rotation": 270, "texture": "#0"}
			}
		},
		{
			"name": "bow_43",
			"from": [7.5, 9.91421, 10.10051],
			"to": [8, 10.41421, 10.60051],
			"rotation": {"angle": -45, "axis": "x", "origin": [8, 6, 8]},
			"faces": {
				"north": {"uv": [4, 7, 4.5, 7.5], "texture": "#0"},
				"east": {"uv": [4.5, 7, 4, 7.5], "texture": "#0"},
				"south": {"uv": [4, 7, 4.5, 7.5], "texture": "#0"},
				"west": {"uv": [4, 7, 4.5, 7.5], "texture": "#0"},
				"up": {"uv": [4, 7, 4.5, 7.5], "rotation": 90, "texture": "#0"},
				"down": {"uv": [4, 7, 4.5, 7.5], "rotation": 270, "texture": "#0"}
			}
		},
		{
			"name": "bow_44",
			"from": [7.5, 9.91421, 10.60051],
			"to": [8, 10.41421, 11.10051],
			"rotation": {"angle": -45, "axis": "x", "origin": [8, 6, 8]},
			"faces": {
				"north": {"uv": [4.5, 7, 5, 7.5], "texture": "#0"},
				"east": {"uv": [5, 7, 4.5, 7.5], "texture": "#0"},
				"south": {"uv": [4.5, 7, 5, 7.5], "texture": "#0"},
				"west": {"uv": [4.5, 7, 5, 7.5], "texture": "#0"},
				"up": {"uv": [4.5, 7, 5, 7.5], "rotation": 90, "texture": "#0"},
				"down": {"uv": [4.5, 7, 5, 7.5], "rotation": 270, "texture": "#0"}
			}
		},
		{
			"name": "bow_45",
			"from": [7.5, 9.91421, 11.10051],
			"to": [8, 10.41421, 11.60051],
			"rotation": {"angle": -45, "axis": "x", "origin": [8, 6, 8]},
			"faces": {
				"north": {"uv": [5, 7, 5.5, 7.5], "texture": "#0"},
				"east": {"uv": [5.5, 7, 5, 7.5], "texture": "#0"},
				"south": {"uv": [5, 7, 5.5, 7.5], "texture": "#0"},
				"west": {"uv": [5, 7, 5.5, 7.5], "texture": "#0"},
				"up": {"uv": [5, 7, 5.5, 7.5], "rotation": 90, "texture": "#0"},
				"down": {"uv": [5, 7, 5.5, 7.5], "rotation": 270, "texture": "#0"}
			}
		},
		{
			"name": "bow_46",
			"from": [7.5, 9.91421, 11.60051],
			"to": [8, 10.41421, 12.10051],
			"rotation": {"angle": -45, "axis": "x", "origin": [8, 6, 8]},
			"faces": {
				"north": {"uv": [5.5, 7, 6, 7.5], "texture": "#0"},
				"east": {"uv": [6, 7, 5.5, 7.5], "texture": "#0"},
				"south": {"uv": [5.5, 7, 6, 7.5], "texture": "#0"},
				"west": {"uv": [5.5, 7, 6, 7.5], "texture": "#0"},
				"up": {"uv": [5.5, 7, 6, 7.5], "rotation": 90, "texture": "#0"},
				"down": {"uv": [5.5, 7, 6, 7.5], "rotation": 270, "texture": "#0"}
			}
		},
		{
			"name": "bow_47",
			"from": [7.5, 9.91421, 15.10051],
			"to": [8, 10.41421, 15.60051],
			"rotation": {"angle": -45, "axis": "x", "origin": [8, 6, 8]},
			"faces": {
				"north": {"uv": [9, 7, 9.5, 7.5], "texture": "#0"},
				"east": {"uv": [9.5, 7, 9, 7.5], "texture": "#0"},
				"south": {"uv": [9, 7, 9.5, 7.5], "texture": "#0"},
				"west": {"uv": [9, 7, 9.5, 7.5], "texture": "#0"},
				"up": {"uv": [9, 7, 9.5, 7.5], "rotation": 90, "texture": "#0"},
				"down": {"uv": [9, 7, 9.5, 7.5], "rotation": 270, "texture": "#0"}
			}
		},
		{
			"name": "bow_48",
			"from": [7.5, 9.91421, 15.60051],
			"to": [8, 10.41421, 16.10051],
			"rotation": {"angle": -45, "axis": "x", "origin": [8, 6, 8]},
			"faces": {
				"north": {"uv": [9.5, 7, 10, 7.5], "texture": "#0"},
				"east": {"uv": [10, 7, 9.5, 7.5], "texture": "#0"},
				"south": {"uv": [9.5, 7, 10, 7.5], "texture": "#0"},
				"west": {"uv": [9.5, 7, 10, 7.5], "texture": "#0"},
				"up": {"uv": [9.5, 7, 10, 7.5], "rotation": 90, "texture": "#0"},
				"down": {"uv": [9.5, 7, 10, 7.5], "rotation": 270, "texture": "#0"}
			}
		},
		{
			"name": "bow_49",
			"from": [7.5, 9.41421, 9.60051],
			"to": [8, 9.91421, 10.10051],
			"rotation": {"angle": -45, "axis": "x", "origin": [8, 6, 8]},
			"faces": {
				"north": {"uv": [3.5, 7.5, 4, 8], "texture": "#0"},
				"east": {"uv": [4, 7.5, 3.5, 8], "texture": "#0"},
				"south": {"uv": [3.5, 7.5, 4, 8], "texture": "#0"},
				"west": {"uv": [3.5, 7.5, 4, 8], "texture": "#0"},
				"up": {"uv": [3.5, 7.5, 4, 8], "rotation": 90, "texture": "#0"},
				"down": {"uv": [3.5, 7.5, 4, 8], "rotation": 270, "texture": "#0"}
			}
		},
		{
			"name": "bow_50",
			"from": [7.5, 9.41421, 10.10051],
			"to": [8, 9.91421, 10.60051],
			"rotation": {"angle": -45, "axis": "x", "origin": [8, 6, 8]},
			"faces": {
				"north": {"uv": [4, 7.5, 4.5, 8], "texture": "#0"},
				"east": {"uv": [4.5, 7.5, 4, 8], "texture": "#0"},
				"south": {"uv": [4, 7.5, 4.5, 8], "texture": "#0"},
				"west": {"uv": [4, 7.5, 4.5, 8], "texture": "#0"},
				"up": {"uv": [4, 7.5, 4.5, 8], "rotation": 90, "texture": "#0"},
				"down": {"uv": [4, 7.5, 4.5, 8], "rotation": 270, "texture": "#0"}
			}
		},
		{
			"name": "bow_51",
			"from": [7.5, 9.41421, 10.60051],
			"to": [8, 9.91421, 11.10051],
			"rotation": {"angle": -45, "axis": "x", "origin": [8, 6, 8]},
			"faces": {
				"north": {"uv": [4.5, 7.5, 5, 8], "texture": "#0"},
				"east": {"uv": [5, 7.5, 4.5, 8], "texture": "#0"},
				"south": {"uv": [4.5, 7.5, 5, 8], "texture": "#0"},
				"west": {"uv": [4.5, 7.5, 5, 8], "texture": "#0"},
				"up": {"uv": [4.5, 7.5, 5, 8], "rotation": 90, "texture": "#0"},
				"down": {"uv": [4.5, 7.5, 5, 8], "rotation": 270, "texture": "#0"}
			}
		},
		{
			"name": "bow_52",
			"from": [7.5, 9.41421, 11.10051],
			"to": [8, 9.91421, 11.60051],
			"rotation": {"angle": -45, "axis": "x", "origin": [8, 6, 8]},
			"faces": {
				"north": {"uv": [5, 7.5, 5.5, 8], "texture": "#0"},
				"east": {"uv": [5.5, 7.5, 5, 8], "texture": "#0"},
				"south": {"uv": [5, 7.5, 5.5, 8], "texture": "#0"},
				"west": {"uv": [5, 7.5, 5.5, 8], "texture": "#0"},
				"up": {"uv": [5, 7.5, 5.5, 8], "rotation": 90, "texture": "#0"},
				"down": {"uv": [5, 7.5, 5.5, 8], "rotation": 270, "texture": "#0"}
			}
		},
		{
			"name": "bow_53",
			"from": [7.5, 9.41421, 14.60051],
			"to": [8, 9.91421, 15.10051],
			"rotation": {"angle": -45, "axis": "x", "origin": [8, 6, 8]},
			"faces": {
				"north": {"uv": [8.5, 7.5, 9, 8], "texture": "#0"},
				"east": {"uv": [9, 7.5, 8.5, 8], "texture": "#0"},
				"south": {"uv": [8.5, 7.5, 9, 8], "texture": "#0"},
				"west": {"uv": [8.5, 7.5, 9, 8], "texture": "#0"},
				"up": {"uv": [8.5, 7.5, 9, 8], "rotation": 90, "texture": "#0"},
				"down": {"uv": [8.5, 7.5, 9, 8], "rotation": 270, "texture": "#0"}
			}
		},
		{
			"name": "bow_54",
			"from": [7.5, 9.41421, 15.10051],
			"to": [8, 9.91421, 15.60051],
			"rotation": {"angle": -45, "axis": "x", "origin": [8, 6, 8]},
			"faces": {
				"north": {"uv": [9, 7.5, 9.5, 8], "texture": "#0"},
				"east": {"uv": [9.5, 7.5, 9, 8], "texture": "#0"},
				"south": {"uv": [9, 7.5, 9.5, 8], "texture": "#0"},
				"west": {"uv": [9, 7.5, 9.5, 8], "texture": "#0"},
				"up": {"uv": [9, 7.5, 9.5, 8], "rotation": 90, "texture": "#0"},
				"down": {"uv": [9, 7.5, 9.5, 8], "rotation": 270, "texture": "#0"}
			}
		},
		{
			"name": "bow_55",
			"from": [7.5, 8.91421, 9.10051],
			"to": [8, 9.41421, 9.60051],
			"rotation": {"angle": -45, "axis": "x", "origin": [8, 6, 8]},
			"faces": {
				"north": {"uv": [3, 8, 3.5, 8.5], "texture": "#0"},
				"east": {"uv": [3.5, 8, 3, 8.5], "texture": "#0"},
				"south": {"uv": [3, 8, 3.5, 8.5], "texture": "#0"},
				"west": {"uv": [3, 8, 3.5, 8.5], "texture": "#0"},
				"up": {"uv": [3, 8, 3.5, 8.5], "rotation": 90, "texture": "#0"},
				"down": {"uv": [3, 8, 3.5, 8.5], "rotation": 270, "texture": "#0"}
			}
		},
		{
			"name": "bow_56",
			"from": [7.5, 8.91421, 9.60051],
			"to": [8, 9.41421, 10.10051],
			"rotation": {"angle": -45, "axis": "x", "origin": [8, 6, 8]},
			"faces": {
				"north": {"uv": [3.5, 8, 4, 8.5], "texture": "#0"},
				"east": {"uv": [4, 8, 3.5, 8.5], "texture": "#0"},
				"south": {"uv": [3.5, 8, 4, 8.5], "texture": "#0"},
				"west": {"uv": [3.5, 8, 4, 8.5], "texture": "#0"},
				"up": {"uv": [3.5, 8, 4, 8.5], "rotation": 90, "texture": "#0"},
				"down": {"uv": [3.5, 8, 4, 8.5], "rotation": 270, "texture": "#0"}
			}
		},
		{
			"name": "bow_57",
			"from": [7.5, 8.91421, 10.10051],
			"to": [8, 9.41421, 10.60051],
			"rotation": {"angle": -45, "axis": "x", "origin": [8, 6, 8]},
			"faces": {
				"north": {"uv": [4, 8, 4.5, 8.5], "texture": "#0"},
				"east": {"uv": [4.5, 8, 4, 8.5], "texture": "#0"},
				"south": {"uv": [4, 8, 4.5, 8.5], "texture": "#0"},
				"west": {"uv": [4, 8, 4.5, 8.5], "texture": "#0"},
				"up": {"uv": [4, 8, 4.5, 8.5], "rotation": 90, "texture": "#0"},
				"down": {"uv": [4, 8, 4.5, 8.5], "rotation": 270, "texture": "#0"}
			}
		},
		{
			"name": "bow_58",
			"from": [7.5, 8.91421, 10.60051],
			"to": [8, 9.41421, 11.10051],
			"rotation": {"angle": -45, "axis": "x", "origin": [8, 6, 8]},
			"faces": {
				"north": {"uv": [4.5, 8, 5, 8.5], "texture": "#0"},
				"east": {"uv": [5, 8, 4.5, 8.5], "texture": "#0"},
				"south": {"uv": [4.5, 8, 5, 8.5], "texture": "#0"},
				"west": {"uv": [4.5, 8, 5, 8.5], "texture": "#0"},
				"up": {"uv": [4.5, 8, 5, 8.5], "rotation": 90, "texture": "#0"},
				"down": {"uv": [4.5, 8, 5, 8.5], "rotation": 270, "texture": "#0"}
			}
		},
		{
			"name": "bow_59",
			"from": [7.5, 8.91421, 14.10051],
			"to": [8, 9.41421, 14.60051],
			"rotation": {"angle": -45, "axis": "x", "origin": [8, 6, 8]},
			"faces": {
				"north": {"uv": [8, 8, 8.5, 8.5], "texture": "#0"},
				"east": {"uv": [8.5, 8, 8, 8.5], "texture": "#0"},
				"south": {"uv": [8, 8, 8.5, 8.5], "texture": "#0"},
				"west": {"uv": [8, 8, 8.5, 8.5], "texture": "#0"},
				"up": {"uv": [8, 8, 8.5, 8.5], "rotation": 90, "texture": "#0"},
				"down": {"uv": [8, 8, 8.5, 8.5], "rotation": 270, "texture": "#0"}
			}
		},
		{
			"name": "bow_60",
			"from": [7.5, 8.91421, 14.60051],
			"to": [8, 9.41421, 15.10051],
			"rotation": {"angle": -45, "axis": "x", "origin": [8, 6, 8]},
			"faces": {
				"north": {"uv": [8.5, 8, 9, 8.5], "texture": "#0"},
				"east": {"uv": [9, 8, 8.5, 8.5], "texture": "#0"},
				"south": {"uv": [8.5, 8, 9, 8.5], "texture": "#0"},
				"west": {"uv": [8.5, 8, 9, 8.5], "texture": "#0"},
				"up": {"uv": [8.5, 8, 9, 8.5], "rotation": 90, "texture": "#0"},
				"down": {"uv": [8.5, 8, 9, 8.5], "rotation": 270, "texture": "#0"}
			}
		},
		{
			"name": "bow_61",
			"from": [7.5, 8.41421, 8.60051],
			"to": [8, 8.91421, 9.10051],
			"rotation": {"angle": -45, "axis": "x", "origin": [8, 6, 8]},
			"faces": {
				"north": {"uv": [2.5, 8.5, 3, 9], "texture": "#0"},
				"east": {"uv": [3, 8.5, 2.5, 9], "texture": "#0"},
				"south": {"uv": [2.5, 8.5, 3, 9], "texture": "#0"},
				"west": {"uv": [2.5, 8.5, 3, 9], "texture": "#0"},
				"up": {"uv": [2.5, 8.5, 3, 9], "rotation": 90, "texture": "#0"},
				"down": {"uv": [2.5, 8.5, 3, 9], "rotation": 270, "texture": "#0"}
			}
		},
		{
			"name": "bow_62",
			"from": [7.5, 8.41421, 9.10051],
			"to": [8, 8.91421, 9.60051],
			"rotation": {"angle": -45, "axis": "x", "origin": [8, 6, 8]},
			"faces": {
				"north": {"uv": [3, 8.5, 3.5, 9], "texture": "#0"},
				"east": {"uv": [3.5, 8.5, 3, 9], "texture": "#0"},
				"south": {"uv": [3, 8.5, 3.5, 9], "texture": "#0"},
				"west": {"uv": [3, 8.5, 3.5, 9], "texture": "#0"},
				"up": {"uv": [3, 8.5, 3.5, 9], "rotation": 90, "texture": "#0"},
				"down": {"uv": [3, 8.5, 3.5, 9], "rotation": 270, "texture": "#0"}
			}
		},
		{
			"name": "bow_63",
			"from": [7.5, 8.41421, 9.60051],
			"to": [8, 8.91421, 10.10051],
			"rotation": {"angle": -45, "axis": "x", "origin": [8, 6, 8]},
			"faces": {
				"north": {"uv": [3.5, 8.5, 4, 9], "texture": "#0"},
				"east": {"uv": [4, 8.5, 3.5, 9], "texture": "#0"},
				"south": {"uv": [3.5, 8.5, 4, 9], "texture": "#0"},
				"west": {"uv": [3.5, 8.5, 4, 9], "texture": "#0"},
				"up": {"uv": [3.5, 8.5, 4, 9], "rotation": 90, "texture": "#0"},
				"down": {"uv": [3.5, 8.5, 4, 9], "rotation": 270, "texture": "#0"}
			}
		},
		{
			"name": "bow_64",
			"from": [7.5, 8.41421, 10.10051],
			"to": [8, 8.91421, 10.60051],
			"rotation": {"angle": -45, "axis": "x", "origin": [8, 6, 8]},
			"faces": {
				"north": {"uv": [4, 8.5, 4.5, 9], "texture": "#0"},
				"east": {"uv": [4.5, 8.5, 4, 9], "texture": "#0"},
				"south": {"uv": [4, 8.5, 4.5, 9], "texture": "#0"},
				"west": {"uv": [4, 8.5, 4.5, 9], "texture": "#0"},
				"up": {"uv": [4, 8.5, 4.5, 9], "rotation": 90, "texture": "#0"},
				"down": {"uv": [4, 8.5, 4.5, 9], "rotation": 270, "texture": "#0"}
			}
		},
		{
			"name": "bow_65",
			"from": [7.5, 8.41421, 13.60051],
			"to": [8, 8.91421, 14.10051],
			"rotation": {"angle": -45, "axis": "x", "origin": [8, 6, 8]},
			"faces": {
				"north": {"uv": [7.5, 8.5, 8, 9], "texture": "#0"},
				"east": {"uv": [8, 8.5, 7.5, 9], "texture": "#0"},
				"south": {"uv": [7.5, 8.5, 8, 9], "texture": "#0"},
				"west": {"uv": [7.5, 8.5, 8, 9], "texture": "#0"},
				"up": {"uv": [7.5, 8.5, 8, 9], "rotation": 90, "texture": "#0"},
				"down": {"uv": [7.5, 8.5, 8, 9], "rotation": 270, "texture": "#0"}
			}
		},
		{
			"name": "bow_66",
			"from": [7.5, 8.41421, 14.10051],
			"to": [8, 8.91421, 14.60051],
			"rotation": {"angle": -45, "axis": "x", "origin": [8, 6, 8]},
			"faces": {
				"north": {"uv": [8, 8.5, 8.5, 9], "texture": "#0"},
				"east": {"uv": [8.5, 8.5, 8, 9], "texture": "#0"},
				"south": {"uv": [8, 8.5, 8.5, 9], "texture": "#0"},
				"west": {"uv": [8, 8.5, 8.5, 9], "texture": "#0"},
				"up": {"uv": [8, 8.5, 8.5, 9], "rotation": 90, "texture": "#0"},
				"down": {"uv": [8, 8.5, 8.5, 9], "rotation": 270, "texture": "#0"}
			}
		},
		{
			"name": "bow_67",
			"from": [7.5, 7.91421, 8.10051],
			"to": [8, 8.41421, 8.60051],
			"rotation": {"angle": -45, "axis": "x", "origin": [8, 6, 8]},
			"faces": {
				"north": {"uv": [2, 9, 2.5, 9.5], "texture": "#0"},
				"east": {"uv": [2.5, 9, 2, 9.5], "texture": "#0"},
				"south": {"uv": [2, 9, 2.5, 9.5], "texture": "#0"},
				"west": {"uv": [2, 9, 2.5, 9.5], "texture": "#0"},
				"up": {"uv": [2, 9, 2.5, 9.5], "rotation": 90, "texture": "#0"},
				"down": {"uv": [2, 9, 2.5, 9.5], "rotation": 270, "texture": "#0"}
			}
		},
		{
			"name": "bow_68",
			"from": [7.5, 7.91421, 8.60051],
			"to": [8, 8.41421, 9.10051],
			"rotation": {"angle": -45, "axis": "x", "origin": [8, 6, 8]},
			"faces": {
				"north": {"uv": [2.5, 9, 3, 9.5], "texture": "#0"},
				"east": {"uv": [3, 9, 2.5, 9.5], "texture": "#0"},
				"south": {"uv": [2.5, 9, 3, 9.5], "texture": "#0"},
				"west": {"uv": [2.5, 9, 3, 9.5], "texture": "#0"},
				"up": {"uv": [2.5, 9, 3, 9.5], "rotation": 90, "texture": "#0"},
				"down": {"uv": [2.5, 9, 3, 9.5], "rotation": 270, "texture": "#0"}
			}
		},
		{
			"name": "bow_69",
			"from": [7.5, 7.91421, 9.10051],
			"to": [8, 8.41421, 9.60051],
			"rotation": {"angle": -45, "axis": "x", "origin": [8, 6, 8]},
			"faces": {
				"north": {"uv": [3, 9, 3.5, 9.5], "texture": "#0"},
				"east": {"uv": [3.5, 9, 3, 9.5], "texture": "#0"},
				"south": {"uv": [3, 9, 3.5, 9.5], "texture": "#0"},
				"west": {"uv": [3, 9, 3.5, 9.5], "texture": "#0"},
				"up": {"uv": [3, 9, 3.5, 9.5], "rotation": 90, "texture": "#0"},
				"down": {"uv": [3, 9, 3.5, 9.5], "rotation": 270, "texture": "#0"}
			}
		},
		{
			"name": "bow_70",
			"from": [7.5, 7.91421, 9.60051],
			"to": [8, 8.41421, 10.10051],
			"rotation": {"angle": -45, "axis": "x", "origin": [8, 6, 8]},
			"faces": {
				"north": {"uv": [3.5, 9, 4, 9.5], "texture": "#0"},
				"east": {"uv": [4, 9, 3.5, 9.5], "texture": "#0"},
				"south": {"uv": [3.5, 9, 4, 9.5], "texture": "#0"},
				"west": {"uv": [3.5, 9, 4, 9.5], "texture": "#0"},
				"up": {"uv": [3.5, 9, 4, 9.5], "rotation": 90, "texture": "#0"},
				"down": {"uv": [3.5, 9, 4, 9.5], "rotation": 270, "texture": "#0"}
			}
		},
		{
			"name": "bow_71",
			"from": [7.5, 7.91421, 13.10051],
			"to": [8, 8.41421, 13.60051],
			"rotation": {"angle": -45, "axis": "x", "origin": [8, 6, 8]},
			"faces": {
				"north": {"uv": [7, 9, 7.5, 9.5], "texture": "#0"},
				"east": {"uv": [7.5, 9, 7, 9.5], "texture": "#0"},
				"south": {"uv": [7, 9, 7.5, 9.5], "texture": "#0"},
				"west": {"uv": [7, 9, 7.5, 9.5], "texture": "#0"},
				"up": {"uv": [7, 9, 7.5, 9.5], "rotation": 90, "texture": "#0"},
				"down": {"uv": [7, 9, 7.5, 9.5], "rotation": 270, "texture": "#0"}
			}
		},
		{
			"name": "bow_72",
			"from": [7.5, 7.91421, 13.60051],
			"to": [8, 8.41421, 14.10051],
			"rotation": {"angle": -45, "axis": "x", "origin": [8, 6, 8]},
			"faces": {
				"north": {"uv": [7.5, 9, 8, 9.5], "texture": "#0"},
				"east": {"uv": [8, 9, 7.5, 9.5], "texture": "#0"},
				"south": {"uv": [7.5, 9, 8, 9.5], "texture": "#0"},
				"west": {"uv": [7.5, 9, 8, 9.5], "texture": "#0"},
				"up": {"uv": [7.5, 9, 8, 9.5], "rotation": 90, "texture": "#0"},
				"down": {"uv": [7.5, 9, 8, 9.5], "rotation": 270, "texture": "#0"}
			}
		},
		{
			"name": "bow_73",
			"from": [7.5, 7.41421, 7.60051],
			"to": [8, 7.91421, 8.10051],
			"rotation": {"angle": -45, "axis": "x", "origin": [8, 6, 8]},
			"faces": {
				"north": {"uv": [1.5, 9.5, 2, 10], "texture": "#0"},
				"east": {"uv": [2, 9.5, 1.5, 10], "texture": "#0"},
				"south": {"uv": [1.5, 9.5, 2, 10], "texture": "#0"},
				"west": {"uv": [1.5, 9.5, 2, 10], "texture": "#0"},
				"up": {"uv": [1.5, 9.5, 2, 10], "rotation": 90, "texture": "#0"},
				"down": {"uv": [1.5, 9.5, 2, 10], "rotation": 270, "texture": "#0"}
			}
		},
		{
			"name": "bow_74",
			"from": [7.5, 7.41421, 8.10051],
			"to": [8, 7.91421, 8.60051],
			"rotation": {"angle": -45, "axis": "x", "origin": [8, 6, 8]},
			"faces": {
				"north": {"uv": [2, 9.5, 2.5, 10], "texture": "#0"},
				"east": {"uv": [2.5, 9.5, 2, 10], "texture": "#0"},
				"south": {"uv": [2, 9.5, 2.5, 10], "texture": "#0"},
				"west": {"uv": [2, 9.5, 2.5, 10], "texture": "#0"},
				"up": {"uv": [2, 9.5, 2.5, 10], "rotation": 90, "texture": "#0"},
				"down": {"uv": [2, 9.5, 2.5, 10], "rotation": 270, "texture": "#0"}
			}
		},
		{
			"name": "bow_75",
			"from": [7.5, 7.41421, 8.60051],
			"to": [8, 7.91421, 9.10051],
			"rotation": {"angle": -45, "axis": "x", "origin": [8, 6, 8]},
			"faces": {
				"north": {"uv": [2.5, 9.5, 3, 10], "texture": "#0"},
				"east": {"uv": [3, 9.5, 2.5, 10], "texture": "#0"},
				"south": {"uv": [2.5, 9.5, 3, 10], "texture": "#0"},
				"west": {"uv": [2.5, 9.5, 3, 10], "texture": "#0"},
				"up": {"uv": [2.5, 9.5, 3, 10], "rotation": 90, "texture": "#0"},
				"down": {"uv": [2.5, 9.5, 3, 10], "rotation": 270, "texture": "#0"}
			}
		},
		{
			"name": "bow_76",
			"from": [7.5, 7.41421, 9.10051],
			"to": [8, 7.91421, 9.60051],
			"rotation": {"angle": -45, "axis": "x", "origin": [8, 6, 8]},
			"faces": {
				"north": {"uv": [3, 9.5, 3.5, 10], "texture": "#0"},
				"east": {"uv": [3.5, 9.5, 3, 10], "texture": "#0"},
				"south": {"uv": [3, 9.5, 3.5, 10], "texture": "#0"},
				"west": {"uv": [3, 9.5, 3.5, 10], "texture": "#0"},
				"up": {"uv": [3, 9.5, 3.5, 10], "rotation": 90, "texture": "#0"},
				"down": {"uv": [3, 9.5, 3.5, 10], "rotation": 270, "texture": "#0"}
			}
		},
		{
			"name": "bow_77",
			"from": [7.5, 7.41421, 12.60051],
			"to": [8, 7.91421, 13.10051],
			"rotation": {"angle": -45, "axis": "x", "origin": [8, 6, 8]},
			"faces": {
				"north": {"uv": [6.5, 9.5, 7, 10], "texture": "#0"},
				"east": {"uv": [7, 9.5, 6.5, 10], "texture": "#0"},
				"south": {"uv": [6.5, 9.5, 7, 10], "texture": "#0"},
				"west": {"uv": [6.5, 9.5, 7, 10], "texture": "#0"},
				"up": {"uv": [6.5, 9.5, 7, 10], "rotation": 90, "texture": "#0"},
				"down": {"uv": [6.5, 9.5, 7, 10], "rotation": 270, "texture": "#0"}
			}
		},
		{
			"name": "bow_78",
			"from": [7.5, 7.41421, 13.10051],
			"to": [8, 7.91421, 13.60051],
			"rotation": {"angle": -45, "axis": "x", "origin": [8, 6, 8]},
			"faces": {
				"north": {"uv": [7, 9.5, 7.5, 10], "texture": "#0"},
				"east": {"uv": [7.5, 9.5, 7, 10], "texture": "#0"},
				"south": {"uv": [7, 9.5, 7.5, 10], "texture": "#0"},
				"west": {"uv": [7, 9.5, 7.5, 10], "texture": "#0"},
				"up": {"uv": [7, 9.5, 7.5, 10], "rotation": 90, "texture": "#0"},
				"down": {"uv": [7, 9.5, 7.5, 10], "rotation": 270, "texture": "#0"}
			}
		},
		{
			"name": "bow_79",
			"from": [7.5, 6.91421, 7.10051],
			"to": [8, 7.41421, 7.60051],
			"rotation": {"angle": -45, "axis": "x", "origin": [8, 6, 8]},
			"faces": {
				"north": {"uv": [1, 10, 1.5, 10.5], "texture": "#0"},
				"east": {"uv": [1.5, 10, 1, 10.5], "texture": "#0"},
				"south": {"uv": [1, 10, 1.5, 10.5], "texture": "#0"},
				"west": {"uv": [1, 10, 1.5, 10.5], "texture": "#0"},
				"up": {"uv": [1, 10, 1.5, 10.5], "rotation": 90, "texture": "#0"},
				"down": {"uv": [1, 10, 1.5, 10.5], "rotation": 270, "texture": "#0"}
			}
		},
		{
			"name": "bow_80",
			"from": [7.5, 6.91421, 7.60051],
			"to": [8, 7.41421, 8.10051],
			"rotation": {"angle": -45, "axis": "x", "origin": [8, 6, 8]},
			"faces": {
				"north": {"uv": [1.5, 10, 2, 10.5], "texture": "#0"},
				"east": {"uv": [2, 10, 1.5, 10.5], "texture": "#0"},
				"south": {"uv": [1.5, 10, 2, 10.5], "texture": "#0"},
				"west": {"uv": [1.5, 10, 2, 10.5], "texture": "#0"},
				"up": {"uv": [1.5, 10, 2, 10.5], "rotation": 90, "texture": "#0"},
				"down": {"uv": [1.5, 10, 2, 10.5], "rotation": 270, "texture": "#0"}
			}
		},
		{
			"name": "bow_81",
			"from": [7.5, 6.91421, 8.10051],
			"to": [8, 7.41421, 8.60051],
			"rotation": {"angle": -45, "axis": "x", "origin": [8, 6, 8]},
			"faces": {
				"north": {"uv": [2, 10, 2.5, 10.5], "texture": "#0"},
				"east": {"uv": [2.5, 10, 2, 10.5], "texture": "#0"},
				"south": {"uv": [2, 10, 2.5, 10.5], "texture": "#0"},
				"west": {"uv": [2, 10, 2.5, 10.5], "texture": "#0"},
				"up": {"uv": [2, 10, 2.5, 10.5], "rotation": 90, "texture": "#0"},
				"down": {"uv": [2, 10, 2.5, 10.5], "rotation": 270, "texture": "#0"}
			}
		},
		{
			"name": "bow_82",
			"from": [7.5, 6.91421, 8.60051],
			"to": [8, 7.41421, 9.10051],
			"rotation": {"angle": -45, "axis": "x", "origin": [8, 6, 8]},
			"faces": {
				"north": {"uv": [2.5, 10, 3, 10.5], "texture": "#0"},
				"east": {"uv": [3, 10, 2.5, 10.5], "texture": "#0"},
				"south": {"uv": [2.5, 10, 3, 10.5], "texture": "#0"},
				"west": {"uv": [2.5, 10, 3, 10.5], "texture": "#0"},
				"up": {"uv": [2.5, 10, 3, 10.5], "rotation": 90, "texture": "#0"},
				"down": {"uv": [2.5, 10, 3, 10.5], "rotation": 270, "texture": "#0"}
			}
		},
		{
			"name": "bow_83",
			"from": [7.5, 6.91421, 12.10051],
			"to": [8, 7.41421, 12.60051],
			"rotation": {"angle": -45, "axis": "x", "origin": [8, 6, 8]},
			"faces": {
				"north": {"uv": [6, 10, 6.5, 10.5], "texture": "#0"},
				"east": {"uv": [6.5, 10, 6, 10.5], "texture": "#0"},
				"south": {"uv": [6, 10, 6.5, 10.5], "texture": "#0"},
				"west": {"uv": [6, 10, 6.5, 10.5], "texture": "#0"},
				"up": {"uv": [6, 10, 6.5, 10.5], "rotation": 90, "texture": "#0"},
				"down": {"uv": [6, 10, 6.5, 10.5], "rotation": 270, "texture": "#0"}
			}
		},
		{
			"name": "bow_84",
			"from": [7.5, 6.91421, 12.60051],
			"to": [8, 7.41421, 13.10051],
			"rotation": {"angle": -45, "axis": "x", "origin": [8, 6, 8]},
			"faces": {
				"north": {"uv": [6.5, 10, 7, 10.5], "texture": "#0"},
				"east": {"uv": [7, 10, 6.5, 10.5], "texture": "#0"},
				"south": {"uv": [6.5, 10, 7, 10.5], "texture": "#0"},
				"west": {"uv": [6.5, 10, 7, 10.5], "texture": "#0"},
				"up": {"uv": [6.5, 10, 7, 10.5], "rotation": 90, "texture": "#0"},
				"down": {"uv": [6.5, 10, 7, 10.5], "rotation": 270, "texture": "#0"}
			}
		},
		{
			"name": "bow_85",
			"from": [7.5, 6.41421, 7.10051],
			"to": [8, 6.91421, 7.60051],
			"rotation": {"angle": -45, "axis": "x", "origin": [8, 6, 8]},
			"faces": {
				"north": {"uv": [1, 10.5, 1.5, 11], "texture": "#0"},
				"east": {"uv": [1.5, 10.5, 1, 11], "texture": "#0"},
				"south": {"uv": [1, 10.5, 1.5, 11], "texture": "#0"},
				"west": {"uv": [1, 10.5, 1.5, 11], "texture": "#0"},
				"up": {"uv": [1, 10.5, 1.5, 11], "rotation": 90, "texture": "#0"},
				"down": {"uv": [1, 10.5, 1.5, 11], "rotation": 270, "texture": "#0"}
			}
		},
		{
			"name": "bow_86",
			"from": [7.5, 6.41421, 7.60051],
			"to": [8, 6.91421, 8.10051],
			"rotation": {"angle": -45, "axis": "x", "origin": [8, 6, 8]},
			"faces": {
				"north": {"uv": [1.5, 10.5, 2, 11], "texture": "#0"},
				"east": {"uv": [2, 10.5, 1.5, 11], "texture": "#0"},
				"south": {"uv": [1.5, 10.5, 2, 11], "texture": "#0"},
				"west": {"uv": [1.5, 10.5, 2, 11], "texture": "#0"},
				"up": {"uv": [1.5, 10.5, 2, 11], "rotation": 90, "texture": "#0"},
				"down": {"uv": [1.5, 10.5, 2, 11], "rotation": 270, "texture": "#0"}
			}
		},
		{
			"name": "bow_87",
			"from": [7.5, 6.41421, 8.10051],
			"to": [8, 6.91421, 8.60051],
			"rotation": {"angle": -45, "axis": "x", "origin": [8, 6, 8]},
			"faces": {
				"north": {"uv": [2, 10.5, 2.5, 11], "texture": "#0"},
				"east": {"uv": [2.5, 10.5, 2, 11], "texture": "#0"},
				"south": {"uv": [2, 10.5, 2.5, 11], "texture": "#0"},
				"west": {"uv": [2, 10.5, 2.5, 11], "texture": "#0"},
				"up": {"uv": [2, 10.5, 2.5, 11], "rotation": 90, "texture": "#0"},
				"down": {"uv": [2, 10.5, 2.5, 11], "rotation": 270, "texture": "#0"}
			}
		},
		{
			"name": "bow_88",
			"from": [7.5, 6.41421, 11.60051],
			"to": [8, 6.91421, 12.10051],
			"rotation": {"angle": -45, "axis": "x", "origin": [8, 6, 8]},
			"faces": {
				"north": {"uv": [5.5, 10.5, 6, 11], "texture": "#0"},
				"east": {"uv": [6, 10.5, 5.5, 11], "texture": "#0"},
				"south": {"uv": [5.5, 10.5, 6, 11], "texture": "#0"},
				"west": {"uv": [5.5, 10.5, 6, 11], "texture": "#0"},
				"up": {"uv": [5.5, 10.5, 6, 11], "rotation": 90, "texture": "#0"},
				"down": {"uv": [5.5, 10.5, 6, 11], "rotation": 270, "texture": "#0"}
			}
		},
		{
			"name": "bow_89",
			"from": [7.5, 6.41421, 12.10051],
			"to": [8, 6.91421, 12.60051],
			"rotation": {"angle": -45, "axis": "x", "origin": [8, 6, 8]},
			"faces": {
				"north": {"uv": [6, 10.5, 6.5, 11], "texture": "#0"},
				"east": {"uv": [6.5, 10.5, 6, 11], "texture": "#0"},
				"south": {"uv": [6, 10.5, 6.5, 11], "texture": "#0"},
				"west": {"uv": [6, 10.5, 6.5, 11], "texture": "#0"},
				"up": {"uv": [6, 10.5, 6.5, 11], "rotation": 90, "texture": "#0"},
				"down": {"uv": [6, 10.5, 6.5, 11], "rotation": 270, "texture": "#0"}
			}
		},
		{
			"name": "bow_90",
			"from": [7.5, 5.91421, 7.10051],
			"to": [8, 6.41421, 7.60051],
			"rotation": {"angle": -45, "axis": "x", "origin": [8, 6, 8]},
			"faces": {
				"north": {"uv": [1, 11, 1.5, 11.5], "texture": "#0"},
				"east": {"uv": [1.5, 11, 1, 11.5], "texture": "#0"},
				"south": {"uv": [1, 11, 1.5, 11.5], "texture": "#0"},
				"west": {"uv": [1, 11, 1.5, 11.5], "texture": "#0"},
				"up": {"uv": [1, 11, 1.5, 11.5], "rotation": 90, "texture": "#0"},
				"down": {"uv": [1, 11, 1.5, 11.5], "rotation": 270, "texture": "#0"}
			}
		},
		{
			"name": "bow_91",
			"from": [7.5, 5.91421, 7.60051],
			"to": [8, 6.41421, 8.10051],
			"rotation": {"angle": -45, "axis": "x", "origin": [8, 6, 8]},
			"faces": {
				"north": {"uv": [1.5, 11, 2, 11.5], "texture": "#0"},
				"east": {"uv": [2, 11, 1.5, 11.5], "texture": "#0"},
				"south": {"uv": [1.5, 11, 2, 11.5], "texture": "#0"},
				"west": {"uv": [1.5, 11, 2, 11.5], "texture": "#0"},
				"up": {"uv": [1.5, 11, 2, 11.5], "rotation": 90, "texture": "#0"},
				"down": {"uv": [1.5, 11, 2, 11.5], "rotation": 270, "texture": "#0"}
			}
		},
		{
			"name": "bow_92",
			"from": [7.5, 5.91421, 8.10051],
			"to": [8, 6.41421, 8.60051],
			"rotation": {"angle": -45, "axis": "x", "origin": [8, 6, 8]},
			"faces": {
				"north": {"uv": [2, 11, 2.5, 11.5], "texture": "#0"},
				"east": {"uv": [2.5, 11, 2, 11.5], "texture": "#0"},
				"south": {"uv": [2, 11, 2.5, 11.5], "texture": "#0"},
				"west": {"uv": [2, 11, 2.5, 11.5], "texture": "#0"},
				"up": {"uv": [2, 11, 2.5, 11.5], "rotation": 90, "texture": "#0"},
				"down": {"uv": [2, 11, 2.5, 11.5], "rotation": 270, "texture": "#0"}
			}
		},
		{
			"name": "bow_93",
			"from": [7.5, 5.91421, 11.10051],
			"to": [8, 6.41421, 11.60051],
			"rotation": {"angle": -45, "axis": "x", "origin": [8, 6, 8]},
			"faces": {
				"north": {"uv": [5, 11, 5.5, 11.5], "texture": "#0"},
				"east": {"uv": [5.5, 11, 5, 11.5], "texture": "#0"},
				"south": {"uv": [5, 11, 5.5, 11.5], "texture": "#0"},
				"west": {"uv": [5, 11, 5.5, 11.5], "texture": "#0"},
				"up": {"uv": [5, 11, 5.5, 11.5], "rotation": 90, "texture": "#0"},
				"down": {"uv": [5, 11, 5.5, 11.5], "rotation": 270, "texture": "#0"}
			}
		},
		{
			"name": "bow_94",
			"from": [7.5, 5.91421, 11.60051],
			"to": [8, 6.41421, 12.10051],
			"rotation": {"angle": -45, "axis": "x", "origin": [8, 6, 8]},
			"faces": {
				"north": {"uv": [5.5, 11, 6, 11.5], "texture": "#0"},
				"east": {"uv": [6, 11, 5.5, 11.5], "texture": "#0"},
				"south": {"uv": [5.5, 11, 6, 11.5], "texture": "#0"},
				"west": {"uv": [5.5, 11, 6, 11.5], "texture": "#0"},
				"up": {"uv": [5.5, 11, 6, 11.5], "rotation": 90, "texture": "#0"},
				"down": {"uv": [5.5, 11, 6, 11.5], "rotation": 270, "texture": "#0"}
			}
		},
		{
			"name": "bow_95",
			"from": [7.5, 5.41421, 6.60051],
			"to": [8, 5.91421, 7.10051],
			"rotation": {"angle": -45, "axis": "x", "origin": [8, 6, 8]},
			"faces": {
				"north": {"uv": [0.5, 11.5, 1, 12], "texture": "#0"},
				"east": {"uv": [1, 11.5, 0.5, 12], "texture": "#0"},
				"south": {"uv": [0.5, 11.5, 1, 12], "texture": "#0"},
				"west": {"uv": [0.5, 11.5, 1, 12], "texture": "#0"},
				"up": {"uv": [0.5, 11.5, 1, 12], "rotation": 90, "texture": "#0"},
				"down": {"uv": [0.5, 11.5, 1, 12], "rotation": 270, "texture": "#0"}
			}
		},
		{
			"name": "bow_96",
			"from": [7.5, 5.41421, 7.10051],
			"to": [8, 5.91421, 7.60051],
			"rotation": {"angle": -45, "axis": "x", "origin": [8, 6, 8]},
			"faces": {
				"north": {"uv": [1, 11.5, 1.5, 12], "texture": "#0"},
				"east": {"uv": [1.5, 11.5, 1, 12], "texture": "#0"},
				"south": {"uv": [1, 11.5, 1.5, 12], "texture": "#0"},
				"west": {"uv": [1, 11.5, 1.5, 12], "texture": "#0"},
				"up": {"uv": [1, 11.5, 1.5, 12], "rotation": 90, "texture": "#0"},
				"down": {"uv": [1, 11.5, 1.5, 12], "rotation": 270, "texture": "#0"}
			}
		},
		{
			"name": "bow_97",
			"from": [7.5, 5.41421, 7.60051],
			"to": [8, 5.91421, 8.10051],
			"rotation": {"angle": -45, "axis": "x", "origin": [8, 6, 8]},
			"faces": {
				"north": {"uv": [1.5, 11.5, 2, 12], "texture": "#0"},
				"east": {"uv": [2, 11.5, 1.5, 12], "texture": "#0"},
				"south": {"uv": [1.5, 11.5, 2, 12], "texture": "#0"},
				"west": {"uv": [1.5, 11.5, 2, 12], "texture": "#0"},
				"up": {"uv": [1.5, 11.5, 2, 12], "rotation": 90, "texture": "#0"},
				"down": {"uv": [1.5, 11.5, 2, 12], "rotation": 270, "texture": "#0"}
			}
		},
		{
			"name": "bow_98",
			"from": [7.5, 5.41421, 10.60051],
			"to": [8, 5.91421, 11.10051],
			"rotation": {"angle": -45, "axis": "x", "origin": [8, 6, 8]},
			"faces": {
				"north": {"uv": [4.5, 11.5, 5, 12], "texture": "#0"},
				"east": {"uv": [5, 11.5, 4.5, 12], "texture": "#0"},
				"south": {"uv": [4.5, 11.5, 5, 12], "texture": "#0"},
				"west": {"uv": [4.5, 11.5, 5, 12], "texture": "#0"},
				"up": {"uv": [4.5, 11.5, 5, 12], "rotation": 90, "texture": "#0"},
				"down": {"uv": [4.5, 11.5, 5, 12], "rotation": 270, "texture": "#0"}
			}
		},
		{
			"name": "bow_99",
			"from": [7.5, 5.41421, 11.10051],
			"to": [8, 5.91421, 11.60051],
			"rotation": {"angle": -45, "axis": "x", "origin": [8, 6, 8]},
			"faces": {
				"north": {"uv": [5, 11.5, 5.5, 12], "texture": "#0"},
				"east": {"uv": [5.5, 11.5, 5, 12], "texture": "#0"},
				"south": {"uv": [5, 11.5, 5.5, 12], "texture": "#0"},
				"west": {"uv": [5, 11.5, 5.5, 12], "texture": "#0"},
				"up": {"uv": [5, 11.5, 5.5, 12], "rotation": 90, "texture": "#0"},
				"down": {"uv": [5, 11.5, 5.5, 12], "rotation": 270, "texture": "#0"}
			}
		},
		{
			"name": "bow_100",
			"from": [7.5, 4.91421, 6.60051],
			"to": [8, 5.41421, 7.10051],
			"rotation": {"angle": -45, "axis": "x", "origin": [8, 6, 8]},
			"faces": {
				"north": {"uv": [0.5, 12, 1, 12.5], "texture": "#0"},
				"east": {"uv": [1, 12, 0.5, 12.5], "texture": "#0"},
				"south": {"uv": [0.5, 12, 1, 12.5], "texture": "#0"},
				"west": {"uv": [0.5, 12, 1, 12.5], "texture": "#0"},
				"up": {"uv": [0.5, 12, 1, 12.5], "rotation": 90, "texture": "#0"},
				"down": {"uv": [0.5, 12, 1, 12.5], "rotation": 270, "texture": "#0"}
			}
		},
		{
			"name": "bow_101",
			"from": [7.5, 4.91421, 7.10051],
			"to": [8, 5.41421, 7.60051],
			"rotation": {"angle": -45, "axis": "x", "origin": [8, 6, 8]},
			"faces": {
				"north": {"uv": [1, 12, 1.5, 12.5], "texture": "#0"},
				"east": {"uv": [1.5, 12, 1, 12.5], "texture": "#0"},
				"south": {"uv": [1, 12, 1.5, 12.5], "texture": "#0"},
				"west": {"uv": [1, 12, 1.5, 12.5], "texture": "#0"},
				"up": {"uv": [1, 12, 1.5, 12.5], "rotation": 90, "texture": "#0"},
				"down": {"uv": [1, 12, 1.5, 12.5], "rotation": 270, "texture": "#0"}
			}
		},
		{
			"name": "bow_102",
			"from": [7.5, 4.91421, 7.60051],
			"to": [8, 5.41421, 8.10051],
			"rotation": {"angle": -45, "axis": "x", "origin": [8, 6, 8]},
			"faces": {
				"north": {"uv": [1.5, 12, 2, 12.5], "texture": "#0"},
				"east": {"uv": [2, 12, 1.5, 12.5], "texture": "#0"},
				"south": {"uv": [1.5, 12, 2, 12.5], "texture": "#0"},
				"west": {"uv": [1.5, 12, 2, 12.5], "texture": "#0"},
				"up": {"uv": [1.5, 12, 2, 12.5], "rotation": 90, "texture": "#0"},
				"down": {"uv": [1.5, 12, 2, 12.5], "rotation": 270, "texture": "#0"}
			}
		},
		{
			"name": "bow_103",
			"from": [7.5, 4.91421, 10.10051],
			"to": [8, 5.41421, 10.60051],
			"rotation": {"angle": -45, "axis": "x", "origin": [8, 6, 8]},
			"faces": {
				"north": {"uv": [4, 12, 4.5, 12.5], "texture": "#0"},
				"east": {"uv": [4.5, 12, 4, 12.5], "texture": "#0"},
				"south": {"uv": [4, 12, 4.5, 12.5], "texture": "#0"},
				"west": {"uv": [4, 12, 4.5, 12.5], "texture": "#0"},
				"up": {"uv": [4, 12, 4.5, 12.5], "rotation": 90, "texture": "#0"},
				"down": {"uv": [4, 12, 4.5, 12.5], "rotation": 270, "texture": "#0"}
			}
		},
		{
			"name": "bow_104",
			"from": [7.5, 4.91421, 10.60051],
			"to": [8, 5.41421, 11.10051],
			"rotation": {"angle": -45, "axis": "x", "origin": [8, 6, 8]},
			"faces": {
				"north": {"uv": [4.5, 12, 5, 12.5], "texture": "#0"},
				"east": {"uv": [5, 12, 4.5, 12.5], "texture": "#0"},
				"south": {"uv": [4.5, 12, 5, 12.5], "texture": "#0"},
				"west": {"uv": [4.5, 12, 5, 12.5], "texture": "#0"},
				"up": {"uv": [4.5, 12, 5, 12.5], "rotation": 90, "texture": "#0"},
				"down": {"uv": [4.5, 12, 5, 12.5], "rotation": 270, "texture": "#0"}
			}
		},
		{
			"name": "bow_105",
			"from": [7.5, 4.41421, 6.60051],
			"to": [8, 4.91421, 7.10051],
			"rotation": {"angle": -45, "axis": "x", "origin": [8, 6, 8]},
			"faces": {
				"north": {"uv": [0.5, 12.5, 1, 13], "texture": "#0"},
				"east": {"uv": [1, 12.5, 0.5, 13], "texture": "#0"},
				"south": {"uv": [0.5, 12.5, 1, 13], "texture": "#0"},
				"west": {"uv": [0.5, 12.5, 1, 13], "texture": "#0"},
				"up": {"uv": [0.5, 12.5, 1, 13], "rotation": 90, "texture": "#0"},
				"down": {"uv": [0.5, 12.5, 1, 13], "rotation": 270, "texture": "#0"}
			}
		},
		{
			"name": "bow_106",
			"from": [7.5, 4.41421, 7.10051],
			"to": [8, 4.91421, 7.60051],
			"rotation": {"angle": -45, "axis": "x", "origin": [8, 6, 8]},
			"faces": {
				"north": {"uv": [1, 12.5, 1.5, 13], "texture": "#0"},
				"east": {"uv": [1.5, 12.5, 1, 13], "texture": "#0"},
				"south": {"uv": [1, 12.5, 1.5, 13], "texture": "#0"},
				"west": {"uv": [1, 12.5, 1.5, 13], "texture": "#0"},
				"up": {"uv": [1, 12.5, 1.5, 13], "rotation": 90, "texture": "#0"},
				"down": {"uv": [1, 12.5, 1.5, 13], "rotation": 270, "texture": "#0"}
			}
		},
		{
			"name": "bow_107",
			"from": [7.5, 4.41421, 7.60051],
			"to": [8, 4.91421, 8.10051],
			"rotation": {"angle": -45, "axis": "x", "origin": [8, 6, 8]},
			"faces": {
				"north": {"uv": [1.5, 12.5, 2, 13], "texture": "#0"},
				"east": {"uv": [2, 12.5, 1.5, 13], "texture": "#0"},
				"south": {"uv": [1.5, 12.5, 2, 13], "texture": "#0"},
				"west": {"uv": [1.5, 12.5, 2, 13], "texture": "#0"},
				"up": {"uv": [1.5, 12.5, 2, 13], "rotation": 90, "texture": "#0"},
				"down": {"uv": [1.5, 12.5, 2, 13], "rotation": 270, "texture": "#0"}
			}
		},
		{
			"name": "bow_108",
			"from": [7.5, 4.41421, 9.60051],
			"to": [8, 4.91421, 10.10051],
			"rotation": {"angle": -45, "axis": "x", "origin": [8, 6, 8]},
			"faces": {
				"north": {"uv": [3.5, 12.5, 4, 13], "texture": "#0"},
				"east": {"uv": [4, 12.5, 3.5, 13], "texture": "#0"},
				"south": {"uv": [3.5, 12.5, 4, 13], "texture": "#0"},
				"west": {"uv": [3.5, 12.5, 4, 13], "texture": "#0"},
				"up": {"uv": [3.5, 12.5, 4, 13], "rotation": 90, "texture": "#0"},
				"down": {"uv": [3.5, 12.5, 4, 13], "rotation": 270, "texture": "#0"}
			}
		},
		{
			"name": "bow_109",
			"from": [7.5, 4.41421, 10.10051],
			"to": [8, 4.91421, 10.60051],
			"rotation": {"angle": -45, "axis": "x", "origin": [8, 6, 8]},
			"faces": {
				"north": {"uv": [4, 12.5, 4.5, 13], "texture": "#0"},
				"east": {"uv": [4.5, 12.5, 4, 13], "texture": "#0"},
				"south": {"uv": [4, 12.5, 4.5, 13], "texture": "#0"},
				"west": {"uv": [4, 12.5, 4.5, 13], "texture": "#0"},
				"up": {"uv": [4, 12.5, 4.5, 13], "rotation": 90, "texture": "#0"},
				"down": {"uv": [4, 12.5, 4.5, 13], "rotation": 270, "texture": "#0"}
			}
		},
		{
			"name": "bow_110",
			"from": [7.5, 3.91421, 6.60051],
			"to": [8, 4.41421, 7.10051],
			"rotation": {"angle": -45, "axis": "x", "origin": [8, 6, 8]},
			"faces": {
				"north": {"uv": [0.5, 13, 1, 13.5], "texture": "#0"},
				"east": {"uv": [1, 13, 0.5, 13.5], "texture": "#0"},
				"south": {"uv": [0.5, 13, 1, 13.5], "texture": "#0"},
				"west": {"uv": [0.5, 13, 1, 13.5], "texture": "#0"},
				"up": {"uv": [0.5, 13, 1, 13.5], "rotation": 90, "texture": "#0"},
				"down": {"uv": [0.5, 13, 1, 13.5], "rotation": 270, "texture": "#0"}
			}
		},
		{
			"name": "bow_111",
			"from": [7.5, 3.91421, 7.10051],
			"to": [8, 4.41421, 7.60051],
			"rotation": {"angle": -45, "axis": "x", "origin": [8, 6, 8]},
			"faces": {
				"north": {"uv": [1, 13, 1.5, 13.5], "texture": "#0"},
				"east": {"uv": [1.5, 13, 1, 13.5], "texture": "#0"},
				"south": {"uv": [1, 13, 1.5, 13.5], "texture": "#0"},
				"west": {"uv": [1, 13, 1.5, 13.5], "texture": "#0"},
				"up": {"uv": [1, 13, 1.5, 13.5], "rotation": 90, "texture": "#0"},
				"down": {"uv": [1, 13, 1.5, 13.5], "rotation": 270, "texture": "#0"}
			}
		},
		{
			"name": "bow_112",
			"from": [7.5, 3.91421, 9.10051],
			"to": [8, 4.41421, 9.60051],
			"rotation": {"angle": -45, "axis": "x", "origin": [8, 6, 8]},
			"faces": {
				"north": {"uv": [3, 13, 3.5, 13.5], "texture": "#0"},
				"east": {"uv": [3.5, 13, 3, 13.5], "texture": "#0"},
				"south": {"uv": [3, 13, 3.5, 13.5], "texture": "#0"},
				"west": {"uv": [3, 13, 3.5, 13.5], "texture": "#0"},
				"up": {"uv": [3, 13, 3.5, 13.5], "rotation": 90, "texture": "#0"},
				"down": {"uv": [3, 13, 3.5, 13.5], "rotation": 270, "texture": "#0"}
			}
		},
		{
			"name": "bow_113",
			"from": [7.5, 3.91421, 9.60051],
			"to": [8, 4.41421, 10.10051],
			"rotation": {"angle": -45, "axis": "x", "origin": [8, 6, 8]},
			"faces": {
				"north": {"uv": [3.5, 13, 4, 13.5], "texture": "#0"},
				"east": {"uv": [4, 13, 3.5, 13.5], "texture": "#0"},
				"south": {"uv": [3.5, 13, 4, 13.5], "texture": "#0"},
				"west": {"uv": [3.5, 13, 4, 13.5], "texture": "#0"},
				"up": {"uv": [3.5, 13, 4, 13.5], "rotation": 90, "texture": "#0"},
				"down": {"uv": [3.5, 13, 4, 13.5], "rotation": 270, "texture": "#0"}
			}
		},
		{
			"name": "bow_114",
			"from": [7.5, 3.41421, 6.60051],
			"to": [8, 3.91421, 7.10051],
			"rotation": {"angle": -45, "axis": "x", "origin": [8, 6, 8]},
			"faces": {
				"north": {"uv": [0.5, 13.5, 1, 14], "texture": "#0"},
				"east": {"uv": [1, 13.5, 0.5, 14], "texture": "#0"},
				"south": {"uv": [0.5, 13.5, 1, 14], "texture": "#0"},
				"west": {"uv": [0.5, 13.5, 1, 14], "texture": "#0"},
				"up": {"uv": [0.5, 13.5, 1, 14], "rotation": 90, "texture": "#0"},
				"down": {"uv": [0.5, 13.5, 1, 14], "rotation": 270, "texture": "#0"}
			}
		},
		{
			"name": "bow_115",
			"from": [7.5, 3.41421, 7.10051],
			"to": [8, 3.91421, 7.60051],
			"rotation": {"angle": -45, "axis": "x", "origin": [8, 6, 8]},
			"faces": {
				"north": {"uv": [1, 13.5, 1.5, 14], "texture": "#0"},
				"east": {"uv": [1.5, 13.5, 1, 14], "texture": "#0"},
				"south": {"uv": [1, 13.5, 1.5, 14], "texture": "#0"},
				"west": {"uv": [1, 13.5, 1.5, 14], "texture": "#0"},
				"up": {"uv": [1, 13.5, 1.5, 14], "rotation": 90, "texture": "#0"},
				"down": {"uv": [1, 13.5, 1.5, 14], "rotation": 270, "texture": "#0"}
			}
		},
		{
			"name": "bow_116",
			"from": [7.5, 3.41421, 8.60051],
			"to": [8, 3.91421, 9.10051],
			"rotation": {"angle": -45, "axis": "x", "origin": [8, 6, 8]},
			"faces": {
				"north": {"uv": [2.5, 13.5, 3, 14], "texture": "#0"},
				"east": {"uv": [3, 13.5, 2.5, 14], "texture": "#0"},
				"south": {"uv": [2.5, 13.5, 3, 14], "texture": "#0"},
				"west": {"uv": [2.5, 13.5, 3, 14], "texture": "#0"},
				"up": {"uv": [2.5, 13.5, 3, 14], "rotation": 90, "texture": "#0"},
				"down": {"uv": [2.5, 13.5, 3, 14], "rotation": 270, "texture": "#0"}
			}
		},
		{
			"name": "bow_117",
			"from": [7.5, 3.41421, 9.10051],
			"to": [8, 3.91421, 9.60051],
			"rotation": {"angle": -45, "axis": "x", "origin": [8, 6, 8]},
			"faces": {
				"north": {"uv": [3, 13.5, 3.5, 14], "texture": "#0"},
				"east": {"uv": [3.5, 13.5, 3, 14], "texture": "#0"},
				"south": {"uv": [3, 13.5, 3.5, 14], "texture": "#0"},
				"west": {"uv": [3, 13.5, 3.5, 14], "texture": "#0"},
				"up": {"uv": [3, 13.5, 3.5, 14], "rotation": 90, "texture": "#0"},
				"down": {"uv": [3, 13.5, 3.5, 14], "rotation": 270, "texture": "#0"}
			}
		},
		{
			"name": "bow_118",
			"from": [7.5, 2.91421, 6.60051],
			"to": [8, 3.41421, 7.10051],
			"rotation": {"angle": -45, "axis": "x", "origin": [8, 6, 8]},
			"faces": {
				"north": {"uv": [0.5, 14, 1, 14.5], "texture": "#0"},
				"east": {"uv": [1, 14, 0.5, 14.5], "texture": "#0"},
				"south": {"uv": [0.5, 14, 1, 14.5], "texture": "#0"},
				"west": {"uv": [0.5, 14, 1, 14.5], "texture": "#0"},
				"up": {"uv": [0.5, 14, 1, 14.5], "rotation": 90, "texture": "#0"},
				"down": {"uv": [0.5, 14, 1, 14.5], "rotation": 270, "texture": "#0"}
			}
		},
		{
			"name": "bow_119",
			"from": [7.5, 2.91421, 7.10051],
			"to": [8, 3.41421, 7.60051],
			"rotation": {"angle": -45, "axis": "x", "origin": [8, 6, 8]},
			"faces": {
				"north": {"uv": [1, 14, 1.5, 14.5], "texture": "#0"},
				"east": {"uv": [1.5, 14, 1, 14.5], "texture": "#0"},
				"south": {"uv": [1, 14, 1.5, 14.5], "texture": "#0"},
				"west": {"uv": [1, 14, 1.5, 14.5], "texture": "#0"},
				"up": {"uv": [1, 14, 1.5, 14.5], "rotation": 90, "texture": "#0"},
				"down": {"uv": [1, 14, 1.5, 14.5], "rotation": 270, "texture": "#0"}
			}
		},
		{
			"name": "bow_120",
			"from": [7.5, 2.91421, 8.10051],
			"to": [8, 3.41421, 8.60051],
			"rotation": {"angle": -45, "axis": "x", "origin": [8, 6, 8]},
			"faces": {
				"north": {"uv": [2, 14, 2.5, 14.5], "texture": "#0"},
				"east": {"uv": [2.5, 14, 2, 14.5], "texture": "#0"},
				"south": {"uv": [2, 14, 2.5, 14.5], "texture": "#0"},
				"west": {"uv": [2, 14, 2.5, 14.5], "texture": "#0"},
				"up": {"uv": [2, 14, 2.5, 14.5], "rotation": 90, "texture": "#0"},
				"down": {"uv": [2, 14, 2.5, 14.5], "rotation": 270, "texture": "#0"}
			}
		},
		{
			"name": "bow_121",
			"from": [7.5, 2.91421, 8.60051],
			"to": [8, 3.41421, 9.10051],
			"rotation": {"angle": -45, "axis": "x", "origin": [8, 6, 8]},
			"faces": {
				"north": {"uv": [2.5, 14, 3, 14.5], "texture": "#0"},
				"east": {"uv": [3, 14, 2.5, 14.5], "texture": "#0"},
				"south": {"uv": [2.5, 14, 3, 14.5], "texture": "#0"},
				"west": {"uv": [2.5, 14, 3, 14.5], "texture": "#0"},
				"up": {"uv": [2.5, 14, 3, 14.5], "rotation": 90, "texture": "#0"},
				"down": {"uv": [2.5, 14, 3, 14.5], "rotation": 270, "texture": "#0"}
			}
		},
		{
			"name": "bow_122",
			"from": [7.5, 2.41421, 7.10051],
			"to": [8, 2.91421, 7.60051],
			"rotation": {"angle": -45, "axis": "x", "origin": [8, 6, 8]},
			"faces": {
				"north": {"uv": [1, 14.5, 1.5, 15], "texture": "#0"},
				"east": {"uv": [1.5, 14.5, 1, 15], "texture": "#0"},
				"south": {"uv": [1, 14.5, 1.5, 15], "texture": "#0"},
				"west": {"uv": [1, 14.5, 1.5, 15], "texture": "#0"},
				"up": {"uv": [1, 14.5, 1.5, 15], "rotation": 90, "texture": "#0"},
				"down": {"uv": [1, 14.5, 1.5, 15], "rotation": 270, "texture": "#0"}
			}
		},
		{
			"name": "bow_123",
			"from": [7.5, 2.41421, 7.60051],
			"to": [8, 2.91421, 8.10051],
			"rotation": {"angle": -45, "axis": "x", "origin": [8, 6, 8]},
			"faces": {
				"north": {"uv": [1.5, 14.5, 2, 15], "texture": "#0"},
				"east": {"uv": [2, 14.5, 1.5, 15], "texture": "#0"},
				"south": {"uv": [1.5, 14.5, 2, 15], "texture": "#0"},
				"west": {"uv": [1.5, 14.5, 2, 15], "texture": "#0"},
				"up": {"uv": [1.5, 14.5, 2, 15], "rotation": 90, "texture": "#0"},
				"down": {"uv": [1.5, 14.5, 2, 15], "rotation": 270, "texture": "#0"}
			}
		},
		{
			"name": "bow_124",
			"from": [7.5, 2.41421, 8.10051],
			"to": [8, 2.91421, 8.60051],
			"rotation": {"angle": -45, "axis": "x", "origin": [8, 6, 8]},
			"faces": {
				"north": {"uv": [2, 14.5, 2.5, 15], "texture": "#0"},
				"east": {"uv": [2.5, 14.5, 2, 15], "texture": "#0"},
				"south": {"uv": [2, 14.5, 2.5, 15], "texture": "#0"},
				"west": {"uv": [2, 14.5, 2.5, 15], "texture": "#0"},
				"up": {"uv": [2, 14.5, 2.5, 15], "rotation": 90, "texture": "#0"},
				"down": {"uv": [2, 14.5, 2.5, 15], "rotation": 270, "texture": "#0"}
			}
		},
		{
			"name": "bow_125",
			"from": [7.5, 1.91421, 6.10051],
			"to": [8, 2.41421, 6.60051],
			"rotation": {"angle": -45, "axis": "x", "origin": [8, 6, 8]},
			"faces": {
				"north": {"uv": [0, 15, 0.5, 15.5], "texture": "#0"},
				"east": {"uv": [0.5, 15, 0, 15.5], "texture": "#0"},
				"south": {"uv": [0, 15, 0.5, 15.5], "texture": "#0"},
				"west": {"uv": [0, 15, 0.5, 15.5], "texture": "#0"},
				"up": {"uv": [0, 15, 0.5, 15.5], "rotation": 90, "texture": "#0"},
				"down": {"uv": [0, 15, 0.5, 15.5], "rotation": 270, "texture": "#0"}
			}
		},
		{
			"name": "bow_126",
			"from": [7.5, 1.91421, 7.10051],
			"to": [8, 2.41421, 7.60051],
			"rotation": {"angle": -45, "axis": "x", "origin": [8, 6, 8]},
			"faces": {
				"north": {"uv": [1, 15, 1.5, 15.5], "texture": "#0"},
				"east": {"uv": [1.5, 15, 1, 15.5], "texture": "#0"},
				"south": {"uv": [1, 15, 1.5, 15.5], "texture": "#0"},
				"west": {"uv": [1, 15, 1.5, 15.5], "texture": "#0"},
				"up": {"uv": [1, 15, 1.5, 15.5], "rotation": 90, "texture": "#0"},
				"down": {"uv": [1, 15, 1.5, 15.5], "rotation": 270, "texture": "#0"}
			}
		},
		{
			"name": "bow_127",
			"from": [7.5, 1.91421, 7.60051],
			"to": [8, 2.41421, 8.10051],
			"rotation": {"angle": -45, "axis": "x", "origin": [8, 6, 8]},
			"faces": {
				"north": {"uv": [1.5, 15, 2, 15.5], "texture": "#0"},
				"east": {"uv": [2, 15, 1.5, 15.5], "texture": "#0"},
				"south": {"uv": [1.5, 15, 2, 15.5], "texture": "#0"},
				"west": {"uv": [1.5, 15, 2, 15.5], "texture": "#0"},
				"up": {"uv": [1.5, 15, 2, 15.5], "rotation": 90, "texture": "#0"},
				"down": {"uv": [1.5, 15, 2, 15.5], "rotation": 270, "texture": "#0"}
			}
		},
		{
			"name": "bow_128",
			"from": [7.5, 1.41421, 6.10051],
			"to": [8, 1.91421, 6.60051],
			"rotation": {"angle": -45, "axis": "x", "origin": [8, 6, 8]},
			"faces": {
				"north": {"uv": [0, 15.5, 0.5, 16], "texture": "#0"},
				"east": {"uv": [0.5, 15.5, 0, 16], "texture": "#0"},
				"south": {"uv": [0, 15.5, 0.5, 16], "texture": "#0"},
				"west": {"uv": [0, 15.5, 0.5, 16], "texture": "#0"},
				"up": {"uv": [0, 15.5, 0.5, 16], "rotation": 90, "texture": "#0"},
				"down": {"uv": [0, 15.5, 0.5, 16], "rotation": 270, "texture": "#0"}
			}
		},
		{
			"name": "bow_129",
			"from": [7.5, 1.41421, 6.60051],
			"to": [8, 1.91421, 7.10051],
			"rotation": {"angle": -45, "axis": "x", "origin": [8, 6, 8]},
			"faces": {
				"north": {"uv": [0.5, 15.5, 1, 16], "texture": "#0"},
				"east": {"uv": [1, 15.5, 0.5, 16], "texture": "#0"},
				"south": {"uv": [0.5, 15.5, 1, 16], "texture": "#0"},
				"west": {"uv": [0.5, 15.5, 1, 16], "texture": "#0"},
				"up": {"uv": [0.5, 15.5, 1, 16], "rotation": 90, "texture": "#0"},
				"down": {"uv": [0.5, 15.5, 1, 16], "rotation": 270, "texture": "#0"}
			}
		},
		{
			"name": "bow_130",
			"from": [7.5, 1.41421, 7.10051],
			"to": [8, 1.91421, 7.60051],
			"rotation": {"angle": -45, "axis": "x", "origin": [8, 6, 8]},
			"faces": {
				"north": {"uv": [1, 15.5, 1.5, 16], "texture": "#0"},
				"east": {"uv": [1.5, 15.5, 1, 16], "texture": "#0"},
				"south": {"uv": [1, 15.5, 1.5, 16], "texture": "#0"},
				"west": {"uv": [1, 15.5, 1.5, 16], "texture": "#0"},
				"up": {"uv": [1, 15.5, 1.5, 16], "rotation": 90, "texture": "#0"},
				"down": {"uv": [1, 15.5, 1.5, 16], "rotation": 270, "texture": "#0"}
			}
		}
	],
	"gui_light": "front",
	"display": {
		"thirdperson_righthand": {
			"rotation": [0, -9, 5.75],
			"translation": [-0.75, -2.75, 1],
			"scale": [1.55859, 1.75, 1.37891]
		},
		"thirdperson_lefthand": {
			"rotation": [0, -9, 5.75],
			"translation": [-0.75, -2.75, 1],
			"scale": [1.55859, 1.75, 1.37891]
		},
		"firstperson_righthand": {
			"rotation": [0, 0, 11.5],
			"translation": [0, 4.25, 0]
		},
		"firstperson_lefthand": {
			"rotation": [0, 0, 11.5],
			"translation": [0, 4.25, 0]
		},
		"ground": {
			"translation": [0, -1.5, 0],
			"scale": [0.5, 0.5, 0.5]
		},
		"gui": {
			"rotation": [90, 45, -90],
			"translation": [-3.5, 0, 0],
			"scale": [1.3, 1.3, 1.3]
		},
		"head": {
			"rotation": [-90, 135, 90],
			"translation": [-3, -15, 5.25],
			"scale": [1.5, 1.5, 1.5]
		},
		"fixed": {
			"rotation": [-90, -135, -90],
			"translation": [4.25, 0, 0],
			"scale": [1.6, 1.6, 1.6]
		}
	},
	"groups": [
		{
			"name": "bow",
			"origin": [8, 8, 8],
			"color": 0,
			"children": [
				0,
				1,
				2,
				3,
				4,
				5,
				6,
				7,
				8,
				9,
				10,
				11,
				12,
				13,
				14,
				15,
				16,
				17,
				18,
				19,
				20,
				21,
				22,
				23,
				24,
				25,
				26,
				27,
				28,
				29,
				30,
				31,
				32,
				33,
				34,
				35,
				36,
				37,
				38,
				39,
				40,
				41,
				42,
				43,
				44,
				45,
				46,
				47,
				48,
				49,
				50,
				51,
				52,
				53,
				54,
				55,
				56,
				57,
				58,
				59,
				60,
				61,
				62,
				63,
				64,
				65,
				66,
				67,
				68,
				69,
				70,
				71,
				72,
				73,
				74,
				75,
				76,
				77,
				78,
				79,
				80,
				81,
				82,
				83,
				84,
				85,
				86,
				87,
				88,
				89,
				90,
				91,
				92,
				93,
				94,
				95,
				96,
				97,
				98,
				99,
				100,
				101,
				102,
				103,
				104,
				105,
				106,
				107,
				108,
				109,
				110,
				111,
				112,
				113,
				114,
				115,
				116,
				117,
				118,
				119,
				120,
				121,
				122,
				123,
				124,
				125,
				126,
				127,
				128,
				129,
				130
			]
		}
	]
}