{
	"credit": "Made with Blockbench",
	"texture_size": [32, 32],
	"textures": {
		"0": "item/bow_pulling_2",
		"particle": "item/bow_pulling_2"
	},
	"elements": [
		{
			"name": "bow_pulling_2_0",
			"from": [7.5, 4, 13.5],
			"to": [8, 4.5, 14],
			"rotation": {"angle": -45, "axis": "x", "origin": [0, 0, 0]},
			"faces": {
				"north": {"uv": [5.5, 5.5, 6, 6], "texture": "#0"},
				"east": {"uv": [6, 5.5, 5.5, 6], "texture": "#0"},
				"south": {"uv": [5.5, 5.5, 6, 6], "texture": "#0"},
				"west": {"uv": [5.5, 5.5, 6, 6], "texture": "#0"},
				"up": {"uv": [5.5, 5.5, 6, 6], "rotation": 90, "texture": "#0"},
				"down": {"uv": [5.5, 5.5, 6, 6], "rotation": 270, "texture": "#0"}
			}
		},
		{
			"name": "bow_pulling_2_1",
			"from": [7.5, 4, 14],
			"to": [8, 4.5, 14.5],
			"rotation": {"angle": -45, "axis": "x", "origin": [0, 0, 0]},
			"faces": {
				"north": {"uv": [6, 5.5, 6.5, 6], "texture": "#0"},
				"east": {"uv": [6.5, 5.5, 6, 6], "texture": "#0"},
				"south": {"uv": [6, 5.5, 6.5, 6], "texture": "#0"},
				"west": {"uv": [6, 5.5, 6.5, 6], "texture": "#0"},
				"up": {"uv": [6, 5.5, 6.5, 6], "rotation": 90, "texture": "#0"},
				"down": {"uv": [6, 5.5, 6.5, 6], "rotation": 270, "texture": "#0"}
			}
		},
		{
			"name": "bow_pulling_2_2",
			"from": [7.5, 4, 14.5],
			"to": [8, 4.5, 15],
			"rotation": {"angle": -45, "axis": "x", "origin": [0, 0, 0]},
			"faces": {
				"north": {"uv": [6.5, 5.5, 7, 6], "texture": "#0"},
				"east": {"uv": [7, 5.5, 6.5, 6], "texture": "#0"},
				"south": {"uv": [6.5, 5.5, 7, 6], "texture": "#0"},
				"west": {"uv": [6.5, 5.5, 7, 6], "texture": "#0"},
				"up": {"uv": [6.5, 5.5, 7, 6], "rotation": 90, "texture": "#0"},
				"down": {"uv": [6.5, 5.5, 7, 6], "rotation": 270, "texture": "#0"}
			}
		},
		{
			"name": "bow_pulling_2_3",
			"from": [7.5, 4, 15],
			"to": [8, 4.5, 15.5],
			"rotation": {"angle": -45, "axis": "x", "origin": [0, 0, 0]},
			"faces": {
				"north": {"uv": [7, 5.5, 7.5, 6], "texture": "#0"},
				"east": {"uv": [7.5, 5.5, 7, 6], "texture": "#0"},
				"south": {"uv": [7, 5.5, 7.5, 6], "texture": "#0"},
				"west": {"uv": [7, 5.5, 7.5, 6], "texture": "#0"},
				"up": {"uv": [7, 5.5, 7.5, 6], "rotation": 90, "texture": "#0"},
				"down": {"uv": [7, 5.5, 7.5, 6], "rotation": 270, "texture": "#0"}
			}
		},
		{
			"name": "bow_pulling_2_4",
			"from": [7.5, 4, 15.5],
			"to": [8, 4.5, 16],
			"rotation": {"angle": -45, "axis": "x", "origin": [0, 0, 0]},
			"faces": {
				"north": {"uv": [7.5, 5.5, 8, 6], "texture": "#0"},
				"east": {"uv": [8, 5.5, 7.5, 6], "texture": "#0"},
				"south": {"uv": [7.5, 5.5, 8, 6], "texture": "#0"},
				"west": {"uv": [7.5, 5.5, 8, 6], "texture": "#0"},
				"up": {"uv": [7.5, 5.5, 8, 6], "rotation": 90, "texture": "#0"},
				"down": {"uv": [7.5, 5.5, 8, 6], "rotation": 270, "texture": "#0"}
			}
		},
		{
			"name": "bow_pulling_2_5",
			"from": [7.5, 4, 16],
			"to": [8, 4.5, 16.5],
			"rotation": {"angle": -45, "axis": "x", "origin": [0, 0, 0]},
			"faces": {
				"north": {"uv": [8, 5.5, 8.5, 6], "texture": "#0"},
				"east": {"uv": [8.5, 5.5, 8, 6], "texture": "#0"},
				"south": {"uv": [8, 5.5, 8.5, 6], "texture": "#0"},
				"west": {"uv": [8, 5.5, 8.5, 6], "texture": "#0"},
				"up": {"uv": [8, 5.5, 8.5, 6], "rotation": 90, "texture": "#0"},
				"down": {"uv": [8, 5.5, 8.5, 6], "rotation": 270, "texture": "#0"}
			}
		},
		{
			"name": "bow_pulling_2_6",
			"from": [7.5, 3.5, 13],
			"to": [8, 4, 13.5],
			"rotation": {"angle": -45, "axis": "x", "origin": [0, 0, 0]},
			"faces": {
				"north": {"uv": [5, 6, 5.5, 6.5], "texture": "#0"},
				"east": {"uv": [5.5, 6, 5, 6.5], "texture": "#0"},
				"south": {"uv": [5, 6, 5.5, 6.5], "texture": "#0"},
				"west": {"uv": [5, 6, 5.5, 6.5], "texture": "#0"},
				"up": {"uv": [5, 6, 5.5, 6.5], "rotation": 90, "texture": "#0"},
				"down": {"uv": [5, 6, 5.5, 6.5], "rotation": 270, "texture": "#0"}
			}
		},
		{
			"name": "bow_pulling_2_7",
			"from": [7.5, 3.5, 13.5],
			"to": [8, 4, 14],
			"rotation": {"angle": -45, "axis": "x", "origin": [0, 0, 0]},
			"faces": {
				"north": {"uv": [5.5, 6, 6, 6.5], "texture": "#0"},
				"east": {"uv": [6, 6, 5.5, 6.5], "texture": "#0"},
				"south": {"uv": [5.5, 6, 6, 6.5], "texture": "#0"},
				"west": {"uv": [5.5, 6, 6, 6.5], "texture": "#0"},
				"up": {"uv": [5.5, 6, 6, 6.5], "rotation": 90, "texture": "#0"},
				"down": {"uv": [5.5, 6, 6, 6.5], "rotation": 270, "texture": "#0"}
			}
		},
		{
			"name": "bow_pulling_2_8",
			"from": [7.5, 3.5, 14],
			"to": [8, 4, 14.5],
			"rotation": {"angle": -45, "axis": "x", "origin": [0, 0, 0]},
			"faces": {
				"north": {"uv": [6, 6, 6.5, 6.5], "texture": "#0"},
				"east": {"uv": [6.5, 6, 6, 6.5], "texture": "#0"},
				"south": {"uv": [6, 6, 6.5, 6.5], "texture": "#0"},
				"west": {"uv": [6, 6, 6.5, 6.5], "texture": "#0"},
				"up": {"uv": [6, 6, 6.5, 6.5], "rotation": 90, "texture": "#0"},
				"down": {"uv": [6, 6, 6.5, 6.5], "rotation": 270, "texture": "#0"}
			}
		},
		{
			"name": "bow_pulling_2_9",
			"from": [7.5, 3.5, 14.5],
			"to": [8, 4, 15],
			"rotation": {"angle": -45, "axis": "x", "origin": [0, 0, 0]},
			"faces": {
				"north": {"uv": [6.5, 6, 7, 6.5], "texture": "#0"},
				"east": {"uv": [7, 6, 6.5, 6.5], "texture": "#0"},
				"south": {"uv": [6.5, 6, 7, 6.5], "texture": "#0"},
				"west": {"uv": [6.5, 6, 7, 6.5], "texture": "#0"},
				"up": {"uv": [6.5, 6, 7, 6.5], "rotation": 90, "texture": "#0"},
				"down": {"uv": [6.5, 6, 7, 6.5], "rotation": 270, "texture": "#0"}
			}
		},
		{
			"name": "bow_pulling_2_10",
			"from": [7.5, 3.5, 15],
			"to": [8, 4, 15.5],
			"rotation": {"angle": -45, "axis": "x", "origin": [0, 0, 0]},
			"faces": {
				"north": {"uv": [7, 6, 7.5, 6.5], "texture": "#0"},
				"east": {"uv": [7.5, 6, 7, 6.5], "texture": "#0"},
				"south": {"uv": [7, 6, 7.5, 6.5], "texture": "#0"},
				"west": {"uv": [7, 6, 7.5, 6.5], "texture": "#0"},
				"up": {"uv": [7, 6, 7.5, 6.5], "rotation": 90, "texture": "#0"},
				"down": {"uv": [7, 6, 7.5, 6.5], "rotation": 270, "texture": "#0"}
			}
		},
		{
			"name": "bow_pulling_2_11",
			"from": [7.5, 3.5, 15.5],
			"to": [8, 4, 16],
			"rotation": {"angle": -45, "axis": "x", "origin": [0, 0, 0]},
			"faces": {
				"north": {"uv": [7.5, 6, 8, 6.5], "texture": "#0"},
				"east": {"uv": [8, 6, 7.5, 6.5], "texture": "#0"},
				"south": {"uv": [7.5, 6, 8, 6.5], "texture": "#0"},
				"west": {"uv": [7.5, 6, 8, 6.5], "texture": "#0"},
				"up": {"uv": [7.5, 6, 8, 6.5], "rotation": 90, "texture": "#0"},
				"down": {"uv": [7.5, 6, 8, 6.5], "rotation": 270, "texture": "#0"}
			}
		},
		{
			"name": "bow_pulling_2_12",
			"from": [7.5, 3.5, 16],
			"to": [8, 4, 16.5],
			"rotation": {"angle": -45, "axis": "x", "origin": [0, 0, 0]},
			"faces": {
				"north": {"uv": [8, 6, 8.5, 6.5], "texture": "#0"},
				"east": {"uv": [8.5, 6, 8, 6.5], "texture": "#0"},
				"south": {"uv": [8, 6, 8.5, 6.5], "texture": "#0"},
				"west": {"uv": [8, 6, 8.5, 6.5], "texture": "#0"},
				"up": {"uv": [8, 6, 8.5, 6.5], "rotation": 90, "texture": "#0"},
				"down": {"uv": [8, 6, 8.5, 6.5], "rotation": 270, "texture": "#0"}
			}
		},
		{
			"name": "bow_pulling_2_13",
			"from": [7.5, 3.5, 16.5],
			"to": [8, 4, 17],
			"rotation": {"angle": -45, "axis": "x", "origin": [0, 0, 0]},
			"faces": {
				"north": {"uv": [8.5, 6, 9, 6.5], "texture": "#0"},
				"east": {"uv": [9, 6, 8.5, 6.5], "texture": "#0"},
				"south": {"uv": [8.5, 6, 9, 6.5], "texture": "#0"},
				"west": {"uv": [8.5, 6, 9, 6.5], "texture": "#0"},
				"up": {"uv": [8.5, 6, 9, 6.5], "rotation": 90, "texture": "#0"},
				"down": {"uv": [8.5, 6, 9, 6.5], "rotation": 270, "texture": "#0"}
			}
		},
		{
			"name": "bow_pulling_2_14",
			"from": [7.5, 3, 10],
			"to": [8, 3.5, 10.5],
			"rotation": {"angle": -45, "axis": "x", "origin": [0, 0, 0]},
			"faces": {
				"north": {"uv": [2, 6.5, 2.5, 7], "texture": "#0"},
				"east": {"uv": [2.5, 6.5, 2, 7], "texture": "#0"},
				"south": {"uv": [2, 6.5, 2.5, 7], "texture": "#0"},
				"west": {"uv": [2, 6.5, 2.5, 7], "texture": "#0"},
				"up": {"uv": [2, 6.5, 2.5, 7], "rotation": 90, "texture": "#0"},
				"down": {"uv": [2, 6.5, 2.5, 7], "rotation": 270, "texture": "#0"}
			}
		},
		{
			"name": "bow_pulling_2_15",
			"from": [7.5, 3, 10.5],
			"to": [8, 3.5, 11],
			"rotation": {"angle": -45, "axis": "x", "origin": [0, 0, 0]},
			"faces": {
				"north": {"uv": [2.5, 6.5, 3, 7], "texture": "#0"},
				"east": {"uv": [3, 6.5, 2.5, 7], "texture": "#0"},
				"south": {"uv": [2.5, 6.5, 3, 7], "texture": "#0"},
				"west": {"uv": [2.5, 6.5, 3, 7], "texture": "#0"},
				"up": {"uv": [2.5, 6.5, 3, 7], "rotation": 90, "texture": "#0"},
				"down": {"uv": [2.5, 6.5, 3, 7], "rotation": 270, "texture": "#0"}
			}
		},
		{
			"name": "bow_pulling_2_16",
			"from": [7.5, 3, 11],
			"to": [8, 3.5, 11.5],
			"rotation": {"angle": -45, "axis": "x", "origin": [0, 0, 0]},
			"faces": {
				"north": {"uv": [3, 6.5, 3.5, 7], "texture": "#0"},
				"east": {"uv": [3.5, 6.5, 3, 7], "texture": "#0"},
				"south": {"uv": [3, 6.5, 3.5, 7], "texture": "#0"},
				"west": {"uv": [3, 6.5, 3.5, 7], "texture": "#0"},
				"up": {"uv": [3, 6.5, 3.5, 7], "rotation": 90, "texture": "#0"},
				"down": {"uv": [3, 6.5, 3.5, 7], "rotation": 270, "texture": "#0"}
			}
		},
		{
			"name": "bow_pulling_2_17",
			"from": [7.5, 3, 12.5],
			"to": [8, 3.5, 13],
			"rotation": {"angle": -45, "axis": "x", "origin": [0, 0, 0]},
			"faces": {
				"north": {"uv": [4.5, 6.5, 5, 7], "texture": "#0"},
				"east": {"uv": [5, 6.5, 4.5, 7], "texture": "#0"},
				"south": {"uv": [4.5, 6.5, 5, 7], "texture": "#0"},
				"west": {"uv": [4.5, 6.5, 5, 7], "texture": "#0"},
				"up": {"uv": [4.5, 6.5, 5, 7], "rotation": 90, "texture": "#0"},
				"down": {"uv": [4.5, 6.5, 5, 7], "rotation": 270, "texture": "#0"}
			}
		},
		{
			"name": "bow_pulling_2_18",
			"from": [7.5, 3, 13],
			"to": [8, 3.5, 13.5],
			"rotation": {"angle": -45, "axis": "x", "origin": [0, 0, 0]},
			"faces": {
				"north": {"uv": [5, 6.5, 5.5, 7], "texture": "#0"},
				"east": {"uv": [5.5, 6.5, 5, 7], "texture": "#0"},
				"south": {"uv": [5, 6.5, 5.5, 7], "texture": "#0"},
				"west": {"uv": [5, 6.5, 5.5, 7], "texture": "#0"},
				"up": {"uv": [5, 6.5, 5.5, 7], "rotation": 90, "texture": "#0"},
				"down": {"uv": [5, 6.5, 5.5, 7], "rotation": 270, "texture": "#0"}
			}
		},
		{
			"name": "bow_pulling_2_19",
			"from": [7.5, 3, 13.5],
			"to": [8, 3.5, 14],
			"rotation": {"angle": -45, "axis": "x", "origin": [0, 0, 0]},
			"faces": {
				"north": {"uv": [5.5, 6.5, 6, 7], "texture": "#0"},
				"east": {"uv": [6, 6.5, 5.5, 7], "texture": "#0"},
				"south": {"uv": [5.5, 6.5, 6, 7], "texture": "#0"},
				"west": {"uv": [5.5, 6.5, 6, 7], "texture": "#0"},
				"up": {"uv": [5.5, 6.5, 6, 7], "rotation": 90, "texture": "#0"},
				"down": {"uv": [5.5, 6.5, 6, 7], "rotation": 270, "texture": "#0"}
			}
		},
		{
			"name": "bow_pulling_2_20",
			"from": [7.5, 3, 14],
			"to": [8, 3.5, 14.5],
			"rotation": {"angle": -45, "axis": "x", "origin": [0, 0, 0]},
			"faces": {
				"north": {"uv": [6, 6.5, 6.5, 7], "texture": "#0"},
				"east": {"uv": [6.5, 6.5, 6, 7], "texture": "#0"},
				"south": {"uv": [6, 6.5, 6.5, 7], "texture": "#0"},
				"west": {"uv": [6, 6.5, 6.5, 7], "texture": "#0"},
				"up": {"uv": [6, 6.5, 6.5, 7], "rotation": 90, "texture": "#0"},
				"down": {"uv": [6, 6.5, 6.5, 7], "rotation": 270, "texture": "#0"}
			}
		},
		{
			"name": "bow_pulling_2_21",
			"from": [7.5, 3, 14.5],
			"to": [8, 3.5, 15],
			"rotation": {"angle": -45, "axis": "x", "origin": [0, 0, 0]},
			"faces": {
				"north": {"uv": [6.5, 6.5, 7, 7], "texture": "#0"},
				"east": {"uv": [7, 6.5, 6.5, 7], "texture": "#0"},
				"south": {"uv": [6.5, 6.5, 7, 7], "texture": "#0"},
				"west": {"uv": [6.5, 6.5, 7, 7], "texture": "#0"},
				"up": {"uv": [6.5, 6.5, 7, 7], "rotation": 90, "texture": "#0"},
				"down": {"uv": [6.5, 6.5, 7, 7], "rotation": 270, "texture": "#0"}
			}
		},
		{
			"name": "bow_pulling_2_22",
			"from": [7.5, 3, 15],
			"to": [8, 3.5, 15.5],
			"rotation": {"angle": -45, "axis": "x", "origin": [0, 0, 0]},
			"faces": {
				"north": {"uv": [7, 6.5, 7.5, 7], "texture": "#0"},
				"east": {"uv": [7.5, 6.5, 7, 7], "texture": "#0"},
				"south": {"uv": [7, 6.5, 7.5, 7], "texture": "#0"},
				"west": {"uv": [7, 6.5, 7.5, 7], "texture": "#0"},
				"up": {"uv": [7, 6.5, 7.5, 7], "rotation": 90, "texture": "#0"},
				"down": {"uv": [7, 6.5, 7.5, 7], "rotation": 270, "texture": "#0"}
			}
		},
		{
			"name": "bow_pulling_2_23",
			"from": [7.5, 3, 15.5],
			"to": [8, 3.5, 16],
			"rotation": {"angle": -45, "axis": "x", "origin": [0, 0, 0]},
			"faces": {
				"north": {"uv": [7.5, 6.5, 8, 7], "texture": "#0"},
				"east": {"uv": [8, 6.5, 7.5, 7], "texture": "#0"},
				"south": {"uv": [7.5, 6.5, 8, 7], "texture": "#0"},
				"west": {"uv": [7.5, 6.5, 8, 7], "texture": "#0"},
				"up": {"uv": [7.5, 6.5, 8, 7], "rotation": 90, "texture": "#0"},
				"down": {"uv": [7.5, 6.5, 8, 7], "rotation": 270, "texture": "#0"}
			}
		},
		{
			"name": "bow_pulling_2_24",
			"from": [7.5, 3, 16],
			"to": [8, 3.5, 16.5],
			"rotation": {"angle": -45, "axis": "x", "origin": [0, 0, 0]},
			"faces": {
				"north": {"uv": [8, 6.5, 8.5, 7], "texture": "#0"},
				"east": {"uv": [8.5, 6.5, 8, 7], "texture": "#0"},
				"south": {"uv": [8, 6.5, 8.5, 7], "texture": "#0"},
				"west": {"uv": [8, 6.5, 8.5, 7], "texture": "#0"},
				"up": {"uv": [8, 6.5, 8.5, 7], "rotation": 90, "texture": "#0"},
				"down": {"uv": [8, 6.5, 8.5, 7], "rotation": 270, "texture": "#0"}
			}
		},
		{
			"name": "bow_pulling_2_25",
			"from": [7.5, 3, 16.5],
			"to": [8, 3.5, 17],
			"rotation": {"angle": -45, "axis": "x", "origin": [0, 0, 0]},
			"faces": {
				"north": {"uv": [8.5, 6.5, 9, 7], "texture": "#0"},
				"east": {"uv": [9, 6.5, 8.5, 7], "texture": "#0"},
				"south": {"uv": [8.5, 6.5, 9, 7], "texture": "#0"},
				"west": {"uv": [8.5, 6.5, 9, 7], "texture": "#0"},
				"up": {"uv": [8.5, 6.5, 9, 7], "rotation": 90, "texture": "#0"},
				"down": {"uv": [8.5, 6.5, 9, 7], "rotation": 270, "texture": "#0"}
			}
		},
		{
			"name": "bow_pulling_2_26",
			"from": [7.5, 3, 17],
			"to": [8, 3.5, 17.5],
			"rotation": {"angle": -45, "axis": "x", "origin": [0, 0, 0]},
			"faces": {
				"north": {"uv": [9, 6.5, 9.5, 7], "texture": "#0"},
				"east": {"uv": [9.5, 6.5, 9, 7], "texture": "#0"},
				"south": {"uv": [9, 6.5, 9.5, 7], "texture": "#0"},
				"west": {"uv": [9, 6.5, 9.5, 7], "texture": "#0"},
				"up": {"uv": [9, 6.5, 9.5, 7], "rotation": 90, "texture": "#0"},
				"down": {"uv": [9, 6.5, 9.5, 7], "rotation": 270, "texture": "#0"}
			}
		},
		{
			"name": "bow_pulling_2_27",
			"from": [7.5, 3, 19],
			"to": [8, 3.5, 19.5],
			"rotation": {"angle": -45, "axis": "x", "origin": [0, 0, 0]},
			"faces": {
				"north": {"uv": [11, 6.5, 11.5, 7], "texture": "#0"},
				"east": {"uv": [11.5, 6.5, 11, 7], "texture": "#0"},
				"south": {"uv": [11, 6.5, 11.5, 7], "texture": "#0"},
				"west": {"uv": [11, 6.5, 11.5, 7], "texture": "#0"},
				"up": {"uv": [11, 6.5, 11.5, 7], "rotation": 90, "texture": "#0"},
				"down": {"uv": [11, 6.5, 11.5, 7], "rotation": 270, "texture": "#0"}
			}
		},
		{
			"name": "bow_pulling_2_28",
			"from": [7.5, 3, 19.5],
			"to": [8, 3.5, 20],
			"rotation": {"angle": -45, "axis": "x", "origin": [0, 0, 0]},
			"faces": {
				"north": {"uv": [11.5, 6.5, 12, 7], "texture": "#0"},
				"east": {"uv": [12, 6.5, 11.5, 7], "texture": "#0"},
				"south": {"uv": [11.5, 6.5, 12, 7], "texture": "#0"},
				"west": {"uv": [11.5, 6.5, 12, 7], "texture": "#0"},
				"up": {"uv": [11.5, 6.5, 12, 7], "rotation": 90, "texture": "#0"},
				"down": {"uv": [11.5, 6.5, 12, 7], "rotation": 270, "texture": "#0"}
			}
		},
		{
			"name": "bow_pulling_2_29",
			"from": [7.5, 2.5, 10],
			"to": [8, 3, 10.5],
			"rotation": {"angle": -45, "axis": "x", "origin": [0, 0, 0]},
			"faces": {
				"north": {"uv": [2, 7, 2.5, 7.5], "texture": "#0"},
				"east": {"uv": [2.5, 7, 2, 7.5], "texture": "#0"},
				"south": {"uv": [2, 7, 2.5, 7.5], "texture": "#0"},
				"west": {"uv": [2, 7, 2.5, 7.5], "texture": "#0"},
				"up": {"uv": [2, 7, 2.5, 7.5], "rotation": 90, "texture": "#0"},
				"down": {"uv": [2, 7, 2.5, 7.5], "rotation": 270, "texture": "#0"}
			}
		},
		{
			"name": "bow_pulling_2_30",
			"from": [7.5, 2.5, 10.5],
			"to": [8, 3, 11],
			"rotation": {"angle": -45, "axis": "x", "origin": [0, 0, 0]},
			"faces": {
				"north": {"uv": [2.5, 7, 3, 7.5], "texture": "#0"},
				"east": {"uv": [3, 7, 2.5, 7.5], "texture": "#0"},
				"south": {"uv": [2.5, 7, 3, 7.5], "texture": "#0"},
				"west": {"uv": [2.5, 7, 3, 7.5], "texture": "#0"},
				"up": {"uv": [2.5, 7, 3, 7.5], "rotation": 90, "texture": "#0"},
				"down": {"uv": [2.5, 7, 3, 7.5], "rotation": 270, "texture": "#0"}
			}
		},
		{
			"name": "bow_pulling_2_31",
			"from": [7.5, 2.5, 11],
			"to": [8, 3, 11.5],
			"rotation": {"angle": -45, "axis": "x", "origin": [0, 0, 0]},
			"faces": {
				"north": {"uv": [3, 7, 3.5, 7.5], "texture": "#0"},
				"east": {"uv": [3.5, 7, 3, 7.5], "texture": "#0"},
				"south": {"uv": [3, 7, 3.5, 7.5], "texture": "#0"},
				"west": {"uv": [3, 7, 3.5, 7.5], "texture": "#0"},
				"up": {"uv": [3, 7, 3.5, 7.5], "rotation": 90, "texture": "#0"},
				"down": {"uv": [3, 7, 3.5, 7.5], "rotation": 270, "texture": "#0"}
			}
		},
		{
			"name": "bow_pulling_2_32",
			"from": [7.5, 2.5, 11.5],
			"to": [8, 3, 12],
			"rotation": {"angle": -45, "axis": "x", "origin": [0, 0, 0]},
			"faces": {
				"north": {"uv": [3.5, 7, 4, 7.5], "texture": "#0"},
				"east": {"uv": [4, 7, 3.5, 7.5], "texture": "#0"},
				"south": {"uv": [3.5, 7, 4, 7.5], "texture": "#0"},
				"west": {"uv": [3.5, 7, 4, 7.5], "texture": "#0"},
				"up": {"uv": [3.5, 7, 4, 7.5], "rotation": 90, "texture": "#0"},
				"down": {"uv": [3.5, 7, 4, 7.5], "rotation": 270, "texture": "#0"}
			}
		},
		{
			"name": "bow_pulling_2_33",
			"from": [7.5, 2.5, 12],
			"to": [8, 3, 12.5],
			"rotation": {"angle": -45, "axis": "x", "origin": [0, 0, 0]},
			"faces": {
				"north": {"uv": [4, 7, 4.5, 7.5], "texture": "#0"},
				"east": {"uv": [4.5, 7, 4, 7.5], "texture": "#0"},
				"south": {"uv": [4, 7, 4.5, 7.5], "texture": "#0"},
				"west": {"uv": [4, 7, 4.5, 7.5], "texture": "#0"},
				"up": {"uv": [4, 7, 4.5, 7.5], "rotation": 90, "texture": "#0"},
				"down": {"uv": [4, 7, 4.5, 7.5], "rotation": 270, "texture": "#0"}
			}
		},
		{
			"name": "bow_pulling_2_34",
			"from": [7.5, 2.5, 12.5],
			"to": [8, 3, 13],
			"rotation": {"angle": -45, "axis": "x", "origin": [0, 0, 0]},
			"faces": {
				"north": {"uv": [4.5, 7, 5, 7.5], "texture": "#0"},
				"east": {"uv": [5, 7, 4.5, 7.5], "texture": "#0"},
				"south": {"uv": [4.5, 7, 5, 7.5], "texture": "#0"},
				"west": {"uv": [4.5, 7, 5, 7.5], "texture": "#0"},
				"up": {"uv": [4.5, 7, 5, 7.5], "rotation": 90, "texture": "#0"},
				"down": {"uv": [4.5, 7, 5, 7.5], "rotation": 270, "texture": "#0"}
			}
		},
		{
			"name": "bow_pulling_2_35",
			"from": [7.5, 2.5, 13],
			"to": [8, 3, 13.5],
			"rotation": {"angle": -45, "axis": "x", "origin": [0, 0, 0]},
			"faces": {
				"north": {"uv": [5, 7, 5.5, 7.5], "texture": "#0"},
				"east": {"uv": [5.5, 7, 5, 7.5], "texture": "#0"},
				"south": {"uv": [5, 7, 5.5, 7.5], "texture": "#0"},
				"west": {"uv": [5, 7, 5.5, 7.5], "texture": "#0"},
				"up": {"uv": [5, 7, 5.5, 7.5], "rotation": 90, "texture": "#0"},
				"down": {"uv": [5, 7, 5.5, 7.5], "rotation": 270, "texture": "#0"}
			}
		},
		{
			"name": "bow_pulling_2_36",
			"from": [7.5, 2.5, 13.5],
			"to": [8, 3, 14],
			"rotation": {"angle": -45, "axis": "x", "origin": [0, 0, 0]},
			"faces": {
				"north": {"uv": [5.5, 7, 6, 7.5], "texture": "#0"},
				"east": {"uv": [6, 7, 5.5, 7.5], "texture": "#0"},
				"south": {"uv": [5.5, 7, 6, 7.5], "texture": "#0"},
				"west": {"uv": [5.5, 7, 6, 7.5], "texture": "#0"},
				"up": {"uv": [5.5, 7, 6, 7.5], "rotation": 90, "texture": "#0"},
				"down": {"uv": [5.5, 7, 6, 7.5], "rotation": 270, "texture": "#0"}
			}
		},
		{
			"name": "bow_pulling_2_37",
			"from": [7.5, 2.5, 16.5],
			"to": [8, 3, 17],
			"rotation": {"angle": -45, "axis": "x", "origin": [0, 0, 0]},
			"faces": {
				"north": {"uv": [8.5, 7, 9, 7.5], "texture": "#0"},
				"east": {"uv": [9, 7, 8.5, 7.5], "texture": "#0"},
				"south": {"uv": [8.5, 7, 9, 7.5], "texture": "#0"},
				"west": {"uv": [8.5, 7, 9, 7.5], "texture": "#0"},
				"up": {"uv": [8.5, 7, 9, 7.5], "rotation": 90, "texture": "#0"},
				"down": {"uv": [8.5, 7, 9, 7.5], "rotation": 270, "texture": "#0"}
			}
		},
		{
			"name": "bow_pulling_2_38",
			"from": [7.5, 2.5, 17],
			"to": [8, 3, 17.5],
			"rotation": {"angle": -45, "axis": "x", "origin": [0, 0, 0]},
			"faces": {
				"north": {"uv": [9, 7, 9.5, 7.5], "texture": "#0"},
				"east": {"uv": [9.5, 7, 9, 7.5], "texture": "#0"},
				"south": {"uv": [9, 7, 9.5, 7.5], "texture": "#0"},
				"west": {"uv": [9, 7, 9.5, 7.5], "texture": "#0"},
				"up": {"uv": [9, 7, 9.5, 7.5], "rotation": 90, "texture": "#0"},
				"down": {"uv": [9, 7, 9.5, 7.5], "rotation": 270, "texture": "#0"}
			}
		},
		{
			"name": "bow_pulling_2_39",
			"from": [7.5, 2.5, 17.5],
			"to": [8, 3, 18],
			"rotation": {"angle": -45, "axis": "x", "origin": [0, 0, 0]},
			"faces": {
				"north": {"uv": [9.5, 7, 10, 7.5], "texture": "#0"},
				"east": {"uv": [10, 7, 9.5, 7.5], "texture": "#0"},
				"south": {"uv": [9.5, 7, 10, 7.5], "texture": "#0"},
				"west": {"uv": [9.5, 7, 10, 7.5], "texture": "#0"},
				"up": {"uv": [9.5, 7, 10, 7.5], "rotation": 90, "texture": "#0"},
				"down": {"uv": [9.5, 7, 10, 7.5], "rotation": 270, "texture": "#0"}
			}
		},
		{
			"name": "bow_pulling_2_40",
			"from": [7.5, 2.5, 18],
			"to": [8, 3, 18.5],
			"rotation": {"angle": -45, "axis": "x", "origin": [0, 0, 0]},
			"faces": {
				"north": {"uv": [10, 7, 10.5, 7.5], "texture": "#0"},
				"east": {"uv": [10.5, 7, 10, 7.5], "texture": "#0"},
				"south": {"uv": [10, 7, 10.5, 7.5], "texture": "#0"},
				"west": {"uv": [10, 7, 10.5, 7.5], "texture": "#0"},
				"up": {"uv": [10, 7, 10.5, 7.5], "rotation": 90, "texture": "#0"},
				"down": {"uv": [10, 7, 10.5, 7.5], "rotation": 270, "texture": "#0"}
			}
		},
		{
			"name": "bow_pulling_2_41",
			"from": [7.5, 2.5, 19.5],
			"to": [8, 3, 20],
			"rotation": {"angle": -45, "axis": "x", "origin": [0, 0, 0]},
			"faces": {
				"north": {"uv": [11.5, 7, 12, 7.5], "texture": "#0"},
				"east": {"uv": [12, 7, 11.5, 7.5], "texture": "#0"},
				"south": {"uv": [11.5, 7, 12, 7.5], "texture": "#0"},
				"west": {"uv": [11.5, 7, 12, 7.5], "texture": "#0"},
				"up": {"uv": [11.5, 7, 12, 7.5], "rotation": 90, "texture": "#0"},
				"down": {"uv": [11.5, 7, 12, 7.5], "rotation": 270, "texture": "#0"}
			}
		},
		{
			"name": "bow_pulling_2_42",
			"from": [7.5, 2, 10],
			"to": [8, 2.5, 10.5],
			"rotation": {"angle": -45, "axis": "x", "origin": [0, 0, 0]},
			"faces": {
				"north": {"uv": [2, 7.5, 2.5, 8], "texture": "#0"},
				"east": {"uv": [2.5, 7.5, 2, 8], "texture": "#0"},
				"south": {"uv": [2, 7.5, 2.5, 8], "texture": "#0"},
				"west": {"uv": [2, 7.5, 2.5, 8], "texture": "#0"},
				"up": {"uv": [2, 7.5, 2.5, 8], "rotation": 90, "texture": "#0"},
				"down": {"uv": [2, 7.5, 2.5, 8], "rotation": 270, "texture": "#0"}
			}
		},
		{
			"name": "bow_pulling_2_43",
			"from": [7.5, 2, 10.5],
			"to": [8, 2.5, 11],
			"rotation": {"angle": -45, "axis": "x", "origin": [0, 0, 0]},
			"faces": {
				"north": {"uv": [2.5, 7.5, 3, 8], "texture": "#0"},
				"east": {"uv": [3, 7.5, 2.5, 8], "texture": "#0"},
				"south": {"uv": [2.5, 7.5, 3, 8], "texture": "#0"},
				"west": {"uv": [2.5, 7.5, 3, 8], "texture": "#0"},
				"up": {"uv": [2.5, 7.5, 3, 8], "rotation": 90, "texture": "#0"},
				"down": {"uv": [2.5, 7.5, 3, 8], "rotation": 270, "texture": "#0"}
			}
		},
		{
			"name": "bow_pulling_2_44",
			"from": [7.5, 2, 11],
			"to": [8, 2.5, 11.5],
			"rotation": {"angle": -45, "axis": "x", "origin": [0, 0, 0]},
			"faces": {
				"north": {"uv": [3, 7.5, 3.5, 8], "texture": "#0"},
				"east": {"uv": [3.5, 7.5, 3, 8], "texture": "#0"},
				"south": {"uv": [3, 7.5, 3.5, 8], "texture": "#0"},
				"west": {"uv": [3, 7.5, 3.5, 8], "texture": "#0"},
				"up": {"uv": [3, 7.5, 3.5, 8], "rotation": 90, "texture": "#0"},
				"down": {"uv": [3, 7.5, 3.5, 8], "rotation": 270, "texture": "#0"}
			}
		},
		{
			"name": "bow_pulling_2_45",
			"from": [7.5, 2, 11.5],
			"to": [8, 2.5, 12],
			"rotation": {"angle": -45, "axis": "x", "origin": [0, 0, 0]},
			"faces": {
				"north": {"uv": [3.5, 7.5, 4, 8], "texture": "#0"},
				"east": {"uv": [4, 7.5, 3.5, 8], "texture": "#0"},
				"south": {"uv": [3.5, 7.5, 4, 8], "texture": "#0"},
				"west": {"uv": [3.5, 7.5, 4, 8], "texture": "#0"},
				"up": {"uv": [3.5, 7.5, 4, 8], "rotation": 90, "texture": "#0"},
				"down": {"uv": [3.5, 7.5, 4, 8], "rotation": 270, "texture": "#0"}
			}
		},
		{
			"name": "bow_pulling_2_46",
			"from": [7.5, 2, 12],
			"to": [8, 2.5, 12.5],
			"rotation": {"angle": -45, "axis": "x", "origin": [0, 0, 0]},
			"faces": {
				"north": {"uv": [4, 7.5, 4.5, 8], "texture": "#0"},
				"east": {"uv": [4.5, 7.5, 4, 8], "texture": "#0"},
				"south": {"uv": [4, 7.5, 4.5, 8], "texture": "#0"},
				"west": {"uv": [4, 7.5, 4.5, 8], "texture": "#0"},
				"up": {"uv": [4, 7.5, 4.5, 8], "rotation": 90, "texture": "#0"},
				"down": {"uv": [4, 7.5, 4.5, 8], "rotation": 270, "texture": "#0"}
			}
		},
		{
			"name": "bow_pulling_2_47",
			"from": [7.5, 2, 12.5],
			"to": [8, 2.5, 13],
			"rotation": {"angle": -45, "axis": "x", "origin": [0, 0, 0]},
			"faces": {
				"north": {"uv": [4.5, 7.5, 5, 8], "texture": "#0"},
				"east": {"uv": [5, 7.5, 4.5, 8], "texture": "#0"},
				"south": {"uv": [4.5, 7.5, 5, 8], "texture": "#0"},
				"west": {"uv": [4.5, 7.5, 5, 8], "texture": "#0"},
				"up": {"uv": [4.5, 7.5, 5, 8], "rotation": 90, "texture": "#0"},
				"down": {"uv": [4.5, 7.5, 5, 8], "rotation": 270, "texture": "#0"}
			}
		},
		{
			"name": "bow_pulling_2_48",
			"from": [7.5, 2, 13],
			"to": [8, 2.5, 13.5],
			"rotation": {"angle": -45, "axis": "x", "origin": [0, 0, 0]},
			"faces": {
				"north": {"uv": [5, 7.5, 5.5, 8], "texture": "#0"},
				"east": {"uv": [5.5, 7.5, 5, 8], "texture": "#0"},
				"south": {"uv": [5, 7.5, 5.5, 8], "texture": "#0"},
				"west": {"uv": [5, 7.5, 5.5, 8], "texture": "#0"},
				"up": {"uv": [5, 7.5, 5.5, 8], "rotation": 90, "texture": "#0"},
				"down": {"uv": [5, 7.5, 5.5, 8], "rotation": 270, "texture": "#0"}
			}
		},
		{
			"name": "bow_pulling_2_49",
			"from": [7.5, 2, 17.5],
			"to": [8, 2.5, 18],
			"rotation": {"angle": -45, "axis": "x", "origin": [0, 0, 0]},
			"faces": {
				"north": {"uv": [9.5, 7.5, 10, 8], "texture": "#0"},
				"east": {"uv": [10, 7.5, 9.5, 8], "texture": "#0"},
				"south": {"uv": [9.5, 7.5, 10, 8], "texture": "#0"},
				"west": {"uv": [9.5, 7.5, 10, 8], "texture": "#0"},
				"up": {"uv": [9.5, 7.5, 10, 8], "rotation": 90, "texture": "#0"},
				"down": {"uv": [9.5, 7.5, 10, 8], "rotation": 270, "texture": "#0"}
			}
		},
		{
			"name": "bow_pulling_2_50",
			"from": [7.5, 2, 18],
			"to": [8, 2.5, 18.5],
			"rotation": {"angle": -45, "axis": "x", "origin": [0, 0, 0]},
			"faces": {
				"north": {"uv": [10, 7.5, 10.5, 8], "texture": "#0"},
				"east": {"uv": [10.5, 7.5, 10, 8], "texture": "#0"},
				"south": {"uv": [10, 7.5, 10.5, 8], "texture": "#0"},
				"west": {"uv": [10, 7.5, 10.5, 8], "texture": "#0"},
				"up": {"uv": [10, 7.5, 10.5, 8], "rotation": 90, "texture": "#0"},
				"down": {"uv": [10, 7.5, 10.5, 8], "rotation": 270, "texture": "#0"}
			}
		},
		{
			"name": "bow_pulling_2_51",
			"from": [7.5, 2, 18.5],
			"to": [8, 2.5, 19],
			"rotation": {"angle": -45, "axis": "x", "origin": [0, 0, 0]},
			"faces": {
				"north": {"uv": [10.5, 7.5, 11, 8], "texture": "#0"},
				"east": {"uv": [11, 7.5, 10.5, 8], "texture": "#0"},
				"south": {"uv": [10.5, 7.5, 11, 8], "texture": "#0"},
				"west": {"uv": [10.5, 7.5, 11, 8], "texture": "#0"},
				"up": {"uv": [10.5, 7.5, 11, 8], "rotation": 90, "texture": "#0"},
				"down": {"uv": [10.5, 7.5, 11, 8], "rotation": 270, "texture": "#0"}
			}
		},
		{
			"name": "bow_pulling_2_52",
			"from": [7.5, 2, 19],
			"to": [8, 2.5, 19.5],
			"rotation": {"angle": -45, "axis": "x", "origin": [0, 0, 0]},
			"faces": {
				"north": {"uv": [11, 7.5, 11.5, 8], "texture": "#0"},
				"east": {"uv": [11.5, 7.5, 11, 8], "texture": "#0"},
				"south": {"uv": [11, 7.5, 11.5, 8], "texture": "#0"},
				"west": {"uv": [11, 7.5, 11.5, 8], "texture": "#0"},
				"up": {"uv": [11, 7.5, 11.5, 8], "rotation": 90, "texture": "#0"},
				"down": {"uv": [11, 7.5, 11.5, 8], "rotation": 270, "texture": "#0"}
			}
		},
		{
			"name": "bow_pulling_2_53",
			"from": [7.5, 2, 19.5],
			"to": [8, 2.5, 20],
			"rotation": {"angle": -45, "axis": "x", "origin": [0, 0, 0]},
			"faces": {
				"north": {"uv": [11.5, 7.5, 12, 8], "texture": "#0"},
				"east": {"uv": [12, 7.5, 11.5, 8], "texture": "#0"},
				"south": {"uv": [11.5, 7.5, 12, 8], "texture": "#0"},
				"west": {"uv": [11.5, 7.5, 12, 8], "texture": "#0"},
				"up": {"uv": [11.5, 7.5, 12, 8], "rotation": 90, "texture": "#0"},
				"down": {"uv": [11.5, 7.5, 12, 8], "rotation": 270, "texture": "#0"}
			}
		},
		{
			"name": "bow_pulling_2_54",
			"from": [7.5, 1.5, 10.5],
			"to": [8, 2, 11],
			"rotation": {"angle": -45, "axis": "x", "origin": [0, 0, 0]},
			"faces": {
				"north": {"uv": [2.5, 8, 3, 8.5], "texture": "#0"},
				"east": {"uv": [3, 8, 2.5, 8.5], "texture": "#0"},
				"south": {"uv": [2.5, 8, 3, 8.5], "texture": "#0"},
				"west": {"uv": [2.5, 8, 3, 8.5], "texture": "#0"},
				"up": {"uv": [2.5, 8, 3, 8.5], "rotation": 90, "texture": "#0"},
				"down": {"uv": [2.5, 8, 3, 8.5], "rotation": 270, "texture": "#0"}
			}
		},
		{
			"name": "bow_pulling_2_55",
			"from": [7.5, 1.5, 11],
			"to": [8, 2, 11.5],
			"rotation": {"angle": -45, "axis": "x", "origin": [0, 0, 0]},
			"faces": {
				"north": {"uv": [3, 8, 3.5, 8.5], "texture": "#0"},
				"east": {"uv": [3.5, 8, 3, 8.5], "texture": "#0"},
				"south": {"uv": [3, 8, 3.5, 8.5], "texture": "#0"},
				"west": {"uv": [3, 8, 3.5, 8.5], "texture": "#0"},
				"up": {"uv": [3, 8, 3.5, 8.5], "rotation": 90, "texture": "#0"},
				"down": {"uv": [3, 8, 3.5, 8.5], "rotation": 270, "texture": "#0"}
			}
		},
		{
			"name": "bow_pulling_2_56",
			"from": [7.5, 1.5, 11.5],
			"to": [8, 2, 12],
			"rotation": {"angle": -45, "axis": "x", "origin": [0, 0, 0]},
			"faces": {
				"north": {"uv": [3.5, 8, 4, 8.5], "texture": "#0"},
				"east": {"uv": [4, 8, 3.5, 8.5], "texture": "#0"},
				"south": {"uv": [3.5, 8, 4, 8.5], "texture": "#0"},
				"west": {"uv": [3.5, 8, 4, 8.5], "texture": "#0"},
				"up": {"uv": [3.5, 8, 4, 8.5], "rotation": 90, "texture": "#0"},
				"down": {"uv": [3.5, 8, 4, 8.5], "rotation": 270, "texture": "#0"}
			}
		},
		{
			"name": "bow_pulling_2_57",
			"from": [7.5, 1.5, 12],
			"to": [8, 2, 12.5],
			"rotation": {"angle": -45, "axis": "x", "origin": [0, 0, 0]},
			"faces": {
				"north": {"uv": [4, 8, 4.5, 8.5], "texture": "#0"},
				"east": {"uv": [4.5, 8, 4, 8.5], "texture": "#0"},
				"south": {"uv": [4, 8, 4.5, 8.5], "texture": "#0"},
				"west": {"uv": [4, 8, 4.5, 8.5], "texture": "#0"},
				"up": {"uv": [4, 8, 4.5, 8.5], "rotation": 90, "texture": "#0"},
				"down": {"uv": [4, 8, 4.5, 8.5], "rotation": 270, "texture": "#0"}
			}
		},
		{
			"name": "bow_pulling_2_58",
			"from": [7.5, 1.5, 12.5],
			"to": [8, 2, 13],
			"rotation": {"angle": -45, "axis": "x", "origin": [0, 0, 0]},
			"faces": {
				"north": {"uv": [4.5, 8, 5, 8.5], "texture": "#0"},
				"east": {"uv": [5, 8, 4.5, 8.5], "texture": "#0"},
				"south": {"uv": [4.5, 8, 5, 8.5], "texture": "#0"},
				"west": {"uv": [4.5, 8, 5, 8.5], "texture": "#0"},
				"up": {"uv": [4.5, 8, 5, 8.5], "rotation": 90, "texture": "#0"},
				"down": {"uv": [4.5, 8, 5, 8.5], "rotation": 270, "texture": "#0"}
			}
		},
		{
			"name": "bow_pulling_2_59",
			"from": [7.5, 1.5, 18.5],
			"to": [8, 2, 19],
			"rotation": {"angle": -45, "axis": "x", "origin": [0, 0, 0]},
			"faces": {
				"north": {"uv": [10.5, 8, 11, 8.5], "texture": "#0"},
				"east": {"uv": [11, 8, 10.5, 8.5], "texture": "#0"},
				"south": {"uv": [10.5, 8, 11, 8.5], "texture": "#0"},
				"west": {"uv": [10.5, 8, 11, 8.5], "texture": "#0"},
				"up": {"uv": [10.5, 8, 11, 8.5], "rotation": 90, "texture": "#0"},
				"down": {"uv": [10.5, 8, 11, 8.5], "rotation": 270, "texture": "#0"}
			}
		},
		{
			"name": "bow_pulling_2_60",
			"from": [7.5, 1.5, 19],
			"to": [8, 2, 19.5],
			"rotation": {"angle": -45, "axis": "x", "origin": [0, 0, 0]},
			"faces": {
				"north": {"uv": [11, 8, 11.5, 8.5], "texture": "#0"},
				"east": {"uv": [11.5, 8, 11, 8.5], "texture": "#0"},
				"south": {"uv": [11, 8, 11.5, 8.5], "texture": "#0"},
				"west": {"uv": [11, 8, 11.5, 8.5], "texture": "#0"},
				"up": {"uv": [11, 8, 11.5, 8.5], "rotation": 90, "texture": "#0"},
				"down": {"uv": [11, 8, 11.5, 8.5], "rotation": 270, "texture": "#0"}
			}
		},
		{
			"name": "bow_pulling_2_61",
			"from": [7.5, 1, 10.5],
			"to": [8, 1.5, 11],
			"rotation": {"angle": -45, "axis": "x", "origin": [0, 0, 0]},
			"faces": {
				"north": {"uv": [2.5, 8.5, 3, 9], "texture": "#0"},
				"east": {"uv": [3, 8.5, 2.5, 9], "texture": "#0"},
				"south": {"uv": [2.5, 8.5, 3, 9], "texture": "#0"},
				"west": {"uv": [2.5, 8.5, 3, 9], "texture": "#0"},
				"up": {"uv": [2.5, 8.5, 3, 9], "rotation": 90, "texture": "#0"},
				"down": {"uv": [2.5, 8.5, 3, 9], "rotation": 270, "texture": "#0"}
			}
		},
		{
			"name": "bow_pulling_2_62",
			"from": [7.5, 1, 11],
			"to": [8, 1.5, 11.5],
			"rotation": {"angle": -45, "axis": "x", "origin": [0, 0, 0]},
			"faces": {
				"north": {"uv": [3, 8.5, 3.5, 9], "texture": "#0"},
				"east": {"uv": [3.5, 8.5, 3, 9], "texture": "#0"},
				"south": {"uv": [3, 8.5, 3.5, 9], "texture": "#0"},
				"west": {"uv": [3, 8.5, 3.5, 9], "texture": "#0"},
				"up": {"uv": [3, 8.5, 3.5, 9], "rotation": 90, "texture": "#0"},
				"down": {"uv": [3, 8.5, 3.5, 9], "rotation": 270, "texture": "#0"}
			}
		},
		{
			"name": "bow_pulling_2_63",
			"from": [7.5, 1, 11.5],
			"to": [8, 1.5, 12],
			"rotation": {"angle": -45, "axis": "x", "origin": [0, 0, 0]},
			"faces": {
				"north": {"uv": [3.5, 8.5, 4, 9], "texture": "#0"},
				"east": {"uv": [4, 8.5, 3.5, 9], "texture": "#0"},
				"south": {"uv": [3.5, 8.5, 4, 9], "texture": "#0"},
				"west": {"uv": [3.5, 8.5, 4, 9], "texture": "#0"},
				"up": {"uv": [3.5, 8.5, 4, 9], "rotation": 90, "texture": "#0"},
				"down": {"uv": [3.5, 8.5, 4, 9], "rotation": 270, "texture": "#0"}
			}
		},
		{
			"name": "bow_pulling_2_64",
			"from": [7.5, 1, 12],
			"to": [8, 1.5, 12.5],
			"rotation": {"angle": -45, "axis": "x", "origin": [0, 0, 0]},
			"faces": {
				"north": {"uv": [4, 8.5, 4.5, 9], "texture": "#0"},
				"east": {"uv": [4.5, 8.5, 4, 9], "texture": "#0"},
				"south": {"uv": [4, 8.5, 4.5, 9], "texture": "#0"},
				"west": {"uv": [4, 8.5, 4.5, 9], "texture": "#0"},
				"up": {"uv": [4, 8.5, 4.5, 9], "rotation": 90, "texture": "#0"},
				"down": {"uv": [4, 8.5, 4.5, 9], "rotation": 270, "texture": "#0"}
			}
		},
		{
			"name": "bow_pulling_2_65",
			"from": [7.5, 1, 12.5],
			"to": [8, 1.5, 13],
			"rotation": {"angle": -45, "axis": "x", "origin": [0, 0, 0]},
			"faces": {
				"north": {"uv": [4.5, 8.5, 5, 9], "texture": "#0"},
				"east": {"uv": [5, 8.5, 4.5, 9], "texture": "#0"},
				"south": {"uv": [4.5, 8.5, 5, 9], "texture": "#0"},
				"west": {"uv": [4.5, 8.5, 5, 9], "texture": "#0"},
				"up": {"uv": [4.5, 8.5, 5, 9], "rotation": 90, "texture": "#0"},
				"down": {"uv": [4.5, 8.5, 5, 9], "rotation": 270, "texture": "#0"}
			}
		},
		{
			"name": "bow_pulling_2_66",
			"from": [7.5, 1, 18.5],
			"to": [8, 1.5, 19],
			"rotation": {"angle": -45, "axis": "x", "origin": [0, 0, 0]},
			"faces": {
				"north": {"uv": [10.5, 8.5, 11, 9], "texture": "#0"},
				"east": {"uv": [11, 8.5, 10.5, 9], "texture": "#0"},
				"south": {"uv": [10.5, 8.5, 11, 9], "texture": "#0"},
				"west": {"uv": [10.5, 8.5, 11, 9], "texture": "#0"},
				"up": {"uv": [10.5, 8.5, 11, 9], "rotation": 90, "texture": "#0"},
				"down": {"uv": [10.5, 8.5, 11, 9], "rotation": 270, "texture": "#0"}
			}
		},
		{
			"name": "bow_pulling_2_67",
			"from": [7.5, 1, 19],
			"to": [8, 1.5, 19.5],
			"rotation": {"angle": -45, "axis": "x", "origin": [0, 0, 0]},
			"faces": {
				"north": {"uv": [11, 8.5, 11.5, 9], "texture": "#0"},
				"east": {"uv": [11.5, 8.5, 11, 9], "texture": "#0"},
				"south": {"uv": [11, 8.5, 11.5, 9], "texture": "#0"},
				"west": {"uv": [11, 8.5, 11.5, 9], "texture": "#0"},
				"up": {"uv": [11, 8.5, 11.5, 9], "rotation": 90, "texture": "#0"},
				"down": {"uv": [11, 8.5, 11.5, 9], "rotation": 270, "texture": "#0"}
			}
		},
		{
			"name": "bow_pulling_2_68",
			"from": [7.5, 0.5, 10],
			"to": [8, 1, 10.5],
			"rotation": {"angle": -45, "axis": "x", "origin": [0, 0, 0]},
			"faces": {
				"north": {"uv": [2, 9, 2.5, 9.5], "texture": "#0"},
				"east": {"uv": [2.5, 9, 2, 9.5], "texture": "#0"},
				"south": {"uv": [2, 9, 2.5, 9.5], "texture": "#0"},
				"west": {"uv": [2, 9, 2.5, 9.5], "texture": "#0"},
				"up": {"uv": [2, 9, 2.5, 9.5], "rotation": 90, "texture": "#0"},
				"down": {"uv": [2, 9, 2.5, 9.5], "rotation": 270, "texture": "#0"}
			}
		},
		{
			"name": "bow_pulling_2_69",
			"from": [7.5, 0.5, 10.5],
			"to": [8, 1, 11],
			"rotation": {"angle": -45, "axis": "x", "origin": [0, 0, 0]},
			"faces": {
				"north": {"uv": [2.5, 9, 3, 9.5], "texture": "#0"},
				"east": {"uv": [3, 9, 2.5, 9.5], "texture": "#0"},
				"south": {"uv": [2.5, 9, 3, 9.5], "texture": "#0"},
				"west": {"uv": [2.5, 9, 3, 9.5], "texture": "#0"},
				"up": {"uv": [2.5, 9, 3, 9.5], "rotation": 90, "texture": "#0"},
				"down": {"uv": [2.5, 9, 3, 9.5], "rotation": 270, "texture": "#0"}
			}
		},
		{
			"name": "bow_pulling_2_70",
			"from": [7.5, 0.5, 11],
			"to": [8, 1, 11.5],
			"rotation": {"angle": -45, "axis": "x", "origin": [0, 0, 0]},
			"faces": {
				"north": {"uv": [3, 9, 3.5, 9.5], "texture": "#0"},
				"east": {"uv": [3.5, 9, 3, 9.5], "texture": "#0"},
				"south": {"uv": [3, 9, 3.5, 9.5], "texture": "#0"},
				"west": {"uv": [3, 9, 3.5, 9.5], "texture": "#0"},
				"up": {"uv": [3, 9, 3.5, 9.5], "rotation": 90, "texture": "#0"},
				"down": {"uv": [3, 9, 3.5, 9.5], "rotation": 270, "texture": "#0"}
			}
		},
		{
			"name": "bow_pulling_2_71",
			"from": [7.5, 0.5, 11.5],
			"to": [8, 1, 12],
			"rotation": {"angle": -45, "axis": "x", "origin": [0, 0, 0]},
			"faces": {
				"north": {"uv": [3.5, 9, 4, 9.5], "texture": "#0"},
				"east": {"uv": [4, 9, 3.5, 9.5], "texture": "#0"},
				"south": {"uv": [3.5, 9, 4, 9.5], "texture": "#0"},
				"west": {"uv": [3.5, 9, 4, 9.5], "texture": "#0"},
				"up": {"uv": [3.5, 9, 4, 9.5], "rotation": 90, "texture": "#0"},
				"down": {"uv": [3.5, 9, 4, 9.5], "rotation": 270, "texture": "#0"}
			}
		},
		{
			"name": "bow_pulling_2_72",
			"from": [7.5, 0.5, 12],
			"to": [8, 1, 12.5],
			"rotation": {"angle": -45, "axis": "x", "origin": [0, 0, 0]},
			"faces": {
				"north": {"uv": [4, 9, 4.5, 9.5], "texture": "#0"},
				"east": {"uv": [4.5, 9, 4, 9.5], "texture": "#0"},
				"south": {"uv": [4, 9, 4.5, 9.5], "texture": "#0"},
				"west": {"uv": [4, 9, 4.5, 9.5], "texture": "#0"},
				"up": {"uv": [4, 9, 4.5, 9.5], "rotation": 90, "texture": "#0"},
				"down": {"uv": [4, 9, 4.5, 9.5], "rotation": 270, "texture": "#0"}
			}
		},
		{
			"name": "bow_pulling_2_73",
			"from": [7.5, 0.5, 12.5],
			"to": [8, 1, 13],
			"rotation": {"angle": -45, "axis": "x", "origin": [0, 0, 0]},
			"faces": {
				"north": {"uv": [4.5, 9, 5, 9.5], "texture": "#0"},
				"east": {"uv": [5, 9, 4.5, 9.5], "texture": "#0"},
				"south": {"uv": [4.5, 9, 5, 9.5], "texture": "#0"},
				"west": {"uv": [4.5, 9, 5, 9.5], "texture": "#0"},
				"up": {"uv": [4.5, 9, 5, 9.5], "rotation": 90, "texture": "#0"},
				"down": {"uv": [4.5, 9, 5, 9.5], "rotation": 270, "texture": "#0"}
			}
		},
		{
			"name": "bow_pulling_2_74",
			"from": [7.5, 0.5, 13],
			"to": [8, 1, 13.5],
			"rotation": {"angle": -45, "axis": "x", "origin": [0, 0, 0]},
			"faces": {
				"north": {"uv": [5, 9, 5.5, 9.5], "texture": "#0"},
				"east": {"uv": [5.5, 9, 5, 9.5], "texture": "#0"},
				"south": {"uv": [5, 9, 5.5, 9.5], "texture": "#0"},
				"west": {"uv": [5, 9, 5.5, 9.5], "texture": "#0"},
				"up": {"uv": [5, 9, 5.5, 9.5], "rotation": 90, "texture": "#0"},
				"down": {"uv": [5, 9, 5.5, 9.5], "rotation": 270, "texture": "#0"}
			}
		},
		{
			"name": "bow_pulling_2_75",
			"from": [7.5, 0.5, 18.5],
			"to": [8, 1, 19],
			"rotation": {"angle": -45, "axis": "x", "origin": [0, 0, 0]},
			"faces": {
				"north": {"uv": [10.5, 9, 11, 9.5], "texture": "#0"},
				"east": {"uv": [11, 9, 10.5, 9.5], "texture": "#0"},
				"south": {"uv": [10.5, 9, 11, 9.5], "texture": "#0"},
				"west": {"uv": [10.5, 9, 11, 9.5], "texture": "#0"},
				"up": {"uv": [10.5, 9, 11, 9.5], "rotation": 90, "texture": "#0"},
				"down": {"uv": [10.5, 9, 11, 9.5], "rotation": 270, "texture": "#0"}
			}
		},
		{
			"name": "bow_pulling_2_76",
			"from": [7.5, 0.5, 19],
			"to": [8, 1, 19.5],
			"rotation": {"angle": -45, "axis": "x", "origin": [0, 0, 0]},
			"faces": {
				"north": {"uv": [11, 9, 11.5, 9.5], "texture": "#0"},
				"east": {"uv": [11.5, 9, 11, 9.5], "texture": "#0"},
				"south": {"uv": [11, 9, 11.5, 9.5], "texture": "#0"},
				"west": {"uv": [11, 9, 11.5, 9.5], "texture": "#0"},
				"up": {"uv": [11, 9, 11.5, 9.5], "rotation": 90, "texture": "#0"},
				"down": {"uv": [11, 9, 11.5, 9.5], "rotation": 270, "texture": "#0"}
			}
		},
		{
			"name": "bow_pulling_2_77",
			"from": [7.5, 0, 9.5],
			"to": [8, 0.5, 10],
			"rotation": {"angle": -45, "axis": "x", "origin": [0, 0, 0]},
			"faces": {
				"north": {"uv": [1.5, 9.5, 2, 10], "texture": "#0"},
				"east": {"uv": [2, 9.5, 1.5, 10], "texture": "#0"},
				"south": {"uv": [1.5, 9.5, 2, 10], "texture": "#0"},
				"west": {"uv": [1.5, 9.5, 2, 10], "texture": "#0"},
				"up": {"uv": [1.5, 9.5, 2, 10], "rotation": 90, "texture": "#0"},
				"down": {"uv": [1.5, 9.5, 2, 10], "rotation": 270, "texture": "#0"}
			}
		},
		{
			"name": "bow_pulling_2_78",
			"from": [7.5, 0, 10],
			"to": [8, 0.5, 10.5],
			"rotation": {"angle": -45, "axis": "x", "origin": [0, 0, 0]},
			"faces": {
				"north": {"uv": [2, 9.5, 2.5, 10], "texture": "#0"},
				"east": {"uv": [2.5, 9.5, 2, 10], "texture": "#0"},
				"south": {"uv": [2, 9.5, 2.5, 10], "texture": "#0"},
				"west": {"uv": [2, 9.5, 2.5, 10], "texture": "#0"},
				"up": {"uv": [2, 9.5, 2.5, 10], "rotation": 90, "texture": "#0"},
				"down": {"uv": [2, 9.5, 2.5, 10], "rotation": 270, "texture": "#0"}
			}
		},
		{
			"name": "bow_pulling_2_79",
			"from": [7.5, 0, 10.5],
			"to": [8, 0.5, 11],
			"rotation": {"angle": -45, "axis": "x", "origin": [0, 0, 0]},
			"faces": {
				"north": {"uv": [2.5, 9.5, 3, 10], "texture": "#0"},
				"east": {"uv": [3, 9.5, 2.5, 10], "texture": "#0"},
				"south": {"uv": [2.5, 9.5, 3, 10], "texture": "#0"},
				"west": {"uv": [2.5, 9.5, 3, 10], "texture": "#0"},
				"up": {"uv": [2.5, 9.5, 3, 10], "rotation": 90, "texture": "#0"},
				"down": {"uv": [2.5, 9.5, 3, 10], "rotation": 270, "texture": "#0"}
			}
		},
		{
			"name": "bow_pulling_2_80",
			"from": [7.5, 0, 11],
			"to": [8, 0.5, 11.5],
			"rotation": {"angle": -45, "axis": "x", "origin": [0, 0, 0]},
			"faces": {
				"north": {"uv": [3, 9.5, 3.5, 10], "texture": "#0"},
				"east": {"uv": [3.5, 9.5, 3, 10], "texture": "#0"},
				"south": {"uv": [3, 9.5, 3.5, 10], "texture": "#0"},
				"west": {"uv": [3, 9.5, 3.5, 10], "texture": "#0"},
				"up": {"uv": [3, 9.5, 3.5, 10], "rotation": 90, "texture": "#0"},
				"down": {"uv": [3, 9.5, 3.5, 10], "rotation": 270, "texture": "#0"}
			}
		},
		{
			"name": "bow_pulling_2_81",
			"from": [7.5, 0, 12.5],
			"to": [8, 0.5, 13],
			"rotation": {"angle": -45, "axis": "x", "origin": [0, 0, 0]},
			"faces": {
				"north": {"uv": [4.5, 9.5, 5, 10], "texture": "#0"},
				"east": {"uv": [5, 9.5, 4.5, 10], "texture": "#0"},
				"south": {"uv": [4.5, 9.5, 5, 10], "texture": "#0"},
				"west": {"uv": [4.5, 9.5, 5, 10], "texture": "#0"},
				"up": {"uv": [4.5, 9.5, 5, 10], "rotation": 90, "texture": "#0"},
				"down": {"uv": [4.5, 9.5, 5, 10], "rotation": 270, "texture": "#0"}
			}
		},
		{
			"name": "bow_pulling_2_82",
			"from": [7.5, 0, 13],
			"to": [8, 0.5, 13.5],
			"rotation": {"angle": -45, "axis": "x", "origin": [0, 0, 0]},
			"faces": {
				"north": {"uv": [5, 9.5, 5.5, 10], "texture": "#0"},
				"east": {"uv": [5.5, 9.5, 5, 10], "texture": "#0"},
				"south": {"uv": [5, 9.5, 5.5, 10], "texture": "#0"},
				"west": {"uv": [5, 9.5, 5.5, 10], "texture": "#0"},
				"up": {"uv": [5, 9.5, 5.5, 10], "rotation": 90, "texture": "#0"},
				"down": {"uv": [5, 9.5, 5.5, 10], "rotation": 270, "texture": "#0"}
			}
		},
		{
			"name": "bow_pulling_2_83",
			"from": [7.5, 0, 13.5],
			"to": [8, 0.5, 14],
			"rotation": {"angle": -45, "axis": "x", "origin": [0, 0, 0]},
			"faces": {
				"north": {"uv": [5.5, 9.5, 6, 10], "texture": "#0"},
				"east": {"uv": [6, 9.5, 5.5, 10], "texture": "#0"},
				"south": {"uv": [5.5, 9.5, 6, 10], "texture": "#0"},
				"west": {"uv": [5.5, 9.5, 6, 10], "texture": "#0"},
				"up": {"uv": [5.5, 9.5, 6, 10], "rotation": 90, "texture": "#0"},
				"down": {"uv": [5.5, 9.5, 6, 10], "rotation": 270, "texture": "#0"}
			}
		},
		{
			"name": "bow_pulling_2_84",
			"from": [7.5, 0, 18],
			"to": [8, 0.5, 18.5],
			"rotation": {"angle": -45, "axis": "x", "origin": [0, 0, 0]},
			"faces": {
				"north": {"uv": [10, 9.5, 10.5, 10], "texture": "#0"},
				"east": {"uv": [10.5, 9.5, 10, 10], "texture": "#0"},
				"south": {"uv": [10, 9.5, 10.5, 10], "texture": "#0"},
				"west": {"uv": [10, 9.5, 10.5, 10], "texture": "#0"},
				"up": {"uv": [10, 9.5, 10.5, 10], "rotation": 90, "texture": "#0"},
				"down": {"uv": [10, 9.5, 10.5, 10], "rotation": 270, "texture": "#0"}
			}
		},
		{
			"name": "bow_pulling_2_85",
			"from": [7.5, 0, 18.5],
			"to": [8, 0.5, 19],
			"rotation": {"angle": -45, "axis": "x", "origin": [0, 0, 0]},
			"faces": {
				"north": {"uv": [10.5, 9.5, 11, 10], "texture": "#0"},
				"east": {"uv": [11, 9.5, 10.5, 10], "texture": "#0"},
				"south": {"uv": [10.5, 9.5, 11, 10], "texture": "#0"},
				"west": {"uv": [10.5, 9.5, 11, 10], "texture": "#0"},
				"up": {"uv": [10.5, 9.5, 11, 10], "rotation": 90, "texture": "#0"},
				"down": {"uv": [10.5, 9.5, 11, 10], "rotation": 270, "texture": "#0"}
			}
		},
		{
			"name": "bow_pulling_2_86",
			"from": [7.5, -0.5, 9],
			"to": [8, 0, 9.5],
			"rotation": {"angle": -45, "axis": "x", "origin": [0, 0, 0]},
			"faces": {
				"north": {"uv": [1, 10, 1.5, 10.5], "texture": "#0"},
				"east": {"uv": [1.5, 10, 1, 10.5], "texture": "#0"},
				"south": {"uv": [1, 10, 1.5, 10.5], "texture": "#0"},
				"west": {"uv": [1, 10, 1.5, 10.5], "texture": "#0"},
				"up": {"uv": [1, 10, 1.5, 10.5], "rotation": 90, "texture": "#0"},
				"down": {"uv": [1, 10, 1.5, 10.5], "rotation": 270, "texture": "#0"}
			}
		},
		{
			"name": "bow_pulling_2_87",
			"from": [7.5, -0.5, 9.5],
			"to": [8, 0, 10],
			"rotation": {"angle": -45, "axis": "x", "origin": [0, 0, 0]},
			"faces": {
				"north": {"uv": [1.5, 10, 2, 10.5], "texture": "#0"},
				"east": {"uv": [2, 10, 1.5, 10.5], "texture": "#0"},
				"south": {"uv": [1.5, 10, 2, 10.5], "texture": "#0"},
				"west": {"uv": [1.5, 10, 2, 10.5], "texture": "#0"},
				"up": {"uv": [1.5, 10, 2, 10.5], "rotation": 90, "texture": "#0"},
				"down": {"uv": [1.5, 10, 2, 10.5], "rotation": 270, "texture": "#0"}
			}
		},
		{
			"name": "bow_pulling_2_88",
			"from": [7.5, -0.5, 10],
			"to": [8, 0, 10.5],
			"rotation": {"angle": -45, "axis": "x", "origin": [0, 0, 0]},
			"faces": {
				"north": {"uv": [2, 10, 2.5, 10.5], "texture": "#0"},
				"east": {"uv": [2.5, 10, 2, 10.5], "texture": "#0"},
				"south": {"uv": [2, 10, 2.5, 10.5], "texture": "#0"},
				"west": {"uv": [2, 10, 2.5, 10.5], "texture": "#0"},
				"up": {"uv": [2, 10, 2.5, 10.5], "rotation": 90, "texture": "#0"},
				"down": {"uv": [2, 10, 2.5, 10.5], "rotation": 270, "texture": "#0"}
			}
		},
		{
			"name": "bow_pulling_2_89",
			"from": [7.5, -0.5, 10.5],
			"to": [8, 0, 11],
			"rotation": {"angle": -45, "axis": "x", "origin": [0, 0, 0]},
			"faces": {
				"north": {"uv": [2.5, 10, 3, 10.5], "texture": "#0"},
				"east": {"uv": [3, 10, 2.5, 10.5], "texture": "#0"},
				"south": {"uv": [2.5, 10, 3, 10.5], "texture": "#0"},
				"west": {"uv": [2.5, 10, 3, 10.5], "texture": "#0"},
				"up": {"uv": [2.5, 10, 3, 10.5], "rotation": 90, "texture": "#0"},
				"down": {"uv": [2.5, 10, 3, 10.5], "rotation": 270, "texture": "#0"}
			}
		},
		{
			"name": "bow_pulling_2_90",
			"from": [7.5, -0.5, 13],
			"to": [8, 0, 13.5],
			"rotation": {"angle": -45, "axis": "x", "origin": [0, 0, 0]},
			"faces": {
				"north": {"uv": [5, 10, 5.5, 10.5], "texture": "#0"},
				"east": {"uv": [5.5, 10, 5, 10.5], "texture": "#0"},
				"south": {"uv": [5, 10, 5.5, 10.5], "texture": "#0"},
				"west": {"uv": [5, 10, 5.5, 10.5], "texture": "#0"},
				"up": {"uv": [5, 10, 5.5, 10.5], "rotation": 90, "texture": "#0"},
				"down": {"uv": [5, 10, 5.5, 10.5], "rotation": 270, "texture": "#0"}
			}
		},
		{
			"name": "bow_pulling_2_91",
			"from": [7.5, -0.5, 13.5],
			"to": [8, 0, 14],
			"rotation": {"angle": -45, "axis": "x", "origin": [0, 0, 0]},
			"faces": {
				"north": {"uv": [5.5, 10, 6, 10.5], "texture": "#0"},
				"east": {"uv": [6, 10, 5.5, 10.5], "texture": "#0"},
				"south": {"uv": [5.5, 10, 6, 10.5], "texture": "#0"},
				"west": {"uv": [5.5, 10, 6, 10.5], "texture": "#0"},
				"up": {"uv": [5.5, 10, 6, 10.5], "rotation": 90, "texture": "#0"},
				"down": {"uv": [5.5, 10, 6, 10.5], "rotation": 270, "texture": "#0"}
			}
		},
		{
			"name": "bow_pulling_2_92",
			"from": [7.5, -0.5, 14],
			"to": [8, 0, 14.5],
			"rotation": {"angle": -45, "axis": "x", "origin": [0, 0, 0]},
			"faces": {
				"north": {"uv": [6, 10, 6.5, 10.5], "texture": "#0"},
				"east": {"uv": [6.5, 10, 6, 10.5], "texture": "#0"},
				"south": {"uv": [6, 10, 6.5, 10.5], "texture": "#0"},
				"west": {"uv": [6, 10, 6.5, 10.5], "texture": "#0"},
				"up": {"uv": [6, 10, 6.5, 10.5], "rotation": 90, "texture": "#0"},
				"down": {"uv": [6, 10, 6.5, 10.5], "rotation": 270, "texture": "#0"}
			}
		},
		{
			"name": "bow_pulling_2_93",
			"from": [7.5, -0.5, 18],
			"to": [8, 0, 18.5],
			"rotation": {"angle": -45, "axis": "x", "origin": [0, 0, 0]},
			"faces": {
				"north": {"uv": [10, 10, 10.5, 10.5], "texture": "#0"},
				"east": {"uv": [10.5, 10, 10, 10.5], "texture": "#0"},
				"south": {"uv": [10, 10, 10.5, 10.5], "texture": "#0"},
				"west": {"uv": [10, 10, 10.5, 10.5], "texture": "#0"},
				"up": {"uv": [10, 10, 10.5, 10.5], "rotation": 90, "texture": "#0"},
				"down": {"uv": [10, 10, 10.5, 10.5], "rotation": 270, "texture": "#0"}
			}
		},
		{
			"name": "bow_pulling_2_94",
			"from": [7.5, -0.5, 18.5],
			"to": [8, 0, 19],
			"rotation": {"angle": -45, "axis": "x", "origin": [0, 0, 0]},
			"faces": {
				"north": {"uv": [10.5, 10, 11, 10.5], "texture": "#0"},
				"east": {"uv": [11, 10, 10.5, 10.5], "texture": "#0"},
				"south": {"uv": [10.5, 10, 11, 10.5], "texture": "#0"},
				"west": {"uv": [10.5, 10, 11, 10.5], "texture": "#0"},
				"up": {"uv": [10.5, 10, 11, 10.5], "rotation": 90, "texture": "#0"},
				"down": {"uv": [10.5, 10, 11, 10.5], "rotation": 270, "texture": "#0"}
			}
		},
		{
			"name": "bow_pulling_2_95",
			"from": [7.5, -1, 9],
			"to": [8, -0.5, 9.5],
			"rotation": {"angle": -45, "axis": "x", "origin": [0, 0, 0]},
			"faces": {
				"north": {"uv": [1, 10.5, 1.5, 11], "texture": "#0"},
				"east": {"uv": [1.5, 10.5, 1, 11], "texture": "#0"},
				"south": {"uv": [1, 10.5, 1.5, 11], "texture": "#0"},
				"west": {"uv": [1, 10.5, 1.5, 11], "texture": "#0"},
				"up": {"uv": [1, 10.5, 1.5, 11], "rotation": 90, "texture": "#0"},
				"down": {"uv": [1, 10.5, 1.5, 11], "rotation": 270, "texture": "#0"}
			}
		},
		{
			"name": "bow_pulling_2_96",
			"from": [7.5, -1, 9.5],
			"to": [8, -0.5, 10],
			"rotation": {"angle": -45, "axis": "x", "origin": [0, 0, 0]},
			"faces": {
				"north": {"uv": [1.5, 10.5, 2, 11], "texture": "#0"},
				"east": {"uv": [2, 10.5, 1.5, 11], "texture": "#0"},
				"south": {"uv": [1.5, 10.5, 2, 11], "texture": "#0"},
				"west": {"uv": [1.5, 10.5, 2, 11], "texture": "#0"},
				"up": {"uv": [1.5, 10.5, 2, 11], "rotation": 90, "texture": "#0"},
				"down": {"uv": [1.5, 10.5, 2, 11], "rotation": 270, "texture": "#0"}
			}
		},
		{
			"name": "bow_pulling_2_97",
			"from": [7.5, -1, 10],
			"to": [8, -0.5, 10.5],
			"rotation": {"angle": -45, "axis": "x", "origin": [0, 0, 0]},
			"faces": {
				"north": {"uv": [2, 10.5, 2.5, 11], "texture": "#0"},
				"east": {"uv": [2.5, 10.5, 2, 11], "texture": "#0"},
				"south": {"uv": [2, 10.5, 2.5, 11], "texture": "#0"},
				"west": {"uv": [2, 10.5, 2.5, 11], "texture": "#0"},
				"up": {"uv": [2, 10.5, 2.5, 11], "rotation": 90, "texture": "#0"},
				"down": {"uv": [2, 10.5, 2.5, 11], "rotation": 270, "texture": "#0"}
			}
		},
		{
			"name": "bow_pulling_2_98",
			"from": [7.5, -1, 13.5],
			"to": [8, -0.5, 14],
			"rotation": {"angle": -45, "axis": "x", "origin": [0, 0, 0]},
			"faces": {
				"north": {"uv": [5.5, 10.5, 6, 11], "texture": "#0"},
				"east": {"uv": [6, 10.5, 5.5, 11], "texture": "#0"},
				"south": {"uv": [5.5, 10.5, 6, 11], "texture": "#0"},
				"west": {"uv": [5.5, 10.5, 6, 11], "texture": "#0"},
				"up": {"uv": [5.5, 10.5, 6, 11], "rotation": 90, "texture": "#0"},
				"down": {"uv": [5.5, 10.5, 6, 11], "rotation": 270, "texture": "#0"}
			}
		},
		{
			"name": "bow_pulling_2_99",
			"from": [7.5, -1, 14],
			"to": [8, -0.5, 14.5],
			"rotation": {"angle": -45, "axis": "x", "origin": [0, 0, 0]},
			"faces": {
				"north": {"uv": [6, 10.5, 6.5, 11], "texture": "#0"},
				"east": {"uv": [6.5, 10.5, 6, 11], "texture": "#0"},
				"south": {"uv": [6, 10.5, 6.5, 11], "texture": "#0"},
				"west": {"uv": [6, 10.5, 6.5, 11], "texture": "#0"},
				"up": {"uv": [6, 10.5, 6.5, 11], "rotation": 90, "texture": "#0"},
				"down": {"uv": [6, 10.5, 6.5, 11], "rotation": 270, "texture": "#0"}
			}
		},
		{
			"name": "bow_pulling_2_100",
			"from": [7.5, -1, 14.5],
			"to": [8, -0.5, 15],
			"rotation": {"angle": -45, "axis": "x", "origin": [0, 0, 0]},
			"faces": {
				"north": {"uv": [6.5, 10.5, 7, 11], "texture": "#0"},
				"east": {"uv": [7, 10.5, 6.5, 11], "texture": "#0"},
				"south": {"uv": [6.5, 10.5, 7, 11], "texture": "#0"},
				"west": {"uv": [6.5, 10.5, 7, 11], "texture": "#0"},
				"up": {"uv": [6.5, 10.5, 7, 11], "rotation": 90, "texture": "#0"},
				"down": {"uv": [6.5, 10.5, 7, 11], "rotation": 270, "texture": "#0"}
			}
		},
		{
			"name": "bow_pulling_2_101",
			"from": [7.5, -1, 18],
			"to": [8, -0.5, 18.5],
			"rotation": {"angle": -45, "axis": "x", "origin": [0, 0, 0]},
			"faces": {
				"north": {"uv": [10, 10.5, 10.5, 11], "texture": "#0"},
				"east": {"uv": [10.5, 10.5, 10, 11], "texture": "#0"},
				"south": {"uv": [10, 10.5, 10.5, 11], "texture": "#0"},
				"west": {"uv": [10, 10.5, 10.5, 11], "texture": "#0"},
				"up": {"uv": [10, 10.5, 10.5, 11], "rotation": 90, "texture": "#0"},
				"down": {"uv": [10, 10.5, 10.5, 11], "rotation": 270, "texture": "#0"}
			}
		},
		{
			"name": "bow_pulling_2_102",
			"from": [7.5, -1, 18.5],
			"to": [8, -0.5, 19],
			"rotation": {"angle": -45, "axis": "x", "origin": [0, 0, 0]},
			"faces": {
				"north": {"uv": [10.5, 10.5, 11, 11], "texture": "#0"},
				"east": {"uv": [11, 10.5, 10.5, 11], "texture": "#0"},
				"south": {"uv": [10.5, 10.5, 11, 11], "texture": "#0"},
				"west": {"uv": [10.5, 10.5, 11, 11], "texture": "#0"},
				"up": {"uv": [10.5, 10.5, 11, 11], "rotation": 90, "texture": "#0"},
				"down": {"uv": [10.5, 10.5, 11, 11], "rotation": 270, "texture": "#0"}
			}
		},
		{
			"name": "bow_pulling_2_103",
			"from": [7.5, -1.5, 9],
			"to": [8, -1, 9.5],
			"rotation": {"angle": -45, "axis": "x", "origin": [0, 0, 0]},
			"faces": {
				"north": {"uv": [1, 11, 1.5, 11.5], "texture": "#0"},
				"east": {"uv": [1.5, 11, 1, 11.5], "texture": "#0"},
				"south": {"uv": [1, 11, 1.5, 11.5], "texture": "#0"},
				"west": {"uv": [1, 11, 1.5, 11.5], "texture": "#0"},
				"up": {"uv": [1, 11, 1.5, 11.5], "rotation": 90, "texture": "#0"},
				"down": {"uv": [1, 11, 1.5, 11.5], "rotation": 270, "texture": "#0"}
			}
		},
		{
			"name": "bow_pulling_2_104",
			"from": [7.5, -1.5, 9.5],
			"to": [8, -1, 10],
			"rotation": {"angle": -45, "axis": "x", "origin": [0, 0, 0]},
			"faces": {
				"north": {"uv": [1.5, 11, 2, 11.5], "texture": "#0"},
				"east": {"uv": [2, 11, 1.5, 11.5], "texture": "#0"},
				"south": {"uv": [1.5, 11, 2, 11.5], "texture": "#0"},
				"west": {"uv": [1.5, 11, 2, 11.5], "texture": "#0"},
				"up": {"uv": [1.5, 11, 2, 11.5], "rotation": 90, "texture": "#0"},
				"down": {"uv": [1.5, 11, 2, 11.5], "rotation": 270, "texture": "#0"}
			}
		},
		{
			"name": "bow_pulling_2_105",
			"from": [7.5, -1.5, 10],
			"to": [8, -1, 10.5],
			"rotation": {"angle": -45, "axis": "x", "origin": [0, 0, 0]},
			"faces": {
				"north": {"uv": [2, 11, 2.5, 11.5], "texture": "#0"},
				"east": {"uv": [2.5, 11, 2, 11.5], "texture": "#0"},
				"south": {"uv": [2, 11, 2.5, 11.5], "texture": "#0"},
				"west": {"uv": [2, 11, 2.5, 11.5], "texture": "#0"},
				"up": {"uv": [2, 11, 2.5, 11.5], "rotation": 90, "texture": "#0"},
				"down": {"uv": [2, 11, 2.5, 11.5], "rotation": 270, "texture": "#0"}
			}
		},
		{
			"name": "bow_pulling_2_106",
			"from": [7.5, -1.5, 14],
			"to": [8, -1, 14.5],
			"rotation": {"angle": -45, "axis": "x", "origin": [0, 0, 0]},
			"faces": {
				"north": {"uv": [6, 11, 6.5, 11.5], "texture": "#0"},
				"east": {"uv": [6.5, 11, 6, 11.5], "texture": "#0"},
				"south": {"uv": [6, 11, 6.5, 11.5], "texture": "#0"},
				"west": {"uv": [6, 11, 6.5, 11.5], "texture": "#0"},
				"up": {"uv": [6, 11, 6.5, 11.5], "rotation": 90, "texture": "#0"},
				"down": {"uv": [6, 11, 6.5, 11.5], "rotation": 270, "texture": "#0"}
			}
		},
		{
			"name": "bow_pulling_2_107",
			"from": [7.5, -1.5, 14.5],
			"to": [8, -1, 15],
			"rotation": {"angle": -45, "axis": "x", "origin": [0, 0, 0]},
			"faces": {
				"north": {"uv": [6.5, 11, 7, 11.5], "texture": "#0"},
				"east": {"uv": [7, 11, 6.5, 11.5], "texture": "#0"},
				"south": {"uv": [6.5, 11, 7, 11.5], "texture": "#0"},
				"west": {"uv": [6.5, 11, 7, 11.5], "texture": "#0"},
				"up": {"uv": [6.5, 11, 7, 11.5], "rotation": 90, "texture": "#0"},
				"down": {"uv": [6.5, 11, 7, 11.5], "rotation": 270, "texture": "#0"}
			}
		},
		{
			"name": "bow_pulling_2_108",
			"from": [7.5, -1.5, 15],
			"to": [8, -1, 15.5],
			"rotation": {"angle": -45, "axis": "x", "origin": [0, 0, 0]},
			"faces": {
				"north": {"uv": [7, 11, 7.5, 11.5], "texture": "#0"},
				"east": {"uv": [7.5, 11, 7, 11.5], "texture": "#0"},
				"south": {"uv": [7, 11, 7.5, 11.5], "texture": "#0"},
				"west": {"uv": [7, 11, 7.5, 11.5], "texture": "#0"},
				"up": {"uv": [7, 11, 7.5, 11.5], "rotation": 90, "texture": "#0"},
				"down": {"uv": [7, 11, 7.5, 11.5], "rotation": 270, "texture": "#0"}
			}
		},
		{
			"name": "bow_pulling_2_109",
			"from": [7.5, -1.5, 18],
			"to": [8, -1, 18.5],
			"rotation": {"angle": -45, "axis": "x", "origin": [0, 0, 0]},
			"faces": {
				"north": {"uv": [10, 11, 10.5, 11.5], "texture": "#0"},
				"east": {"uv": [10.5, 11, 10, 11.5], "texture": "#0"},
				"south": {"uv": [10, 11, 10.5, 11.5], "texture": "#0"},
				"west": {"uv": [10, 11, 10.5, 11.5], "texture": "#0"},
				"up": {"uv": [10, 11, 10.5, 11.5], "rotation": 90, "texture": "#0"},
				"down": {"uv": [10, 11, 10.5, 11.5], "rotation": 270, "texture": "#0"}
			}
		},
		{
			"name": "bow_pulling_2_110",
			"from": [7.5, -1.5, 18.5],
			"to": [8, -1, 19],
			"rotation": {"angle": -45, "axis": "x", "origin": [0, 0, 0]},
			"faces": {
				"north": {"uv": [10.5, 11, 11, 11.5], "texture": "#0"},
				"east": {"uv": [11, 11, 10.5, 11.5], "texture": "#0"},
				"south": {"uv": [10.5, 11, 11, 11.5], "texture": "#0"},
				"west": {"uv": [10.5, 11, 11, 11.5], "texture": "#0"},
				"up": {"uv": [10.5, 11, 11, 11.5], "rotation": 90, "texture": "#0"},
				"down": {"uv": [10.5, 11, 11, 11.5], "rotation": 270, "texture": "#0"}
			}
		},
		{
			"name": "bow_pulling_2_111",
			"from": [7.5, -2, 9],
			"to": [8, -1.5, 9.5],
			"rotation": {"angle": -45, "axis": "x", "origin": [0, 0, 0]},
			"faces": {
				"north": {"uv": [1, 11.5, 1.5, 12], "texture": "#0"},
				"east": {"uv": [1.5, 11.5, 1, 12], "texture": "#0"},
				"south": {"uv": [1, 11.5, 1.5, 12], "texture": "#0"},
				"west": {"uv": [1, 11.5, 1.5, 12], "texture": "#0"},
				"up": {"uv": [1, 11.5, 1.5, 12], "rotation": 90, "texture": "#0"},
				"down": {"uv": [1, 11.5, 1.5, 12], "rotation": 270, "texture": "#0"}
			}
		},
		{
			"name": "bow_pulling_2_112",
			"from": [7.5, -2, 9.5],
			"to": [8, -1.5, 10],
			"rotation": {"angle": -45, "axis": "x", "origin": [0, 0, 0]},
			"faces": {
				"north": {"uv": [1.5, 11.5, 2, 12], "texture": "#0"},
				"east": {"uv": [2, 11.5, 1.5, 12], "texture": "#0"},
				"south": {"uv": [1.5, 11.5, 2, 12], "texture": "#0"},
				"west": {"uv": [1.5, 11.5, 2, 12], "texture": "#0"},
				"up": {"uv": [1.5, 11.5, 2, 12], "rotation": 90, "texture": "#0"},
				"down": {"uv": [1.5, 11.5, 2, 12], "rotation": 270, "texture": "#0"}
			}
		},
		{
			"name": "bow_pulling_2_113",
			"from": [7.5, -2, 10],
			"to": [8, -1.5, 10.5],
			"rotation": {"angle": -45, "axis": "x", "origin": [0, 0, 0]},
			"faces": {
				"north": {"uv": [2, 11.5, 2.5, 12], "texture": "#0"},
				"east": {"uv": [2.5, 11.5, 2, 12], "texture": "#0"},
				"south": {"uv": [2, 11.5, 2.5, 12], "texture": "#0"},
				"west": {"uv": [2, 11.5, 2.5, 12], "texture": "#0"},
				"up": {"uv": [2, 11.5, 2.5, 12], "rotation": 90, "texture": "#0"},
				"down": {"uv": [2, 11.5, 2.5, 12], "rotation": 270, "texture": "#0"}
			}
		},
		{
			"name": "bow_pulling_2_114",
			"from": [7.5, -2, 14.5],
			"to": [8, -1.5, 15],
			"rotation": {"angle": -45, "axis": "x", "origin": [0, 0, 0]},
			"faces": {
				"north": {"uv": [6.5, 11.5, 7, 12], "texture": "#0"},
				"east": {"uv": [7, 11.5, 6.5, 12], "texture": "#0"},
				"south": {"uv": [6.5, 11.5, 7, 12], "texture": "#0"},
				"west": {"uv": [6.5, 11.5, 7, 12], "texture": "#0"},
				"up": {"uv": [6.5, 11.5, 7, 12], "rotation": 90, "texture": "#0"},
				"down": {"uv": [6.5, 11.5, 7, 12], "rotation": 270, "texture": "#0"}
			}
		},
		{
			"name": "bow_pulling_2_115",
			"from": [7.5, -2, 15],
			"to": [8, -1.5, 15.5],
			"rotation": {"angle": -45, "axis": "x", "origin": [0, 0, 0]},
			"faces": {
				"north": {"uv": [7, 11.5, 7.5, 12], "texture": "#0"},
				"east": {"uv": [7.5, 11.5, 7, 12], "texture": "#0"},
				"south": {"uv": [7, 11.5, 7.5, 12], "texture": "#0"},
				"west": {"uv": [7, 11.5, 7.5, 12], "texture": "#0"},
				"up": {"uv": [7, 11.5, 7.5, 12], "rotation": 90, "texture": "#0"},
				"down": {"uv": [7, 11.5, 7.5, 12], "rotation": 270, "texture": "#0"}
			}
		},
		{
			"name": "bow_pulling_2_116",
			"from": [7.5, -2, 15.5],
			"to": [8, -1.5, 16],
			"rotation": {"angle": -45, "axis": "x", "origin": [0, 0, 0]},
			"faces": {
				"north": {"uv": [7.5, 11.5, 8, 12], "texture": "#0"},
				"east": {"uv": [8, 11.5, 7.5, 12], "texture": "#0"},
				"south": {"uv": [7.5, 11.5, 8, 12], "texture": "#0"},
				"west": {"uv": [7.5, 11.5, 8, 12], "texture": "#0"},
				"up": {"uv": [7.5, 11.5, 8, 12], "rotation": 90, "texture": "#0"},
				"down": {"uv": [7.5, 11.5, 8, 12], "rotation": 270, "texture": "#0"}
			}
		},
		{
			"name": "bow_pulling_2_117",
			"from": [7.5, -2, 17.5],
			"to": [8, -1.5, 18],
			"rotation": {"angle": -45, "axis": "x", "origin": [0, 0, 0]},
			"faces": {
				"north": {"uv": [9.5, 11.5, 10, 12], "texture": "#0"},
				"east": {"uv": [10, 11.5, 9.5, 12], "texture": "#0"},
				"south": {"uv": [9.5, 11.5, 10, 12], "texture": "#0"},
				"west": {"uv": [9.5, 11.5, 10, 12], "texture": "#0"},
				"up": {"uv": [9.5, 11.5, 10, 12], "rotation": 90, "texture": "#0"},
				"down": {"uv": [9.5, 11.5, 10, 12], "rotation": 270, "texture": "#0"}
			}
		},
		{
			"name": "bow_pulling_2_118",
			"from": [7.5, -2, 18],
			"to": [8, -1.5, 18.5],
			"rotation": {"angle": -45, "axis": "x", "origin": [0, 0, 0]},
			"faces": {
				"north": {"uv": [10, 11.5, 10.5, 12], "texture": "#0"},
				"east": {"uv": [10.5, 11.5, 10, 12], "texture": "#0"},
				"south": {"uv": [10, 11.5, 10.5, 12], "texture": "#0"},
				"west": {"uv": [10, 11.5, 10.5, 12], "texture": "#0"},
				"up": {"uv": [10, 11.5, 10.5, 12], "rotation": 90, "texture": "#0"},
				"down": {"uv": [10, 11.5, 10.5, 12], "rotation": 270, "texture": "#0"}
			}
		},
		{
			"name": "bow_pulling_2_119",
			"from": [7.5, -2.5, 9],
			"to": [8, -2, 9.5],
			"rotation": {"angle": -45, "axis": "x", "origin": [0, 0, 0]},
			"faces": {
				"north": {"uv": [1, 12, 1.5, 12.5], "texture": "#0"},
				"east": {"uv": [1.5, 12, 1, 12.5], "texture": "#0"},
				"south": {"uv": [1, 12, 1.5, 12.5], "texture": "#0"},
				"west": {"uv": [1, 12, 1.5, 12.5], "texture": "#0"},
				"up": {"uv": [1, 12, 1.5, 12.5], "rotation": 90, "texture": "#0"},
				"down": {"uv": [1, 12, 1.5, 12.5], "rotation": 270, "texture": "#0"}
			}
		},
		{
			"name": "bow_pulling_2_120",
			"from": [7.5, -2.5, 9.5],
			"to": [8, -2, 10],
			"rotation": {"angle": -45, "axis": "x", "origin": [0, 0, 0]},
			"faces": {
				"north": {"uv": [1.5, 12, 2, 12.5], "texture": "#0"},
				"east": {"uv": [2, 12, 1.5, 12.5], "texture": "#0"},
				"south": {"uv": [1.5, 12, 2, 12.5], "texture": "#0"},
				"west": {"uv": [1.5, 12, 2, 12.5], "texture": "#0"},
				"up": {"uv": [1.5, 12, 2, 12.5], "rotation": 90, "texture": "#0"},
				"down": {"uv": [1.5, 12, 2, 12.5], "rotation": 270, "texture": "#0"}
			}
		},
		{
			"name": "bow_pulling_2_121",
			"from": [7.5, -2.5, 10],
			"to": [8, -2, 10.5],
			"rotation": {"angle": -45, "axis": "x", "origin": [0, 0, 0]},
			"faces": {
				"north": {"uv": [2, 12, 2.5, 12.5], "texture": "#0"},
				"east": {"uv": [2.5, 12, 2, 12.5], "texture": "#0"},
				"south": {"uv": [2, 12, 2.5, 12.5], "texture": "#0"},
				"west": {"uv": [2, 12, 2.5, 12.5], "texture": "#0"},
				"up": {"uv": [2, 12, 2.5, 12.5], "rotation": 90, "texture": "#0"},
				"down": {"uv": [2, 12, 2.5, 12.5], "rotation": 270, "texture": "#0"}
			}
		},
		{
			"name": "bow_pulling_2_122",
			"from": [7.5, -2.5, 15],
			"to": [8, -2, 15.5],
			"rotation": {"angle": -45, "axis": "x", "origin": [0, 0, 0]},
			"faces": {
				"north": {"uv": [7, 12, 7.5, 12.5], "texture": "#0"},
				"east": {"uv": [7.5, 12, 7, 12.5], "texture": "#0"},
				"south": {"uv": [7, 12, 7.5, 12.5], "texture": "#0"},
				"west": {"uv": [7, 12, 7.5, 12.5], "texture": "#0"},
				"up": {"uv": [7, 12, 7.5, 12.5], "rotation": 90, "texture": "#0"},
				"down": {"uv": [7, 12, 7.5, 12.5], "rotation": 270, "texture": "#0"}
			}
		},
		{
			"name": "bow_pulling_2_123",
			"from": [7.5, -2.5, 15.5],
			"to": [8, -2, 16],
			"rotation": {"angle": -45, "axis": "x", "origin": [0, 0, 0]},
			"faces": {
				"north": {"uv": [7.5, 12, 8, 12.5], "texture": "#0"},
				"east": {"uv": [8, 12, 7.5, 12.5], "texture": "#0"},
				"south": {"uv": [7.5, 12, 8, 12.5], "texture": "#0"},
				"west": {"uv": [7.5, 12, 8, 12.5], "texture": "#0"},
				"up": {"uv": [7.5, 12, 8, 12.5], "rotation": 90, "texture": "#0"},
				"down": {"uv": [7.5, 12, 8, 12.5], "rotation": 270, "texture": "#0"}
			}
		},
		{
			"name": "bow_pulling_2_124",
			"from": [7.5, -2.5, 16],
			"to": [8, -2, 16.5],
			"rotation": {"angle": -45, "axis": "x", "origin": [0, 0, 0]},
			"faces": {
				"north": {"uv": [8, 12, 8.5, 12.5], "texture": "#0"},
				"east": {"uv": [8.5, 12, 8, 12.5], "texture": "#0"},
				"south": {"uv": [8, 12, 8.5, 12.5], "texture": "#0"},
				"west": {"uv": [8, 12, 8.5, 12.5], "texture": "#0"},
				"up": {"uv": [8, 12, 8.5, 12.5], "rotation": 90, "texture": "#0"},
				"down": {"uv": [8, 12, 8.5, 12.5], "rotation": 270, "texture": "#0"}
			}
		},
		{
			"name": "bow_pulling_2_125",
			"from": [7.5, -2.5, 16.5],
			"to": [8, -2, 17],
			"rotation": {"angle": -45, "axis": "x", "origin": [0, 0, 0]},
			"faces": {
				"north": {"uv": [8.5, 12, 9, 12.5], "texture": "#0"},
				"east": {"uv": [9, 12, 8.5, 12.5], "texture": "#0"},
				"south": {"uv": [8.5, 12, 9, 12.5], "texture": "#0"},
				"west": {"uv": [8.5, 12, 9, 12.5], "texture": "#0"},
				"up": {"uv": [8.5, 12, 9, 12.5], "rotation": 90, "texture": "#0"},
				"down": {"uv": [8.5, 12, 9, 12.5], "rotation": 270, "texture": "#0"}
			}
		},
		{
			"name": "bow_pulling_2_126",
			"from": [7.5, -2.5, 17.5],
			"to": [8, -2, 18],
			"rotation": {"angle": -45, "axis": "x", "origin": [0, 0, 0]},
			"faces": {
				"north": {"uv": [9.5, 12, 10, 12.5], "texture": "#0"},
				"east": {"uv": [10, 12, 9.5, 12.5], "texture": "#0"},
				"south": {"uv": [9.5, 12, 10, 12.5], "texture": "#0"},
				"west": {"uv": [9.5, 12, 10, 12.5], "texture": "#0"},
				"up": {"uv": [9.5, 12, 10, 12.5], "rotation": 90, "texture": "#0"},
				"down": {"uv": [9.5, 12, 10, 12.5], "rotation": 270, "texture": "#0"}
			}
		},
		{
			"name": "bow_pulling_2_127",
			"from": [7.5, -2.5, 18],
			"to": [8, -2, 18.5],
			"rotation": {"angle": -45, "axis": "x", "origin": [0, 0, 0]},
			"faces": {
				"north": {"uv": [10, 12, 10.5, 12.5], "texture": "#0"},
				"east": {"uv": [10.5, 12, 10, 12.5], "texture": "#0"},
				"south": {"uv": [10, 12, 10.5, 12.5], "texture": "#0"},
				"west": {"uv": [10, 12, 10.5, 12.5], "texture": "#0"},
				"up": {"uv": [10, 12, 10.5, 12.5], "rotation": 90, "texture": "#0"},
				"down": {"uv": [10, 12, 10.5, 12.5], "rotation": 270, "texture": "#0"}
			}
		},
		{
			"name": "bow_pulling_2_128",
			"from": [7.5, -3, 9.5],
			"to": [8, -2.5, 10],
			"rotation": {"angle": -45, "axis": "x", "origin": [0, 0, 0]},
			"faces": {
				"north": {"uv": [1.5, 12.5, 2, 13], "texture": "#0"},
				"east": {"uv": [2, 12.5, 1.5, 13], "texture": "#0"},
				"south": {"uv": [1.5, 12.5, 2, 13], "texture": "#0"},
				"west": {"uv": [1.5, 12.5, 2, 13], "texture": "#0"},
				"up": {"uv": [1.5, 12.5, 2, 13], "rotation": 90, "texture": "#0"},
				"down": {"uv": [1.5, 12.5, 2, 13], "rotation": 270, "texture": "#0"}
			}
		},
		{
			"name": "bow_pulling_2_129",
			"from": [7.5, -3, 10],
			"to": [8, -2.5, 10.5],
			"rotation": {"angle": -45, "axis": "x", "origin": [0, 0, 0]},
			"faces": {
				"north": {"uv": [2, 12.5, 2.5, 13], "texture": "#0"},
				"east": {"uv": [2.5, 12.5, 2, 13], "texture": "#0"},
				"south": {"uv": [2, 12.5, 2.5, 13], "texture": "#0"},
				"west": {"uv": [2, 12.5, 2.5, 13], "texture": "#0"},
				"up": {"uv": [2, 12.5, 2.5, 13], "rotation": 90, "texture": "#0"},
				"down": {"uv": [2, 12.5, 2.5, 13], "rotation": 270, "texture": "#0"}
			}
		},
		{
			"name": "bow_pulling_2_130",
			"from": [7.5, -3, 10.5],
			"to": [8, -2.5, 11],
			"rotation": {"angle": -45, "axis": "x", "origin": [0, 0, 0]},
			"faces": {
				"north": {"uv": [2.5, 12.5, 3, 13], "texture": "#0"},
				"east": {"uv": [3, 12.5, 2.5, 13], "texture": "#0"},
				"south": {"uv": [2.5, 12.5, 3, 13], "texture": "#0"},
				"west": {"uv": [2.5, 12.5, 3, 13], "texture": "#0"},
				"up": {"uv": [2.5, 12.5, 3, 13], "rotation": 90, "texture": "#0"},
				"down": {"uv": [2.5, 12.5, 3, 13], "rotation": 270, "texture": "#0"}
			}
		},
		{
			"name": "bow_pulling_2_131",
			"from": [7.5, -3, 15.5],
			"to": [8, -2.5, 16],
			"rotation": {"angle": -45, "axis": "x", "origin": [0, 0, 0]},
			"faces": {
				"north": {"uv": [7.5, 12.5, 8, 13], "texture": "#0"},
				"east": {"uv": [8, 12.5, 7.5, 13], "texture": "#0"},
				"south": {"uv": [7.5, 12.5, 8, 13], "texture": "#0"},
				"west": {"uv": [7.5, 12.5, 8, 13], "texture": "#0"},
				"up": {"uv": [7.5, 12.5, 8, 13], "rotation": 90, "texture": "#0"},
				"down": {"uv": [7.5, 12.5, 8, 13], "rotation": 270, "texture": "#0"}
			}
		},
		{
			"name": "bow_pulling_2_132",
			"from": [7.5, -3, 16],
			"to": [8, -2.5, 16.5],
			"rotation": {"angle": -45, "axis": "x", "origin": [0, 0, 0]},
			"faces": {
				"north": {"uv": [8, 12.5, 8.5, 13], "texture": "#0"},
				"east": {"uv": [8.5, 12.5, 8, 13], "texture": "#0"},
				"south": {"uv": [8, 12.5, 8.5, 13], "texture": "#0"},
				"west": {"uv": [8, 12.5, 8.5, 13], "texture": "#0"},
				"up": {"uv": [8, 12.5, 8.5, 13], "rotation": 90, "texture": "#0"},
				"down": {"uv": [8, 12.5, 8.5, 13], "rotation": 270, "texture": "#0"}
			}
		},
		{
			"name": "bow_pulling_2_133",
			"from": [7.5, -3, 16.5],
			"to": [8, -2.5, 17],
			"rotation": {"angle": -45, "axis": "x", "origin": [0, 0, 0]},
			"faces": {
				"north": {"uv": [8.5, 12.5, 9, 13], "texture": "#0"},
				"east": {"uv": [9, 12.5, 8.5, 13], "texture": "#0"},
				"south": {"uv": [8.5, 12.5, 9, 13], "texture": "#0"},
				"west": {"uv": [8.5, 12.5, 9, 13], "texture": "#0"},
				"up": {"uv": [8.5, 12.5, 9, 13], "rotation": 90, "texture": "#0"},
				"down": {"uv": [8.5, 12.5, 9, 13], "rotation": 270, "texture": "#0"}
			}
		},
		{
			"name": "bow_pulling_2_134",
			"from": [7.5, -3, 17],
			"to": [8, -2.5, 17.5],
			"rotation": {"angle": -45, "axis": "x", "origin": [0, 0, 0]},
			"faces": {
				"north": {"uv": [9, 12.5, 9.5, 13], "texture": "#0"},
				"east": {"uv": [9.5, 12.5, 9, 13], "texture": "#0"},
				"south": {"uv": [9, 12.5, 9.5, 13], "texture": "#0"},
				"west": {"uv": [9, 12.5, 9.5, 13], "texture": "#0"},
				"up": {"uv": [9, 12.5, 9.5, 13], "rotation": 90, "texture": "#0"},
				"down": {"uv": [9, 12.5, 9.5, 13], "rotation": 270, "texture": "#0"}
			}
		},
		{
			"name": "bow_pulling_2_135",
			"from": [7.5, -3, 17.5],
			"to": [8, -2.5, 18],
			"rotation": {"angle": -45, "axis": "x", "origin": [0, 0, 0]},
			"faces": {
				"north": {"uv": [9.5, 12.5, 10, 13], "texture": "#0"},
				"east": {"uv": [10, 12.5, 9.5, 13], "texture": "#0"},
				"south": {"uv": [9.5, 12.5, 10, 13], "texture": "#0"},
				"west": {"uv": [9.5, 12.5, 10, 13], "texture": "#0"},
				"up": {"uv": [9.5, 12.5, 10, 13], "rotation": 90, "texture": "#0"},
				"down": {"uv": [9.5, 12.5, 10, 13], "rotation": 270, "texture": "#0"}
			}
		},
		{
			"name": "bow_pulling_2_136",
			"from": [7.5, -3.5, 10],
			"to": [8, -3, 10.5],
			"rotation": {"angle": -45, "axis": "x", "origin": [0, 0, 0]},
			"faces": {
				"north": {"uv": [2, 13, 2.5, 13.5], "texture": "#0"},
				"east": {"uv": [2.5, 13, 2, 13.5], "texture": "#0"},
				"south": {"uv": [2, 13, 2.5, 13.5], "texture": "#0"},
				"west": {"uv": [2, 13, 2.5, 13.5], "texture": "#0"},
				"up": {"uv": [2, 13, 2.5, 13.5], "rotation": 90, "texture": "#0"},
				"down": {"uv": [2, 13, 2.5, 13.5], "rotation": 270, "texture": "#0"}
			}
		},
		{
			"name": "bow_pulling_2_137",
			"from": [7.5, -3.5, 10.5],
			"to": [8, -3, 11],
			"rotation": {"angle": -45, "axis": "x", "origin": [0, 0, 0]},
			"faces": {
				"north": {"uv": [2.5, 13, 3, 13.5], "texture": "#0"},
				"east": {"uv": [3, 13, 2.5, 13.5], "texture": "#0"},
				"south": {"uv": [2.5, 13, 3, 13.5], "texture": "#0"},
				"west": {"uv": [2.5, 13, 3, 13.5], "texture": "#0"},
				"up": {"uv": [2.5, 13, 3, 13.5], "rotation": 90, "texture": "#0"},
				"down": {"uv": [2.5, 13, 3, 13.5], "rotation": 270, "texture": "#0"}
			}
		},
		{
			"name": "bow_pulling_2_138",
			"from": [7.5, -3.5, 15.5],
			"to": [8, -3, 16],
			"rotation": {"angle": -45, "axis": "x", "origin": [0, 0, 0]},
			"faces": {
				"north": {"uv": [7.5, 13, 8, 13.5], "texture": "#0"},
				"east": {"uv": [8, 13, 7.5, 13.5], "texture": "#0"},
				"south": {"uv": [7.5, 13, 8, 13.5], "texture": "#0"},
				"west": {"uv": [7.5, 13, 8, 13.5], "texture": "#0"},
				"up": {"uv": [7.5, 13, 8, 13.5], "rotation": 90, "texture": "#0"},
				"down": {"uv": [7.5, 13, 8, 13.5], "rotation": 270, "texture": "#0"}
			}
		},
		{
			"name": "bow_pulling_2_139",
			"from": [7.5, -3.5, 16],
			"to": [8, -3, 16.5],
			"rotation": {"angle": -45, "axis": "x", "origin": [0, 0, 0]},
			"faces": {
				"north": {"uv": [8, 13, 8.5, 13.5], "texture": "#0"},
				"east": {"uv": [8.5, 13, 8, 13.5], "texture": "#0"},
				"south": {"uv": [8, 13, 8.5, 13.5], "texture": "#0"},
				"west": {"uv": [8, 13, 8.5, 13.5], "texture": "#0"},
				"up": {"uv": [8, 13, 8.5, 13.5], "rotation": 90, "texture": "#0"},
				"down": {"uv": [8, 13, 8.5, 13.5], "rotation": 270, "texture": "#0"}
			}
		},
		{
			"name": "bow_pulling_2_140",
			"from": [7.5, -3.5, 16.5],
			"to": [8, -3, 17],
			"rotation": {"angle": -45, "axis": "x", "origin": [0, 0, 0]},
			"faces": {
				"north": {"uv": [8.5, 13, 9, 13.5], "texture": "#0"},
				"east": {"uv": [9, 13, 8.5, 13.5], "texture": "#0"},
				"south": {"uv": [8.5, 13, 9, 13.5], "texture": "#0"},
				"west": {"uv": [8.5, 13, 9, 13.5], "texture": "#0"},
				"up": {"uv": [8.5, 13, 9, 13.5], "rotation": 90, "texture": "#0"},
				"down": {"uv": [8.5, 13, 9, 13.5], "rotation": 270, "texture": "#0"}
			}
		},
		{
			"name": "bow_pulling_2_141",
			"from": [7.5, -3.5, 17],
			"to": [8, -3, 17.5],
			"rotation": {"angle": -45, "axis": "x", "origin": [0, 0, 0]},
			"faces": {
				"north": {"uv": [9, 13, 9.5, 13.5], "texture": "#0"},
				"east": {"uv": [9.5, 13, 9, 13.5], "texture": "#0"},
				"south": {"uv": [9, 13, 9.5, 13.5], "texture": "#0"},
				"west": {"uv": [9, 13, 9.5, 13.5], "texture": "#0"},
				"up": {"uv": [9, 13, 9.5, 13.5], "rotation": 90, "texture": "#0"},
				"down": {"uv": [9, 13, 9.5, 13.5], "rotation": 270, "texture": "#0"}
			}
		},
		{
			"name": "bow_pulling_2_142",
			"from": [7.5, -4, 10.5],
			"to": [8, -3.5, 11],
			"rotation": {"angle": -45, "axis": "x", "origin": [0, 0, 0]},
			"faces": {
				"north": {"uv": [2.5, 13.5, 3, 14], "texture": "#0"},
				"east": {"uv": [3, 13.5, 2.5, 14], "texture": "#0"},
				"south": {"uv": [2.5, 13.5, 3, 14], "texture": "#0"},
				"west": {"uv": [2.5, 13.5, 3, 14], "texture": "#0"},
				"up": {"uv": [2.5, 13.5, 3, 14], "rotation": 90, "texture": "#0"},
				"down": {"uv": [2.5, 13.5, 3, 14], "rotation": 270, "texture": "#0"}
			}
		},
		{
			"name": "bow_pulling_2_143",
			"from": [7.5, -4, 11],
			"to": [8, -3.5, 11.5],
			"rotation": {"angle": -45, "axis": "x", "origin": [0, 0, 0]},
			"faces": {
				"north": {"uv": [3, 13.5, 3.5, 14], "texture": "#0"},
				"east": {"uv": [3.5, 13.5, 3, 14], "texture": "#0"},
				"south": {"uv": [3, 13.5, 3.5, 14], "texture": "#0"},
				"west": {"uv": [3, 13.5, 3.5, 14], "texture": "#0"},
				"up": {"uv": [3, 13.5, 3.5, 14], "rotation": 90, "texture": "#0"},
				"down": {"uv": [3, 13.5, 3.5, 14], "rotation": 270, "texture": "#0"}
			}
		},
		{
			"name": "bow_pulling_2_144",
			"from": [7.5, -4, 16],
			"to": [8, -3.5, 16.5],
			"rotation": {"angle": -45, "axis": "x", "origin": [0, 0, 0]},
			"faces": {
				"north": {"uv": [8, 13.5, 8.5, 14], "texture": "#0"},
				"east": {"uv": [8.5, 13.5, 8, 14], "texture": "#0"},
				"south": {"uv": [8, 13.5, 8.5, 14], "texture": "#0"},
				"west": {"uv": [8, 13.5, 8.5, 14], "texture": "#0"},
				"up": {"uv": [8, 13.5, 8.5, 14], "rotation": 90, "texture": "#0"},
				"down": {"uv": [8, 13.5, 8.5, 14], "rotation": 270, "texture": "#0"}
			}
		},
		{
			"name": "bow_pulling_2_145",
			"from": [7.5, -4, 16.5],
			"to": [8, -3.5, 17],
			"rotation": {"angle": -45, "axis": "x", "origin": [0, 0, 0]},
			"faces": {
				"north": {"uv": [8.5, 13.5, 9, 14], "texture": "#0"},
				"east": {"uv": [9, 13.5, 8.5, 14], "texture": "#0"},
				"south": {"uv": [8.5, 13.5, 9, 14], "texture": "#0"},
				"west": {"uv": [8.5, 13.5, 9, 14], "texture": "#0"},
				"up": {"uv": [8.5, 13.5, 9, 14], "rotation": 90, "texture": "#0"},
				"down": {"uv": [8.5, 13.5, 9, 14], "rotation": 270, "texture": "#0"}
			}
		},
		{
			"name": "bow_pulling_2_146",
			"from": [7.5, -4.5, 10.5],
			"to": [8, -4, 11],
			"rotation": {"angle": -45, "axis": "x", "origin": [0, 0, 0]},
			"faces": {
				"north": {"uv": [2.5, 14, 3, 14.5], "texture": "#0"},
				"east": {"uv": [3, 14, 2.5, 14.5], "texture": "#0"},
				"south": {"uv": [2.5, 14, 3, 14.5], "texture": "#0"},
				"west": {"uv": [2.5, 14, 3, 14.5], "texture": "#0"},
				"up": {"uv": [2.5, 14, 3, 14.5], "rotation": 90, "texture": "#0"},
				"down": {"uv": [2.5, 14, 3, 14.5], "rotation": 270, "texture": "#0"}
			}
		},
		{
			"name": "bow_pulling_2_147",
			"from": [7.5, -4.5, 11],
			"to": [8, -4, 11.5],
			"rotation": {"angle": -45, "axis": "x", "origin": [0, 0, 0]},
			"faces": {
				"north": {"uv": [3, 14, 3.5, 14.5], "texture": "#0"},
				"east": {"uv": [3.5, 14, 3, 14.5], "texture": "#0"},
				"south": {"uv": [3, 14, 3.5, 14.5], "texture": "#0"},
				"west": {"uv": [3, 14, 3.5, 14.5], "texture": "#0"},
				"up": {"uv": [3, 14, 3.5, 14.5], "rotation": 90, "texture": "#0"},
				"down": {"uv": [3, 14, 3.5, 14.5], "rotation": 270, "texture": "#0"}
			}
		},
		{
			"name": "bow_pulling_2_148",
			"from": [7.5, -4.5, 13.5],
			"to": [8, -4, 14],
			"rotation": {"angle": -45, "axis": "x", "origin": [0, 0, 0]},
			"faces": {
				"north": {"uv": [5.5, 14, 6, 14.5], "texture": "#0"},
				"east": {"uv": [6, 14, 5.5, 14.5], "texture": "#0"},
				"south": {"uv": [5.5, 14, 6, 14.5], "texture": "#0"},
				"west": {"uv": [5.5, 14, 6, 14.5], "texture": "#0"},
				"up": {"uv": [5.5, 14, 6, 14.5], "rotation": 90, "texture": "#0"},
				"down": {"uv": [5.5, 14, 6, 14.5], "rotation": 270, "texture": "#0"}
			}
		},
		{
			"name": "bow_pulling_2_149",
			"from": [7.5, -4.5, 14],
			"to": [8, -4, 14.5],
			"rotation": {"angle": -45, "axis": "x", "origin": [0, 0, 0]},
			"faces": {
				"north": {"uv": [6, 14, 6.5, 14.5], "texture": "#0"},
				"east": {"uv": [6.5, 14, 6, 14.5], "texture": "#0"},
				"south": {"uv": [6, 14, 6.5, 14.5], "texture": "#0"},
				"west": {"uv": [6, 14, 6.5, 14.5], "texture": "#0"},
				"up": {"uv": [6, 14, 6.5, 14.5], "rotation": 90, "texture": "#0"},
				"down": {"uv": [6, 14, 6.5, 14.5], "rotation": 270, "texture": "#0"}
			}
		},
		{
			"name": "bow_pulling_2_150",
			"from": [7.5, -4.5, 14.5],
			"to": [8, -4, 15],
			"rotation": {"angle": -45, "axis": "x", "origin": [0, 0, 0]},
			"faces": {
				"north": {"uv": [6.5, 14, 7, 14.5], "texture": "#0"},
				"east": {"uv": [7, 14, 6.5, 14.5], "texture": "#0"},
				"south": {"uv": [6.5, 14, 7, 14.5], "texture": "#0"},
				"west": {"uv": [6.5, 14, 7, 14.5], "texture": "#0"},
				"up": {"uv": [6.5, 14, 7, 14.5], "rotation": 90, "texture": "#0"},
				"down": {"uv": [6.5, 14, 7, 14.5], "rotation": 270, "texture": "#0"}
			}
		},
		{
			"name": "bow_pulling_2_151",
			"from": [7.5, -4.5, 15],
			"to": [8, -4, 15.5],
			"rotation": {"angle": -45, "axis": "x", "origin": [0, 0, 0]},
			"faces": {
				"north": {"uv": [7, 14, 7.5, 14.5], "texture": "#0"},
				"east": {"uv": [7.5, 14, 7, 14.5], "texture": "#0"},
				"south": {"uv": [7, 14, 7.5, 14.5], "texture": "#0"},
				"west": {"uv": [7, 14, 7.5, 14.5], "texture": "#0"},
				"up": {"uv": [7, 14, 7.5, 14.5], "rotation": 90, "texture": "#0"},
				"down": {"uv": [7, 14, 7.5, 14.5], "rotation": 270, "texture": "#0"}
			}
		},
		{
			"name": "bow_pulling_2_152",
			"from": [7.5, -4.5, 15.5],
			"to": [8, -4, 16],
			"rotation": {"angle": -45, "axis": "x", "origin": [0, 0, 0]},
			"faces": {
				"north": {"uv": [7.5, 14, 8, 14.5], "texture": "#0"},
				"east": {"uv": [8, 14, 7.5, 14.5], "texture": "#0"},
				"south": {"uv": [7.5, 14, 8, 14.5], "texture": "#0"},
				"west": {"uv": [7.5, 14, 8, 14.5], "texture": "#0"},
				"up": {"uv": [7.5, 14, 8, 14.5], "rotation": 90, "texture": "#0"},
				"down": {"uv": [7.5, 14, 8, 14.5], "rotation": 270, "texture": "#0"}
			}
		},
		{
			"name": "bow_pulling_2_153",
			"from": [7.5, -4.5, 16],
			"to": [8, -4, 16.5],
			"rotation": {"angle": -45, "axis": "x", "origin": [0, 0, 0]},
			"faces": {
				"north": {"uv": [8, 14, 8.5, 14.5], "texture": "#0"},
				"east": {"uv": [8.5, 14, 8, 14.5], "texture": "#0"},
				"south": {"uv": [8, 14, 8.5, 14.5], "texture": "#0"},
				"west": {"uv": [8, 14, 8.5, 14.5], "texture": "#0"},
				"up": {"uv": [8, 14, 8.5, 14.5], "rotation": 90, "texture": "#0"},
				"down": {"uv": [8, 14, 8.5, 14.5], "rotation": 270, "texture": "#0"}
			}
		},
		{
			"name": "bow_pulling_2_154",
			"from": [7.5, -5, 10.5],
			"to": [8, -4.5, 11],
			"rotation": {"angle": -45, "axis": "x", "origin": [0, 0, 0]},
			"faces": {
				"north": {"uv": [2.5, 14.5, 3, 15], "texture": "#0"},
				"east": {"uv": [3, 14.5, 2.5, 15], "texture": "#0"},
				"south": {"uv": [2.5, 14.5, 3, 15], "texture": "#0"},
				"west": {"uv": [2.5, 14.5, 3, 15], "texture": "#0"},
				"up": {"uv": [2.5, 14.5, 3, 15], "rotation": 90, "texture": "#0"},
				"down": {"uv": [2.5, 14.5, 3, 15], "rotation": 270, "texture": "#0"}
			}
		},
		{
			"name": "bow_pulling_2_155",
			"from": [7.5, -5, 11],
			"to": [8, -4.5, 11.5],
			"rotation": {"angle": -45, "axis": "x", "origin": [0, 0, 0]},
			"faces": {
				"north": {"uv": [3, 14.5, 3.5, 15], "texture": "#0"},
				"east": {"uv": [3.5, 14.5, 3, 15], "texture": "#0"},
				"south": {"uv": [3, 14.5, 3.5, 15], "texture": "#0"},
				"west": {"uv": [3, 14.5, 3.5, 15], "texture": "#0"},
				"up": {"uv": [3, 14.5, 3.5, 15], "rotation": 90, "texture": "#0"},
				"down": {"uv": [3, 14.5, 3.5, 15], "rotation": 270, "texture": "#0"}
			}
		},
		{
			"name": "bow_pulling_2_156",
			"from": [7.5, -5, 11.5],
			"to": [8, -4.5, 12],
			"rotation": {"angle": -45, "axis": "x", "origin": [0, 0, 0]},
			"faces": {
				"north": {"uv": [3.5, 14.5, 4, 15], "texture": "#0"},
				"east": {"uv": [4, 14.5, 3.5, 15], "texture": "#0"},
				"south": {"uv": [3.5, 14.5, 4, 15], "texture": "#0"},
				"west": {"uv": [3.5, 14.5, 4, 15], "texture": "#0"},
				"up": {"uv": [3.5, 14.5, 4, 15], "rotation": 90, "texture": "#0"},
				"down": {"uv": [3.5, 14.5, 4, 15], "rotation": 270, "texture": "#0"}
			}
		},
		{
			"name": "bow_pulling_2_157",
			"from": [7.5, -5, 12],
			"to": [8, -4.5, 12.5],
			"rotation": {"angle": -45, "axis": "x", "origin": [0, 0, 0]},
			"faces": {
				"north": {"uv": [4, 14.5, 4.5, 15], "texture": "#0"},
				"east": {"uv": [4.5, 14.5, 4, 15], "texture": "#0"},
				"south": {"uv": [4, 14.5, 4.5, 15], "texture": "#0"},
				"west": {"uv": [4, 14.5, 4.5, 15], "texture": "#0"},
				"up": {"uv": [4, 14.5, 4.5, 15], "rotation": 90, "texture": "#0"},
				"down": {"uv": [4, 14.5, 4.5, 15], "rotation": 270, "texture": "#0"}
			}
		},
		{
			"name": "bow_pulling_2_158",
			"from": [7.5, -5, 12.5],
			"to": [8, -4.5, 13],
			"rotation": {"angle": -45, "axis": "x", "origin": [0, 0, 0]},
			"faces": {
				"north": {"uv": [4.5, 14.5, 5, 15], "texture": "#0"},
				"east": {"uv": [5, 14.5, 4.5, 15], "texture": "#0"},
				"south": {"uv": [4.5, 14.5, 5, 15], "texture": "#0"},
				"west": {"uv": [4.5, 14.5, 5, 15], "texture": "#0"},
				"up": {"uv": [4.5, 14.5, 5, 15], "rotation": 90, "texture": "#0"},
				"down": {"uv": [4.5, 14.5, 5, 15], "rotation": 270, "texture": "#0"}
			}
		},
		{
			"name": "bow_pulling_2_159",
			"from": [7.5, -5, 13],
			"to": [8, -4.5, 13.5],
			"rotation": {"angle": -45, "axis": "x", "origin": [0, 0, 0]},
			"faces": {
				"north": {"uv": [5, 14.5, 5.5, 15], "texture": "#0"},
				"east": {"uv": [5.5, 14.5, 5, 15], "texture": "#0"},
				"south": {"uv": [5, 14.5, 5.5, 15], "texture": "#0"},
				"west": {"uv": [5, 14.5, 5.5, 15], "texture": "#0"},
				"up": {"uv": [5, 14.5, 5.5, 15], "rotation": 90, "texture": "#0"},
				"down": {"uv": [5, 14.5, 5.5, 15], "rotation": 270, "texture": "#0"}
			}
		},
		{
			"name": "bow_pulling_2_160",
			"from": [7.5, -5, 13.5],
			"to": [8, -4.5, 14],
			"rotation": {"angle": -45, "axis": "x", "origin": [0, 0, 0]},
			"faces": {
				"north": {"uv": [5.5, 14.5, 6, 15], "texture": "#0"},
				"east": {"uv": [6, 14.5, 5.5, 15], "texture": "#0"},
				"south": {"uv": [5.5, 14.5, 6, 15], "texture": "#0"},
				"west": {"uv": [5.5, 14.5, 6, 15], "texture": "#0"},
				"up": {"uv": [5.5, 14.5, 6, 15], "rotation": 90, "texture": "#0"},
				"down": {"uv": [5.5, 14.5, 6, 15], "rotation": 270, "texture": "#0"}
			}
		},
		{
			"name": "bow_pulling_2_161",
			"from": [7.5, -5, 14],
			"to": [8, -4.5, 14.5],
			"rotation": {"angle": -45, "axis": "x", "origin": [0, 0, 0]},
			"faces": {
				"north": {"uv": [6, 14.5, 6.5, 15], "texture": "#0"},
				"east": {"uv": [6.5, 14.5, 6, 15], "texture": "#0"},
				"south": {"uv": [6, 14.5, 6.5, 15], "texture": "#0"},
				"west": {"uv": [6, 14.5, 6.5, 15], "texture": "#0"},
				"up": {"uv": [6, 14.5, 6.5, 15], "rotation": 90, "texture": "#0"},
				"down": {"uv": [6, 14.5, 6.5, 15], "rotation": 270, "texture": "#0"}
			}
		},
		{
			"name": "bow_pulling_2_162",
			"from": [7.5, -5, 14.5],
			"to": [8, -4.5, 15],
			"rotation": {"angle": -45, "axis": "x", "origin": [0, 0, 0]},
			"faces": {
				"north": {"uv": [6.5, 14.5, 7, 15], "texture": "#0"},
				"east": {"uv": [7, 14.5, 6.5, 15], "texture": "#0"},
				"south": {"uv": [6.5, 14.5, 7, 15], "texture": "#0"},
				"west": {"uv": [6.5, 14.5, 7, 15], "texture": "#0"},
				"up": {"uv": [6.5, 14.5, 7, 15], "rotation": 90, "texture": "#0"},
				"down": {"uv": [6.5, 14.5, 7, 15], "rotation": 270, "texture": "#0"}
			}
		},
		{
			"name": "bow_pulling_2_163",
			"from": [7.5, -5, 15],
			"to": [8, -4.5, 15.5],
			"rotation": {"angle": -45, "axis": "x", "origin": [0, 0, 0]},
			"faces": {
				"north": {"uv": [7, 14.5, 7.5, 15], "texture": "#0"},
				"east": {"uv": [7.5, 14.5, 7, 15], "texture": "#0"},
				"south": {"uv": [7, 14.5, 7.5, 15], "texture": "#0"},
				"west": {"uv": [7, 14.5, 7.5, 15], "texture": "#0"},
				"up": {"uv": [7, 14.5, 7.5, 15], "rotation": 90, "texture": "#0"},
				"down": {"uv": [7, 14.5, 7.5, 15], "rotation": 270, "texture": "#0"}
			}
		},
		{
			"name": "bow_pulling_2_164",
			"from": [7.5, -5, 15.5],
			"to": [8, -4.5, 16],
			"rotation": {"angle": -45, "axis": "x", "origin": [0, 0, 0]},
			"faces": {
				"north": {"uv": [7.5, 14.5, 8, 15], "texture": "#0"},
				"east": {"uv": [8, 14.5, 7.5, 15], "texture": "#0"},
				"south": {"uv": [7.5, 14.5, 8, 15], "texture": "#0"},
				"west": {"uv": [7.5, 14.5, 8, 15], "texture": "#0"},
				"up": {"uv": [7.5, 14.5, 8, 15], "rotation": 90, "texture": "#0"},
				"down": {"uv": [7.5, 14.5, 8, 15], "rotation": 270, "texture": "#0"}
			}
		},
		{
			"name": "bow_pulling_2_165",
			"from": [7.5, -5.5, 10],
			"to": [8, -5, 10.5],
			"rotation": {"angle": -45, "axis": "x", "origin": [0, 0, 0]},
			"faces": {
				"north": {"uv": [2, 15, 2.5, 15.5], "texture": "#0"},
				"east": {"uv": [2.5, 15, 2, 15.5], "texture": "#0"},
				"south": {"uv": [2, 15, 2.5, 15.5], "texture": "#0"},
				"west": {"uv": [2, 15, 2.5, 15.5], "texture": "#0"},
				"up": {"uv": [2, 15, 2.5, 15.5], "rotation": 90, "texture": "#0"},
				"down": {"uv": [2, 15, 2.5, 15.5], "rotation": 270, "texture": "#0"}
			}
		},
		{
			"name": "bow_pulling_2_166",
			"from": [7.5, -5.5, 10.5],
			"to": [8, -5, 11],
			"rotation": {"angle": -45, "axis": "x", "origin": [0, 0, 0]},
			"faces": {
				"north": {"uv": [2.5, 15, 3, 15.5], "texture": "#0"},
				"east": {"uv": [3, 15, 2.5, 15.5], "texture": "#0"},
				"south": {"uv": [2.5, 15, 3, 15.5], "texture": "#0"},
				"west": {"uv": [2.5, 15, 3, 15.5], "texture": "#0"},
				"up": {"uv": [2.5, 15, 3, 15.5], "rotation": 90, "texture": "#0"},
				"down": {"uv": [2.5, 15, 3, 15.5], "rotation": 270, "texture": "#0"}
			}
		},
		{
			"name": "bow_pulling_2_167",
			"from": [7.5, -5.5, 11],
			"to": [8, -5, 11.5],
			"rotation": {"angle": -45, "axis": "x", "origin": [0, 0, 0]},
			"faces": {
				"north": {"uv": [3, 15, 3.5, 15.5], "texture": "#0"},
				"east": {"uv": [3.5, 15, 3, 15.5], "texture": "#0"},
				"south": {"uv": [3, 15, 3.5, 15.5], "texture": "#0"},
				"west": {"uv": [3, 15, 3.5, 15.5], "texture": "#0"},
				"up": {"uv": [3, 15, 3.5, 15.5], "rotation": 90, "texture": "#0"},
				"down": {"uv": [3, 15, 3.5, 15.5], "rotation": 270, "texture": "#0"}
			}
		},
		{
			"name": "bow_pulling_2_168",
			"from": [7.5, -5.5, 11.5],
			"to": [8, -5, 12],
			"rotation": {"angle": -45, "axis": "x", "origin": [0, 0, 0]},
			"faces": {
				"north": {"uv": [3.5, 15, 4, 15.5], "texture": "#0"},
				"east": {"uv": [4, 15, 3.5, 15.5], "texture": "#0"},
				"south": {"uv": [3.5, 15, 4, 15.5], "texture": "#0"},
				"west": {"uv": [3.5, 15, 4, 15.5], "texture": "#0"},
				"up": {"uv": [3.5, 15, 4, 15.5], "rotation": 90, "texture": "#0"},
				"down": {"uv": [3.5, 15, 4, 15.5], "rotation": 270, "texture": "#0"}
			}
		},
		{
			"name": "bow_pulling_2_169",
			"from": [7.5, -5.5, 12],
			"to": [8, -5, 12.5],
			"rotation": {"angle": -45, "axis": "x", "origin": [0, 0, 0]},
			"faces": {
				"north": {"uv": [4, 15, 4.5, 15.5], "texture": "#0"},
				"east": {"uv": [4.5, 15, 4, 15.5], "texture": "#0"},
				"south": {"uv": [4, 15, 4.5, 15.5], "texture": "#0"},
				"west": {"uv": [4, 15, 4.5, 15.5], "texture": "#0"},
				"up": {"uv": [4, 15, 4.5, 15.5], "rotation": 90, "texture": "#0"},
				"down": {"uv": [4, 15, 4.5, 15.5], "rotation": 270, "texture": "#0"}
			}
		},
		{
			"name": "bow_pulling_2_170",
			"from": [7.5, -5.5, 12.5],
			"to": [8, -5, 13],
			"rotation": {"angle": -45, "axis": "x", "origin": [0, 0, 0]},
			"faces": {
				"north": {"uv": [4.5, 15, 5, 15.5], "texture": "#0"},
				"east": {"uv": [5, 15, 4.5, 15.5], "texture": "#0"},
				"south": {"uv": [4.5, 15, 5, 15.5], "texture": "#0"},
				"west": {"uv": [4.5, 15, 5, 15.5], "texture": "#0"},
				"up": {"uv": [4.5, 15, 5, 15.5], "rotation": 90, "texture": "#0"},
				"down": {"uv": [4.5, 15, 5, 15.5], "rotation": 270, "texture": "#0"}
			}
		},
		{
			"name": "bow_pulling_2_171",
			"from": [7.5, -5.5, 13],
			"to": [8, -5, 13.5],
			"rotation": {"angle": -45, "axis": "x", "origin": [0, 0, 0]},
			"faces": {
				"north": {"uv": [5, 15, 5.5, 15.5], "texture": "#0"},
				"east": {"uv": [5.5, 15, 5, 15.5], "texture": "#0"},
				"south": {"uv": [5, 15, 5.5, 15.5], "texture": "#0"},
				"west": {"uv": [5, 15, 5.5, 15.5], "texture": "#0"},
				"up": {"uv": [5, 15, 5.5, 15.5], "rotation": 90, "texture": "#0"},
				"down": {"uv": [5, 15, 5.5, 15.5], "rotation": 270, "texture": "#0"}
			}
		},
		{
			"name": "bow_pulling_2_172",
			"from": [7.5, -6, 10],
			"to": [8, -5.5, 10.5],
			"rotation": {"angle": -45, "axis": "x", "origin": [0, 0, 0]},
			"faces": {
				"north": {"uv": [2, 15.5, 2.5, 16], "texture": "#0"},
				"east": {"uv": [2.5, 15.5, 2, 16], "texture": "#0"},
				"south": {"uv": [2, 15.5, 2.5, 16], "texture": "#0"},
				"west": {"uv": [2, 15.5, 2.5, 16], "texture": "#0"},
				"up": {"uv": [2, 15.5, 2.5, 16], "rotation": 90, "texture": "#0"},
				"down": {"uv": [2, 15.5, 2.5, 16], "rotation": 270, "texture": "#0"}
			}
		},
		{
			"name": "bow_pulling_2_173",
			"from": [7.5, -6, 10.5],
			"to": [8, -5.5, 11],
			"rotation": {"angle": -45, "axis": "x", "origin": [0, 0, 0]},
			"faces": {
				"north": {"uv": [2.5, 15.5, 3, 16], "texture": "#0"},
				"east": {"uv": [3, 15.5, 2.5, 16], "texture": "#0"},
				"south": {"uv": [2.5, 15.5, 3, 16], "texture": "#0"},
				"west": {"uv": [2.5, 15.5, 3, 16], "texture": "#0"},
				"up": {"uv": [2.5, 15.5, 3, 16], "rotation": 90, "texture": "#0"},
				"down": {"uv": [2.5, 15.5, 3, 16], "rotation": 270, "texture": "#0"}
			}
		},
		{
			"name": "bow_pulling_2_174",
			"from": [7.5, -6, 11],
			"to": [8, -5.5, 11.5],
			"rotation": {"angle": -45, "axis": "x", "origin": [0, 0, 0]},
			"faces": {
				"north": {"uv": [3, 15.5, 3.5, 16], "texture": "#0"},
				"east": {"uv": [3.5, 15.5, 3, 16], "texture": "#0"},
				"south": {"uv": [3, 15.5, 3.5, 16], "texture": "#0"},
				"west": {"uv": [3, 15.5, 3.5, 16], "texture": "#0"},
				"up": {"uv": [3, 15.5, 3.5, 16], "rotation": 90, "texture": "#0"},
				"down": {"uv": [3, 15.5, 3.5, 16], "rotation": 270, "texture": "#0"}
			}
		}
	],
	"gui_light": "front",
	"display": {
		"thirdperson_righthand": {
			"rotation": [0, -9, 5.75],
			"translation": [-0.75, -2.75, 1],
			"scale": [1.55859, 1.75, 1.37891]
		},
		"thirdperson_lefthand": {
			"rotation": [0, -9, 5.75],
			"translation": [-0.75, -2.75, 1],
			"scale": [-1.55859, 1.75, 1.37891]
		},
		"firstperson_righthand": {
			"rotation": [0, 0, 11.5],
			"translation": [0, 4.25, 0]
		},
		"firstperson_lefthand": {
			"rotation": [0, 0, 11.5],
			"translation": [0, 4.25, 0]
		},
		"ground": {
			"translation": [0, -1.5, 0],
			"scale": [0.5, 0.5, 0.5]
		},
		"gui": {
			"rotation": [90, 45, -90],
			"translation": [-3.5, 0, 0],
			"scale": [1.3, 1.3, 1.3]
		},
		"head": {
			"rotation": [-90, 135, 90],
			"translation": [-3, -15, 5.25],
			"scale": [1.5, 1.5, 1.5]
		},
		"fixed": {
			"rotation": [-90, -135, -90],
			"translation": [4.25, 0, 0],
			"scale": [1.6, 1.6, 1.6]
		}
	},
	"groups": [
		{
			"name": "bow_pulling_2",
			"origin": [8, 8, 8],
			"color": 0,
			"children": [
				0,
				1,
				2,
				3,
				4,
				5,
				6,
				7,
				8,
				9,
				10,
				11,
				12,
				13,
				14,
				15,
				16,
				17,
				18,
				19,
				20,
				21,
				22,
				23,
				24,
				25,
				26,
				27,
				28,
				29,
				30,
				31,
				32,
				33,
				34,
				35,
				36,
				37,
				38,
				39,
				40,
				41,
				42,
				43,
				44,
				45,
				46,
				47,
				48,
				49,
				50,
				51,
				52,
				53,
				54,
				55,
				56,
				57,
				58,
				59,
				60,
				61,
				62,
				63,
				64,
				65,
				66,
				67,
				68,
				69,
				70,
				71,
				72,
				73,
				74,
				75,
				76,
				77,
				78,
				79,
				80,
				81,
				82,
				83,
				84,
				85,
				86,
				87,
				88,
				89,
				90,
				91,
				92,
				93,
				94,
				95,
				96,
				97,
				98,
				99,
				100,
				101,
				102,
				103,
				104,
				105,
				106,
				107,
				108,
				109,
				110,
				111,
				112,
				113,
				114,
				115,
				116,
				117,
				118,
				119,
				120,
				121,
				122,
				123,
				124,
				125,
				126,
				127,
				128,
				129,
				130,
				131,
				132,
				133,
				134,
				135,
				136,
				137,
				138,
				139,
				140,
				141,
				142,
				143,
				144,
				145,
				146,
				147,
				148,
				149,
				150,
				151,
				152,
				153,
				154,
				155,
				156,
				157,
				158,
				159,
				160,
				161,
				162,
				163,
				164,
				165,
				166,
				167,
				168,
				169,
				170,
				171,
				172,
				173,
				174
			]
		}
	]
}