{
    "parent": "item/generated",
    "display": {
        "thirdperson_righthand": {
            "rotation": [ 0, -90, 55 ],
            "translation": [ 0, 10, -0.5 ],
            "scale": [ 1.5, 1.5, 0.8 ]
        },
        "thirdperson_lefthand": {
            "rotation": [ 0, 90, -55 ],
            "translation": [ 0, 10, -0.5 ],
            "scale": [ 1.5, 1.5, 0.8 ]
        },
        "firstperson_righthand": {
            "rotation": [ 0, -90, 75 ],
            "translation": [ 1.13, 6, 1.13 ],
            "scale": [ 1.5, 1.5, 0.8 ]
        },
        "firstperson_lefthand": {
            "rotation": [ 0, 90, -75 ],
            "translation": [ 1.13, 6, 1.13 ],
            "scale": [ 1.5, 1.5, 0.8 ]
        },
	"gui": {
	    "rotation": [0, 0, 0],
	    "translation": [2.5, 2.5, 0],
	    "scale": [1.3, 1.3, 1.0]
	},
	"fixed": {
	    "rotation": [0, 180, 0],
	    "translation": [-3, 3, 0],
	    "scale": [1.6, 1.6, 1.0]
	}
    }
}